passenger_id_hash,first_name_masked,last_name_masked,age,gender,email_hash,phone_hash,aadhaar_hash,birth_year
031a60e86398d41d18e79ffcedc168a3e137eec8e808ff3a26712c897d0c854a,V****n,C********e,52,F,86ebf4745fa93e45ba826eff0d227a18f8c65329d6a9ac88008d402bb58eaedd,d254e34512e7e456e1b1713f7584492aaa0e014d072f36e9bd801f62216d4219,99466baa9b8fe69a6f31db34c87d50f0e9a488eda788f3fdce1c00e09a316285,1974
61d0f276b7160f04f92ce7d852f04296612a23d85e104124985a1e3f1afb6a25,K*****a,R***y,15,M,17744128240944e417f265a838038b2ee3f6573e74d15d7e6e6f06b760e8052d,c1c4f343ca8c0075d18e63d34b2dfa1ea896fb1a8ebb37379c7f39c77ae01f03,6d05ccbeb5011dd59948b882fff86e1a6f7fc0cf41f6598b385f58558830ac18,2011
c5baeafae225ad4d584ec322dd47d1bdde1c4e989d7169403652ed2e9779be5e,M**a,N***u,72,M,884533acfd5cfbe6787f3d61f07ed253a19430b8d412be406df81e6264f34501,bbb0f22af3e01021a7f0bbbc1d659f0dafb36610f77695cd0593ddfc20d925f9,3e24ac79e2c956797c22051676644d26204cc4de0f203e1bf3aec0d9ea8e0d3f,1954
eeae6e0fb3e9e763d79dde942b8480b918448aefc3d5384988bcfc2c7863997a,M**a,M****a,61,F,844b61f750119ea14552675bc6a98c16274d32fa6d9f4949607d8190fd7b2836,a0ae77b555b82560695b5a1133bb5a6cc30866c19fbc141e3255f11da3204978,4e880723014ee24b39f0213150496f3efb9faa3f62d335c2248452b7c6ddc7e6,1965
6533dc26f5dafb4abea1d39bc6d918a37c172db64bb11d63cbdb7fb274083d15,S****i,B******e,21,M,3d941c6227ef310fc68146f452ce49dd5c5539e326eacb7c4bccf13675fcd814,7428193446b16270dae5c09793ea0d3391d0fef3f38f873bee4569fe59f9faf0,3ca09c31f18da71ad2bc39cb3cbb387c38a9cd5ad37239eb8ca5ac19c8c18ac1,2005
eb2dfae377ce8e908f0e80b3afbdc98f2ed93b2f5a500c636a2d717fb642eb90,R*****h,J***i,83,M,91a28ca5ed6e942eb7e54140d14c361e5edaaa6f305fb15a89c8b3ae0a7255a1,3d634eb76aee2bd3bf6f412ee375202c1f1f805a71a0fd6a12c6c78f69db331d,65d58b4376cbd17ce184315d6c330b5e6e926e15fcb9da075dcfea8f0fee1cfe,1943
6db11620a17d5f39a6f4f347ad59e54eab82425e10237ae79bae9fc7f0c73224,K***a,N**r,87,M,8ee9bc9a46aa45d48fa2d2801f45288618e698f7fecdc03caed5310a1747c1af,84c34ab81187a4f13cc48039986561705b5dc307c99a07aff3c1686f82cf5c60,2b1c48782995bca7651b32a296333e0f8719bc8b98a27877ccf03c696c89f9bb,1939
6be38161a7cef8c4ab45de42d2e5fca136a4a7606fe53008106bf958e1fa0b73,S**a,J***i,75,M,101ada030e5a677fcdbfa4a3a8e4b9cdd1e177ece26da937f90efe3628286a6b,5e754897405226281b72175d8c2722078e423ccbe6579706d3ae30f88fbfcff1,13a51896795a68872c530ba9328d2a05de81c12824abd57c62fbad2a026acc33,1951
79d3e921288b3e1edc7d0293236688e782d509d35365d799481a628bbf783ecb,K***a,P****i,75,M,e7346ba97e67eeac9bbe73e2cdd097591afa51f1349139553399e873bc2e1467,c9edda5c670048f8d62db2b38d91a6b5f03513ee9db4566bcd27bdd60442bab3,184b6d895f7c0fd560b885720ee72b5de5ee102df5f112d64c6b724d12bb24fd,1951
f22c8323f1e52afbe516baef22b167bdfdbf8f0e5ee95b36f2a65fdbff743d7d,S*i,K******i,88,M,b8cd0291778e0186c7d139b8f964eb7836e3490750a8d59fa3a76d94232cde42,1e36f4643c66b756c88f570299e070a9040a47f37ba9ff3a2dbeb4405b8715ab,7152cf63fa78e06f15efe34fefe6158e1f8a85cb1ea49545581a0a7af42195d8,1938
1c77e2c0ae663dbb710db96779fc9565bb5d430e26051ac48b48268eb6f31c09,S*i,A*****l,24,M,10f1681e7e0d98aae31b49e41824ae2ae8509a661d5c27c2f0f7aad47dedfaef,d955cbb2ec3127865f42eb5b65aa18649bf8a91c7e2866aa095009d4d482da1c,6ccbdd4d650e0d64ce86d6e145d8f2b0c07aec9989fcbf2c660d39c96f3e3114,2002
c778c14fe604ebd8110269e845512adeb743b9756d3c57402cb17a108a3de500,S**a,N***u,3,M,1221ed9d81540f2b9d885bf41febf2776e39ae3ef2ac673c0a0be31bc30e1a49,4b0a70786786fa0099832c270077a8393d98141cf4aefb99182976df2d7646be,6ec260924a1a8d6aa59b677aa509e0b8d3c83744bc682bae7f4afa4b22860ddc,2023
b452f773ffff3926beaaad32ab667feca29d88e78d63af3d188e475c318f0619,A***n,P***l,22,M,6f59b96974cf7af07fac1698a5c8218c43b24dd533ae15e1eaf1dad837cb36f0,b29a0aff2037e9f5a390ac798a0d1431e5f2f95624bfd663423e4f58b625446c,f0eaffffe232a66363df74d13a400ee0f1cf3831fb76cec3e949c15746ccb8f9,2004
b096a49f0236663227b9349e270cc5f2ad32d485d93865e0d4cb2488c769f768,S**a,I**r,53,M,278d6fdec8ac4cd6f838ef8eb2ca552e4d4b3f3427d8f01fa41a3eb1694e4926,6dc7be6e86bf690bf9baec1655be99151d284058c4b375820d2f738ac115cdfe,01f603c86d6008c8305f292caf52f66c75cf7cd6a4be06f8d783b728fc025429,1973
c779f512085d330483b1cafebadd103b9f1bebac4f9330906ad987c973bdfc72,A***a,B******e,2,F,42c56f5aac6eaaebb5c3a95cb82ec6b77703e8f79c302c47f4fc59c4d8cbcfe5,8be5283cb5b43d0abae9ef2a130d29d4a94af4f2a256992c9503fc759235baf8,f43bad82f1ea88b19fcd0c24acd414afa64f6aabe5b57580da7857b110f5d61a,2024
79bfd5dc59b585de98a96bc123673a45df114171ea2f649f20cdb96008c54d3e,A****a,V***a,88,F,9b4fc6db9b06c6074f9091ee0436a8cef92fdc5fa9c628b2c00be5c4f12002e4,1fa01e8a7d1c8c239c661b0bc05c92997df2256ea61daf356d33d017619d3143,d70bbd933fb62ae559b38998053c0fef4e5ea8498d7056cec5906af99cad0a16,1938
a41aa336bdc7df1d3bea1213766b0634d96c32553c29944da7da1b2c140dbf6f,V****n,N***u,30,M,0d5594d60bddeb1af8e5545806366be097417dd8f45702f94e51971ac72edd3d,d847ac0dfff4aaeffbe6b35cdb16e03c9c198c1aee36f4161b4e4d0a29fb0ceb,b740b55080e3f5e987b1e613f84e3f5e550281a34627b8e44b8ce5926d7a2e0c,1996
cb4595eab2647a242da165867fc7547acb0bcb9b371785952c592621033867d4,R*****h,C********e,38,F,50890e10e1d0e4e9ef0951e4605206693d0db359b50c3509949d87276c982319,e6092ce340bc878861cc66570d04f011a70c624d82a107a2bcd43c56e6e04207,e3e68bc9aef666c21568e5d5fcbc935c05a43988620fa2122f2d4f6f77b8d1ca,1988
dd9d5b3ecfa8ddc2ce35509e8abc8cec15eeae4151b6e7075104f4d8ad41ba38,I*a,G***h,2,F,6967c717bc43783fc9c2deb3d291651ab09ebfb8f6d4d75b6a92e7fa33c6c84b,861663d826e861617da4f3f9fccb593bbdd00e8fc4d64fdefa678597594fdea2,dd0512da8f3fc09b12e4651f08c32fdb27d2264aa85de0eba7ba02e3068cf7b8,2024
ad18c2be469e3664cc92c52ab98aec9203c0c3fb68b9d8eabb7487c6e41e1afd,D**a,P***l,64,M,7ba77c2a9053887984c8dee91d191825d6e0faa018333f4232239ebd03beb36c,ca569bc14aa157dd04b26d701330bf25e723eab0eed592962d76020667c55d9d,27af54f85ed4ca2e1e40f09c25d1aa3bf50b51bd597e5b8cd9ef1d136ea17d06,1962
4106a53da67785e5d50e3c3b7495c032f8b5ea65429f48c6ac715ffb1db71025,A****a,K**n,60,M,afb2e1c4e47df389521eaf7f2b37e60f1110348bd646185b87f3420a3543a30a,aa18e8b0e4069acf8c3d92190dd1df607c046314588ecbb1f42486d1b35cb4cf,c51671e5c87fc0045a67f16cfce4c3968b99b588d4374c43980352cb041b0bbb,1966
e0e2366795c5e0973e998f3a4294b93191952341b72bdd3213725e35ca90dd16,K***a,N***u,21,M,2139c3d2042ee97e124ab8b30c12b704c2eacf6dc041e8ecd8fc74b3b2d55ae8,745088b6aa9e179025eaa40085879b4a6c557c6e1e819b8444b7bcbd2a74009b,be8e1f9bc95f0bb62ef2eb1c73f0819d5a6feacbe8b9c25ace02400db4089a44,2005
cfe9e2dabda3328515ce374a5902a6d5eced9c183013b07cddba84f59197a99a,S*****a,J***i,33,F,7069b1f1c50b7c52e9a8cbc23f2af7622c94a986ec43bdace092d5f58e654022,e97d7e19a00971beb8b94412aa203daf223bf803b39fa0551140d6aa0c4a3836,bdb2a0f6ff5354b4a3eef12484da771e0381b572315d732c8e52cba75e7b7bf2,1993
b502debe7f09d395199c85c9dc20b9edbc7eb055b4499ff2ea811a2cf747ddfb,A****a,P***l,76,F,9b347392762f768c1a360f6485dbcc29f7463aaac87b4dbf29967dbead1cbf27,33a756f26ee477df1a100f7b3dded0b16819f03106c789cef758338e1a90519b,aae89439b255e5dfa3dee8b4efa96bbacaccda93cd681b6c29f6d392312c06e5,1950
9ab181240ed03a0587f533cac6caa7fa5ae0aacac783e8ab8d4a8728a0568ac7,V****n,S****a,58,M,ac2da0cfcc262d9f4095c7bb0598cf9ea4d4bcfaec716aeedd0e075b1e744fec,ecb97524858e02a92501be3746e4259ff90941738a10a5276160aa1cf4926ee3,5ccf28839dc58717f318474e0c64564c44295f407b7f1ff16fea2b382a63aa7f,1968
06cf5fba4db048c6700c1058a21ce384bf0093a18e77441744df25a610cba230,A***v,C********e,22,M,2b2aa90b695c9c45add839e7822d45bb29e45d8d1b01d5dd8d886e4f5b497b1c,fcd799c3dae4cc7f9311292048de846cf1a4b0a016dc2b9221bb882f19c27acc,3b6f062d77b2606553508ed0058dff0df66586e4f66c24560edc31f91a2d8986,2004
a3a748f0e1d1d03123dca2f1ec659ecfa1e3393ea2b8f22a46ae8c38d64eea8a,I*a,G***h,89,M,140370234cbff79b9645c28c8442b071216c68b0e818b0f922985e2499688363,71e65de14447747f444d3f1a83368d3ce85c1f397dd8de31f2ec0a9da98de09d,c19551c77397628720f119e0fa54a4090a9a02f1e3895f7588daef5bc094efb3,1937
8fe4a9cee575ed16d908c362cb41ce216bda4d23211d948dbf7c837197a1dc9d,R*****h,B******e,49,F,e7f25246b0df864c5d339b090142198ff40f662e0f5eeb8764781d03aa17cb95,4b63e041cdeef47119955985a4c02ab2664865464cce3a4f8f79bdd729462e29,f033f74585ca0ac9ff328e651d50a74f12fcd2abd01fa7be818cb67e6c03d33f,1977
323969a7963eafc6513bc14886c789e73bb1919adde854ed931330089747a1aa,A****a,M****a,59,F,70e00862c767947b84d2c29fd94425805a7f80249d4eade17d0a70e52d1261ac,595e070a11311ba42d884c927487f7b606ae254a662ed4ce283628b3324b2892,48e69be23928a6d3b9e4732c3b2b45e4a462c35b3d868c56dec0464f379fb546,1967
30526d8cf7234489d1cde5671afdf32096dd3ae80a8cc90f105d50fe0eab5f3c,D**a,G***h,42,F,ae0bfed09d05747826f866903fa8b9784cc2f8e2ceeb8682f7cf4037fc8cfa6c,8b84e3d114025b340b94d9d8581531ef5ddf8481f5059264c15f010ab817a2da,ae8add5e2b5a7da66a875e0ffaf446030ac992bfb0f6071296f9059ff7df9415,1984
48d0441e3c09dcd5670121d6361a6d933c03274afe1b985e939e761d08ce4230,A****a,K******i,60,F,4562669bc08a1c3a6fcae61038080caa42b0bcdc1ab57aafd3311401d6335db8,a7ef2bdbeaef7e461b434370a15ac05e96f75a99b242b06bfa188c8d7fb2bee4,68c1f6cd2204ee3a45e5f076d30fa697484a95079336d01918ddaad95090db93,1966
93847cd98056474b065afd1edea5da9e9bba3a8cf5497abeb29724dee06524e0,S*****a,P***l,80,M,04db5a9ca499f3e1212170b2d5d76b55f0559bd128dec35dc1748d3fe73ffe88,c0420a5c3707f7f1e8d50a7babcf43439de24d8044b5d2727182c49fa0b8b20e,e2305aa80905ada0cced16bb86932b8147fd7a499ae8693de18d3f59f04fe334,1946
93ed78d28301c6046a446cd641339e9f5edfa98bb3f6d39a6d29972dbcb0b816,K***a,G***a,15,M,6647c7526eadc4b5cfe695bd5144bfbf534f9fde12b3cc481390dfaa142f75c5,88931f1759afd39c0e64ed7dfd6471669ede47daf81463d16c1a4efc64024e06,38071e4c4b90feab293af43edf797bfd8ce25d25050cb36ae33b7d914081f5bb,2011
bf96c740475045fb1786249fe2e468ebbfb7f344c8c9e37c7fc645650e6c64cb,A****a,K******i,62,M,3774ecabdc6cc093653c512a80ad4d854d9187584f42e83f4b681cc2514f333d,6aec655d7ca54f7d444f1ed52c4448e6af14aae0551bb4e14a21b36585d0d973,e30ec22a134adfeed3e602da01d988b819e87febfbd1c8b62620e818bfeae23a,1964
e3db7804c5e9aca984701556de98dcb6d99d1cf06dbde53ffe9ba4c5c265d0d8,I****n,I**r,62,M,500e0cb7a42bb0eaa111559682e1a79710402c06210971dab4e1ca3b88b188cc,e63e2d3e1c49dd4658fd4f5205e3711f1cb3cec4853df62aa769830f6e34c5dd,64ddf0cc8598adad199473ea1ad0b028f19111c122162d31b7bb98b553a0a97c,1964
e3db7804c5e9aca984701556de98dcb6d99d1cf06dbde53ffe9ba4c5c265d0d8,I****n,I**r,62,M,6fb32492afe34f8cf42926a2fce2f0f2905748365aec769be0d993d197a5a7e4,3e52d058224f7c22b840aefb5881f50c71adcd35837cecd01c6abb9638a37a56,20f2ce9bbb93033c41c647d89c183bb925d19b0000e0f7923aed2151f54a01d1,1964
5e19490d12047195ffdd39cb92fc81aba599130df8ef5debe7f3e5c2245c27c7,V****n,G***h,47,F,3b1c2f4f2689fc65d41a857a29aaf9d3dabd63974ca1c7ce697b82e600480d99,807e351fa9e2aea924224abcfceaa42e3815650f1533412f707ea226e77afb02,d88fba3c8073af55d94c3ca449814cb738cd79a809055ef598e037d7b38ea379,1979
6ec4e1e528492a65f2ea39d1af0eea8bb76ad5957e63b496e148edb2a37093cc,R**a,R***y,62,F,01389149240f4f728a88213b0158e9acc69602f2156b9ea31932cb0acd3a1684,cdc62ba092d5472340ab7668de201d82a5cc093a9fb02499530dc6e5ae53402c,e0f95c940d08624f1b2ca5a54608014485d97b4d5043c94a6996dae145b1c355,1964
04c31ead0dacb627c690602a1aa6e9a1d82a08b75fce9493dce8c3c852365ce2,M******d,G***h,51,M,6ce6d3a359fc7fd93e88154e66fc8e430be4c5541e40ba0cb1d6ddbb837a3300,442713bde5ab7fd5037bbb5d58f4014e72ce13958d21c1c86c3a9076ecc9b80f,afa962c23cad341fd185e0178421a420dc4b5786d1c9a06bbd3929c58e112331,1975
7eaf6cc62251837e276f3b2ba719536902af6aa6480014bb7a13b3f383e6f9d7,I*a,P***l,55,M,eeaea724b95db4b8ec750784274c6d52203e6d141db1568285f0e275118a197c,b1b571ec9e6975fbed004876820729ecd3ae0cfca246367cc0e04b21011302c6,6a1d05297296389e84bba7d5546c6cee2f2caf2f04f4be25ea55666d6dead569,1971
bef65d5816919aa848435812911d327d0d9fd6431a1b7b855528946390f56843,S*****a,A*****l,64,F,49d1d02cdce479b1516dd3a898e66293f871aeb78c6703e07f0900a460f03df0,6b247ec99d8b2834c1c11503f714117868ef54e5b28e1030a59f22f9a3051a51,3d6db7d02b273cc235d19ad50e46af859af47542267363462fab29442def7d00,1962
5b64e90446f263c765a08d7c340c9275d27caf42436eb8879ade7a094c6cd73c,M******d,J***i,3,M,a31aeee6cfdfe3746b72997e61242928778c6fc6b665d2de2d491ee368f21380,ea7ca1b9aea4b08b8a8be31672debeb204a61ffd061a20b91f58337b04e8f162,e62c04861301d5df9ae992773773845f2df7f25312add7b390711f3c39cd9a1a,2023
ce0196be80de68aa6f4cff9ed81521ba378f6c2d294fc7981e9d8189d65e5b4c,S*****a,G***a,51,F,44ab92ea8132561ad2cc245a386677a0a8e6a5f9a8945cacaa4e9d99eadcce86,f0f51b178572d3d405600baabc3f05b72e0decdbdd833b105d66de47342eeb01,9e9092b91af8eed0b0dda010417a0e8d9bb93f23bd2ec1ff4f05fb258cb4f2b0,1975
c41e22451e59b0e98396ed0845c83d6ae55ba09dd2329ba6443e486d5cbd6404,A***n,K******i,7,M,a1c36397db79a4089acbb21c758eafc7372404ad2d3617b5502271dd674e3f7b,5373b139047a4881dc86aadf19c356a9c232ec4fa1aeda0ac8a891228a76f97f,0e8e5feeacadf4a0490cf76f6cf6076f5f81ca695feb42b6d68c1f6b3ab3a1f7,2019
5401007eaa7f94ad6fd4a52cf1c19e59a8c1e9c5e6f70932b5efce97b21bc334,A***n,R***y,21,M,9e23f5c13a925526a7cd217bc167234ef6098d027200415de24727c7a2bc75de,f55165de25dadcb99e1dea91405ec666299a853335c4662061120f47b50c22f0,028c41d63f69279d5d3288d3b3b332255a1d63ed32ca4bcb75399af70f1739d2,2005
86440084cd4e8eb1e485a67574f7915fd8413e862da355224359a4f4804510f7,S*i,I**r,73,M,aedc8851db10385b1926f5265b9f98bbfde59684596c90ec8138fc5c26df4ebe,19570148a43547188ff695863647e2d2ecc9b3f009a0eed718a7ce92740a4f4f,62ff315ec95cf152890158ba5b93b75c0665895cf469c28d4e3dd4c85a85fd69,1953
d0cc71254d0d0f29502c4dae62dacdd6712a8b1a3d7c76cd815c0b67e7cb65c3,K***a,R***y,39,M,e2c37ad620665aed16ac06af37cdb664638d6ec07d792df8f84953777f42e500,42ca50b3e737fd9f1f00fb394648788fa594ee1a1fd0e29af8a43693fde4580e,09348897270fc901944cef8228573d58fbc84250d3e8568b48284a1d42c1f7cf,1987
22835d7fd4e730004943432a725d5399017d2cc18d365af87afbd06573c156c6,S****i,S****a,18,M,5716da2be655ea2c2d3df10924aebe0a97947b290162268ce4657e6d43cc470d,6cd5397296f9b36c03778940be96e4465674c1e940698b534c90be8b7f7853f8,c92af55007ca65a9989d183bbfa6b3d48b2c2a6ba4e5d08ce73112559babbf86,2008
c6426f3821621a96c322041be3da22576d1af502063470ec59fb19ea1471a1e1,I****n,C********e,4,M,c48110ec26f7d1aa0891fb2359b446a323f6e8a701daeaad29dbfc79666bf27d,0e0498b2783276af465088d471910e76f616ba761b5320e3cff1b9d652c7340d,d153d15f08bd1389b6ec42d3ea4c4d2501dd48c6a5b2e56df1b2624182f338ba,2022
02ea7959f1cef0cf60aa1b07edf10b7c4499f2c2b318683470b865f437352fc0,S*i,M****a,89,M,da1c8683f66965869e96a479d41784ab47be8362f9177d089154f62017129a1c,87611026ae531b6ed19b2f56f59da0d43d2fb11a90748044336e83f7ec2d94c7,8b0e327bca94dce5ac6133c545b34fde8f2d6cba2808dac6322f674f6fc7eb24,1937
e1983cc03bd1e15f304800638b3586b3f744df3249efb51aa3f4cd8b0c105f37,A****a,J***i,60,F,2be5696e5cbe3f124fc42dafd6ead6e00cddac8b2cd52cdeed247cdbcb4f7ae1,42ea9521138e97857c804ae16a7e3bf111a7af5e993cbc507b71063264af6677,35f9ab2c175a312ac6e7b5c2c91f8500b3092d8c2a79586b89a2ca1b751911fc,1966
91d46efeb9c1ecd916a62857d2bcb0e07955223b7cf4cd40817fc0bfb04391b1,A***v,D*s,14,F,bdd4e604fb02c9b5017a5da62098f3fa0a7f7e30b8d0fe928e8b66cf015af255,6b746a5a17de898844919e64f6b0eef3769e631f6212045654e466ad36e4064c,eb9243e683e7b27408a3b73b71d617bb3bec963003116e8badd5987feca0db99,2012
c3b65a7f63cdf9077407c656298c53cf2f5eb3571bcc4fa8c5d8b5aa74f4d8bc,A****a,C********e,9,F,efae2ff6fb08c335af737a47b2d45e0f5f0ac22de108d05139d6d69550fce2e1,e285025df08cdf3d72966d17d1f667a42df4c8d44649fdc3c2067b39b88f80fe,3157eb47074daa84ed9fbb6a50fdf870d9aa1186726a923c4ae09e10b9223cc7,2017
e71aecf5c85c1563c0d170ad78b68833121b0e9212d6e36fc3c6c20e63dfbb7d,S*i,K**n,53,F,e7b8d27cec313c76cec23dbf09024847e2d65341ab41d933730072e1bb360939,4f082e8621f278b13d2b959c56d5f271339a8b7193c9703ee1ab92841b1ad3d8,1a6c56e0c65b72db424b16392b68294cc8b865218b6683f747e8dfde9ebbcbdd,1973
871dfa1b8e0501d52e9e8b2657892aeade4e9af589bea9c8ba574345ebb9b80f,M**a,B******e,2,F,ae22ea97ac334712d057105362e79f3d935667cdbbf8a9e65208594e7b92cab3,13579b4e261dbc54ce335047908683952a6a92f3130db4a7dc80214a62ba9e8a,dec010b62871264a1329fc87905d2b5fc6e4d0aa91e2e79c5084ad50a4592e18,2024
7479b485d6c497f2eafed263974a6571223da78f69365e29bf98ae736d82626b,M******d,P***l,84,M,90561819fc9a494ce7506b2111d80b916eb7b8f4118d2d8a3cb96d5bf32db298,e2218daf502ef336b1059ea3a258b0111f150725c55a5475ad6fbfa2a0657b96,eabf1e495650bee0ff6cfa9f5c307a7408a8f62f34901dc6e476ee25b5ace095,1942
579c05dbb5c7c7fac1b3b612ec1481807fecb721127aaf95214a8afa6555856b,I****n,C********e,60,M,33f1025646c191c5f261dfbca11ef35e190bdd43721770aae53c4e35298769f1,4b456f5ba479a89558749e81b068f3fd87d7378eb40e03b09fef321a50dffe06,0a66fc7596354bb8c8a6b1f231a9914bf0f0172af7f58552d3e6705424d6d0d5,1966
9e2f9c24c28060dfb0d26c450d358ff0a1919faefff2cb04462ad2ef0384b5af,S****i,D*s,71,F,e4004fcda79f263a516b392d400e74ccb0c3de81f0e1e23248657d640f6b14c5,6b9c3046c4607bb0fb784cb24c57cc5172c9d20f847e6d070faee5a0792d6040,9be5c098c761d9fad9492301a11a8cbd2123b9d091fe373cfeaa33fa0111f49b,1955
c24146553498b11133c73b471f128c4034fbbc101da3d55d16b786b97abc6fc3,I****n,G***a,44,M,213ef0c703dd6afe256a5fe5eb783135fdccc5ec0174cd4d6d0e94bdfd23888f,8079f352849a734d992af6dbf44c7c7bd951ec933755a71c30cf76a4e3c11a15,f7d6c5cbcdb7cd43f0671923abad05639303e8eea2a2d3c72bb9fd90528cf8b0,1982
c1a316f03b3ae5a203bbe1db1b8f5b4dbac55098aca918d8902272408387712a,D**a,M***a,8,F,302010b6422a660101bb30b1fd74214b2b1e844e6568010f9aa1ad25f38dbd7c,1347c678df4d25f6c6eb79649453106ffbd4cb4e7a588c4da9e3906c39b89826,537806a15aaa9c46452bd22f1fdf11c3ae3b52c25f2378c62aec4bcee69c5769,2018
0669854a969bcd54ef9b4e00cea98eac24127874b83cb68a2b9c141578eac258,I****n,B******e,47,F,9b5efe6e785990e0e921ee60e03ec0daa533fdaccc801899af40b5cc3afda5a0,9a0668ff81ebaaa8289a59e82a1148475d55900b545c40c05acb15655d4f43cc,0adaa2d1cb62eca01583b0c1a9b8fe0000a43ffc70506b40d93896e57d73d34c,1979
be968607e3d4af09faac24d0cb598bd705562e11e0b5171442770867b2b13589,R**a,S***h,35,M,c7e8a453ccd53e815fc6b6eaeb3de6f6775824c545a307673a89134d398c0afc,e18cb022115c3a1359f86c07652229be827bcfdddde0898bc77d63e7752d228c,399cad7e2fd246ebd7f87ae4afda8818a485db2dfdce26a9fa8ef7716c4b382a,1991
b47b4015cd417df26ad71a3fe85ac082a29f9740562eee3d135e79e814ec0d7f,S*i,G***h,78,M,4f001d07251cd4ee657fbd5d577ea51487bc7526a2ef6e054b45dc2792991ded,11b4de5b4e34d6610ddbae3e527a0e8f3ad2a512e2a02256fa8a5eac2afbc112,d7168c245107c9463ca5b28bbb4cf1a09c5b77d66327db12011c8f24e23c7e81,1948
98c32c82462e2f705c66cf0222eacbc791df2e7c685621dff8d55abee310bc14,A***v,S***h,81,M,31980a648af3a75bb4f95139c75554ab432d02a4aaf15e356a71a3c50d6a0af2,7286fc794d380a82d3c758814a41c288323808f3d3b88b01123104388059b9dc,7764065d75802fe94322e7cd4cff0eefb21c9106ab16d6d4ba3b62d0fe6c1471,1945
44095b416ec47fb21c8b6f1953f3931c1cfc2f9c0971d99fdf5baa95f0a9425a,S*****a,M****a,36,F,e1d6e213de10979fc38cfd202c27988faad35f52a77824860832c3a014bc8f63,1d109133afce30be78782d4927027b182399658ccacf512a5a582c9a5ff02cb8,740fe41b81b29f55298699870425911281b43608b6428fb1c7350f8b257b2157,1990
cf1e1d2dbc1d71598cd0c7186785b8dee691f02b88b931be5ec3512e2c4bb389,K***a,K******i,50,M,fe81591bc9aebbafbb79b0ee68a92a1fa67fb14e491a680b769279835feab268,a25b2ee2adc21acd6b6dee5a78b27087b5c1bceccc499945b7321fa364f551d1,c90d8488c1c0eff15f0ee72b60f5c39e0878adb1a7d9f688ef3ce7d745e98be2,1976
44f4c40b2d4180be174e74764b2fa93a31e9acf2f95cffd3d99e341557a6e008,I****n,K******i,4,F,4bd72edad7634dabd7246fedec40c909f8b79f5dad4d046c927fe348d6095770,e98637d0d0fa4b2c570975b12e67b0d10757de140f52f927857e059fdcae17ac,d5581e13e655e01a2565fdb7248c7ca9199474c103cca009fbc360d02f503b7e,2022
65a2662c1c42b2211936fff433a5270c57aa2d66ebcaa8a672b3d6f51cf31cfe,R**a,S***h,2,F,b4ca7f740b8924777a5ab0e732ec2f8a6397e975b3274ac27c6d883bacfda8b6,1eb130273290173ba1fbbe708157e8be5d2c77cfece47bb80bc310d73fbd1053,c0bdab2806b241befcfaf8b8b3d9b8fa887d7417f55097b4380ed54e5c6c6c50,2024
ea46dd84b5852d6a0786d10cb63d4356a3d58f11549b85d6843e902052304a85,R*****h,P****i,6,F,cd0ded115cb4f8ba8ee884f35151e5887b30924e9b846295c5f02348369081b7,65799cb34c9dc96810732cd50cab726fd47ed23073905d271cdfa7f85d0c2956,ef7ab22c188f57c3eed8120593d081d4cbec9f4baf53ec41b82c33df7ad248c4,2020
2160872f2e614a13bff2e81412b0948c5fdc0e77ddbb5981e2fc4ff99c926561,S*i,B******e,54,M,a47bc48fd316d977236bd4d285c6d3e2ea856efd77d76329663f7411c84d357a,31422d33662e264e292b370bde879a77edf20a07fe0c42742adb6b5e9927c7fb,860c54a3699c33c9c60e1cefcee6f9cd87768ce97cfa990bb00418a9dd390bd6,1972
19e6df3eeb202a02ed4e1e0f8866f45558337bbbb2e80ceae25e0d804a6b4379,K*****a,N**r,4,M,448440d2d7c32c37e62265bcbdbf67d5030f5990da30d7d8618ca473c1f9f3b9,c0a92e1bb55fb918375c44718a2695b9b4906a8cc9deb1d3a9037c58cf83dd0b,9c877c2dc1e0b7e32591be87accb1af537f77c82ea24cd93e053c8b9516bcce4,2022
10ec5467b62dbd27378d1fff18fea368e3c6a52b3c796c8ea97fe8fbf30db16f,I*a,S****a,54,F,870996ccf14255a327837ac83423f6c62cd0e8c3d1943497126c3f5c87e65559,084cf335e10b272dbb3276401fdd8208660d20a6e02e6c5336e010c3e6f89922,aa88816b827f8e89600369e67556f3c6d6788a8c05b9c618b3c7790d759ea124,1972
8e3db6260921f94bb9ae157f337c44374facb3a9d586ffbf3e2154d807ab9e9f,S****i,G***h,63,M,2c0cc34e8660920b6e25c0c5fe83a6749136c4e7b8d12774a3b8a480b2958d9d,92593d1b403f7eccb56b732d57a71e6f69d357f1d57d5da96035b8afb31f2b17,a23f59ccdfcfba7e4d94f18e9038126c689a9b2fe291de4d99e85be60e951194,1963
08cb2d3a1162156fae3f8de8547a4392bc4947f04eba00d88607c9bff433f76a,K*****a,B******e,18,M,d2a1469137a5499c04fd5475e84b50d840b5125a2afc5731589775344b44a41c,ed6c21bcb6bf8f4297aae49229cc4f91030ed53f383b57cac550420914adfcc9,7fa979583c28087962c76fdf718a8a148ed0e9cf7bb035d35b27b9225e0c0ed4,2008
af515aa38deed73c0e79390494936b3c5062c3d6fb1d4125a6878ac6ff9c7c14,A****a,P****i,44,M,42e76e47fee1b7e7f376386c8b9b742b53a0590fa4b2ae55a1e3ea801df87f23,2cdd7e13e9140d5e2dad63c704c04295d81594f66b982297e10daf70ecfd9ad7,eeaf371e3b1ab4b7d70d1b6a75b7b0ef4dac56c016caac497035e364a07c28bb,1982
066e3f7ad551ebc85b6358a7f4ce340b5ef470aec1821bdc38353d6f5fa81165,R**a,P***l,34,F,adcab2bb3367c0443207989217dfd2871542c26e4308ab275c993b9c55a88a91,0c4a581f4fda1d1feae72205f508af84f6286631315f660c5a5ec05da6296fa4,c6e381cad07a50baad8ea39c41b0fa07d9b20f5e3a65aaf30a04a2476091f421,1992
a741b6dd8a5b8f1543b96f75d81f04debe9ac7dcb9e5ac7f7c4a3de6ce352b3d,K*****a,K**n,74,F,7e729192b9b29f60f52459ca774822c08ea5caca2097450a972b0eda43124be4,059efe0d216f4f8df591971c79048acf8d04642f7a97d4fe21f92a12391bb783,a508d4d8d56be19caf7b1122fcc587aa3b364827e993a343a11791a829dab507,1952
cf0bd36b153a266eb96b097d42c94bd518d2ed773ff0aff4196954277e36fb9c,K***a,J***i,62,M,7d6d22ee4842b0943bd0ff45ed43ea3acef0b5e3a9a1f2bfb023c43bb3664a49,f14f28aa646dd3ad1b1123f6c0a4b14ae9ee344f8ff3feff16d9306eb8775bdb,1e2b124bd3be992ccc5d5c7127ca77be74c83102935cba817e50c0e5b5c77ab8,1964
56ac957fbf6d574aff8980401d9a663b0bafd4f07ff726a17b52d8e0dfcc63eb,M**a,S***h,14,F,a144a264e509ef0cc6bb4e5bd7334bf726d9bc6cdbbaa1d73d9c33c8b8acb26e,7e914671afcb4ee850e96e00f4a5c64b0b9e8acc28b91b9889a8a05645fd831e,0c56610dfb42074d750970c97e502a17e99cfea64f3472de43be1a32f57e4271,2012
a965c821df17a512bfcddb4713aabf5da605a30c3b3e016e047f14523f413b2f,R*****h,R***y,48,M,80e62b5cf2d5a2fc0af20c5fbdde1628fe84a18176835e7fd1d86beaf47046a4,d4c64038d689b01dbcc0b4bcc6189bdb5476847703ee670dec2e227ae4dd9bab,fd162e1f86eaabde09ee158a88fc86d463e8066676e8139ab1b9511f48079374,1978
22f5364f6c8f0c8db0f321ec12aea86f86d69e1a586d1bb54287b3200b45ddf2,D**a,M****a,15,M,1652edb2a206dd808e9b57c9abab31de50edc5e620541d348c7ce609a4a7d499,8157dd43a01c604c937dc0ca80c03642caf48f246dbb1a88b79ea68dca97ee6d,07d6eca6b4ae5c047b9a4bb082b7e553db1754a4918dba571f088572e145c606,2011
e28db43493031d3380190920ce064fc921aa38b822d79e3cc7ce1870c495ce38,S*****a,C********e,72,M,488af8cc65706ea68a803d0fbdf039cca30860906d336da93a0f051372b31515,fcabfe6d94bb608ab9cf1f46f0734bc22d303ccd1154bf719664dc86055c286b,c73a34198b7773db87bfc6bc2ad0bb79cd0add1ed10af5ac58590acfbd1fd288,1954
2fa8ad9bc1180c9e7016de60dbd6a76bd214ce8b72b8ae6637e164c4dfeba8e0,K***a,G***h,78,M,59d8a47e88147d8cdf7cb55282321a3294da82bedb228c956b8bd5a3cd9851ff,182b0caacdfb4e76654c55ae90a77ea260a9796849d9243e042c5f91a9458393,3f9232cdc2498959b940812e69456773e250ac18bd8f8041569d71bb752c7234,1948
fff5e2b2b327cbbbd75cfa1cec294713fdec51c162b57a10856ce07ffc06c27d,S*i,J***i,87,F,8acd0a8b21d71c3126ebffcc9b2dbfea0d2f7326832f18c4633d5e624c1ef5af,53b7f0ebee5cbe42b73275d91a98cee64b1185103f33e811bea297488677a719,8036449ce28d3e6d085f09ee2269195ba2518fb8cc65277a7a3d0bcbf341bd03,1939
906ea2a505d51fd41a2b2f02d9dfc962d3831101cd8232792ccfed55ec6303da,A***n,B******e,62,F,b3e22f8bf5bc2a8ae1865f8918b7dd0a46ab341e3d745a8c9fdbf1433d1e3d34,7a9052098010b4deb927d7eb69e5413153f1551d1c15b068de0703d995632e3b,142fa59a1062db224fdbce4eeea34443869bdde50a5a4b3ed40a725b754eee76,1964
c9a061d04a6e0a5d88cffda77b795792bfeebad00ac005bbf03dfd8987a6a0ea,A****a,P***l,40,F,1432d1ec6086cf02f20ec3fb1d57a963ebb4f1c635c7cb5c6104e45063fe53df,bd0aac9a8959338233eb7aad6dfc3e4843ef35fb7ae7112fecb1938405cd5c0a,be39fda3d3e047b7aac7ed70200851fd2a659d3570287c9898d9cda7bd2ce05a,1986
588df506ea4da5834e6f14e61a648232d728e8fdf5576a3d7c78f590ecee346e,D**a,N***u,85,M,c6979849f9f87c392c60406ecc7baefbc493972ae84278add3dd861a7dc45109,d94dc15620c00b43d338766d437343919cb67171d9314b7ff8dafeecf1e1f72b,c3d4891554b03ac8d08a19d2b53e98edc32bfb74c74c11f2097fe03c746f924f,1941
59bb3895ec6cab8477bbdd61a6a5cb78c2c9b5764db4b1249ce00abd5ffa79aa,V****n,C********e,80,M,f3b5069dac575114f54bd931279838c21cae4cc57ebd27a1a44a062dee5271a3,670dc7d56e09f40cc9ce44b87f0ca4c615c79cd57a7c11d972cfb6e09ce3c973,b0fa0ed1b9e980178fe96d737dfd326cb4c44d665c4805bc1d6b49d27f600250,1946
20b9e93328f9dc45dc27349f0f7696fade7ba7c458afa65afa6d861282c1479c,V****n,S****a,82,M,a49dd3460ff24e13c5e018f6c5a89e83b90231fb423c6361dc9f3a6e0350d1bc,c5e2439d10a63a683b4ae4c14e58c8cf8150f4c94b24a49700860d7d0f16406f,9e2eaf7041e29bb3e1f5c80eeaea34a6357ec73a9d2bc65ed2dcd2ea850e5a8a,1944
5f15e3dfcafa4e505c913e16d6334d69fb68aa524ee722b20586b86941b40f08,I*a,C********e,53,F,648b3abde06f08e36e509f37b1b66cdb5a489931b49408743589a615f2a9879c,b0ca312787a8050244aedd96183af91b1ddcc5c9c613efc0e1f4a03b9a53967a,83b5e3ce11de7f7b3cee16b10c5da6739906da2a38f4e9d82dd1c55cd8e697a3,1973
9f2f59aa1afc6e3ea30f02b73476f19278f1836a70249a7315963ed68f307055,I****n,M****a,24,M,1205b871c806a795ab81a035a1927cf660d6096250cc931454ad06d58d82ce39,f8befc0be7fd621693e8c8e34665fb6800a91093156caf7c6c9b79ab46e29a5d,ad0fd6916e746107f88585f8a671f936b6d94469e4b3465903a1862c53e9de0d,2002
89b838af3563d06bd281ffd294bd47fee3a54113f63f7076dd031563c4a41c3f,V****n,R***y,26,F,1f946134a963faf7ac064789ed7b5ea57a393e856251cfb875ebd2377132ab27,33872bd798a8da81ebeef5524a7db61289cb6ade79e7aa821095b4d2e3fc2eba,dcd54ed7c24bc383c2d134812f4ade19f871fe829ba1e36b5ca29a4cbf953d93,2000
a5f805bedc69ac04a4429722e8f4996b31bc58cec4192c50a80db8b00e0e010d,I*a,S****a,89,F,9a58cf716c93bdaef6afc2e50ad4c0df84affed8a925b6ea97241e314546f63e,27e5f8787dc3ee654ba4da9c44cd038fefe0ce854380000b03393e32d257cc30,b2486d67dfedceaacab4e1f5885ff0497178296472869f390dcd38d1daa96c20,1937
6f2e7545bf6891bce54a08268e1cd0f112e247db566b7e31baf6851c5c4738c6,R*****h,V***a,60,F,bcf68293e4e4f721c44eebb650511dc3805ec71593cbc7bf7a866915ff523591,a4095c5359c5f9397cff25cb74cfdd5f8b1007f88fdd7e6fd01bd2fc0162ae4c,c79cb34e3742a471eb155bba49d5b04485a9f5541e1e58482f76e84d7cb2e6c0,1966
e97a5097f13547f716704e510302ec2f3a7dc61d789f8a9418409c00f02cf1ac,A***a,P****i,41,F,3c98e47901c6cc0a0175792d85abad1e195e035346957ad2a900dd50773c6555,05c9a32e5a442dbc9d8fd2ef7a2fa328b5f32a4a8c868a188978ee701962c16d,ba2f2782371953d9d2c7d78549892312049c7e39c980046946c987647fc8437b,1985
88ef79684e5b90ab55fd8a6787eca92d1ce121fe0568f37798af6752367003d7,K***a,A*****l,29,F,ee25c9e416e36515bb242b242c201c4c53ef71194ad475932e07d4a39cc9f6cd,cf05758b4dfe10ce534df8d04446c4ed6ef32aa8c04bb401fe61c20fdf452d8e,42a632dd3cf300354c1a1122a428f30f1230cf2752b8142296f3dd434b1da06b,1997
eea59efe826221c1fe4889154cc5648cc8f434005a8022814d6a6f829ed019a2,A***a,V***a,15,F,cf42487763e0da8e043043095b2725ed65fe253ae9b208f0f90a90a9dc578036,6253ec426933a27dac69890fcac2475f1dab6b9f24a1b3ac8af352adcaf66544,5437a0a80a284aae5c9fcf517da59f66607a067a80868359a1059a239745c81d,2011
a127a8803a3e57ffce80e796794ceae7d7cf7baa68f9a542a02f23268e490a95,M**a,A*****l,45,M,c562567886528a6dbeae26a9533fc9268cdc1e8191c665e15b13a84c8971bfec,b94ce786a8b48fe7142b61d4e4c024ce1e8a3b63c6269904a5f37fccc469bef1,97a30ca5974d706fcc8ded36f4ba85b51222277d5bac42bb228b28a443b2c22b,1981
804ac90b07e39e12ca6788b04f5b81c01cf56ce3ae3bf451323a4576367f7dbb,S*****a,M***a,65,M,0ba9bede70e4ce05fa793819ed12fd757ea669dc802a690ab83dc89d9d6b1db4,7c7370611a95e1c884c4d508c465474beeab3a2e149bd9b9575602149180d885,8cda467181d793bbf6d5f00f217838df13603af868b12605d08e987c305f0f7c,1961
a283a09aa25e74844adbaa72805adfee5de273ca179f93f31826cf2ad4dc9551,R*****h,C********e,89,F,f6ad79df8d09deea5b335553b30f50018bd327fd7013dc5c6c4c5c13b450bfa6,2d8dd7e8a0f7d3c22f0ddf1416251f39849f783d422a4e695e45c42b9830087f,a24ec7a9f0c18dacc213a322232ef4fe8b5b297888bac17c7b1e3f784fc040c3,1937
8249f45e7acc37f4632d0a259fbec44a4ed875f9ba9f655e0c57b224d001a1f9,V****n,A*****l,71,F,b58462b7526ec1c2aadb4d9dc01928b9c1e9b79b51b743522d011cf4dfa9eda4,5d141763f86a1de44c32861a9f177a75124b0831c0ad6abd7a25760ccf89e8ad,0eb35e002d76a27e5ec4defc1d582adbb70c3fc7da43830888898b0761a03385,1955
89fef259b03bd24a0b841cd92ec8accc906ac07ab48804c073e5facfc880bcc5,M******d,J***i,9,M,07e2c002cb8f76b7e74264184eb81657266411fdd3aa454ca4502a58b2eedab6,7d8cca4c2c485c6d7c0bae1c062656228e8e57fbfc78f9e35de6dc70cba50651,2a2d6908068461040efa76a6234321bc55e26d05698454f04c924ddf18aa46a0,2017
bfaab51e35ad7b3d1666f7469bc4c42bc87bfa7807198d84cc0d59c656fc92f3,S*****a,A*****l,88,F,c091164a808955f435a418e279c409ed62ffd3adf418b7f824a5a3cd7cdbf30d,e9718a56aa5f196999e2f248c1d7a0b0e47ecdafbdd3f74e99179379366d399c,9a755bbed9a06ef0ea2e8bfe50ed7773bb15805fd054a232d0881ed8977b1af0,1938
63ac4a24e48cfe89f1218e7981373d1f1de2eac52e71435d035341619ce8ab8d,M**a,K******i,1,F,0381da06b9ae968a29f5e71f3b99579c241bf8debeccf05dca89ae7652c4cf5c,1d2c34f126d15010318aff0cab66e72045f03b0fdbaa7477905468724b9981bd,c68555727b39598f5aa32464d86e2f2f7d83ea9bf947246a7ec8e70d9599732e,2025
63ac4a24e48cfe89f1218e7981373d1f1de2eac52e71435d035341619ce8ab8d,M**a,K******i,1,F,52a82152f5eb9a9cba7b7dced33aa7fa06acb341fedd58e23e2d3e89f26e2f1b,114b36f824e6d5cca7d30d5f4fb5937abf83e6a06beaf1bffa69e34dc9cf4b2f,944138434feda33bf68383fa4c1899e1b6b0499cd474ff600171590aedee7f0c,2025
24fc7c6096a40eed288c35c622b441eb6bbde8a9aec94edb595f67cc2e17b907,I****n,B******e,8,M,cf46a8247e37e3c87746946e2a53ee4771bf6fdc7812a0cdf14adc77d6633770,d55dff56af7d011b085e57c17cd6d9077fef522d72bd241fbca2b5f04ee8df2a,baac44b47774291033f9a7f2edca687fe8ec990af602c30e9e0b05306c02d0e6,2018
3a1ef3bd6458cdd86d219afc3397bce9c7b12d5dcf92fdbba3fa61a29c57af42,V****n,V***a,88,F,98c59c28c61c9b01f9038ca97e249f0f3afa5811ef614cab1988e3fc364598af,b6d86d185a391d11921f61aa1c851921f4f46ac5166e95ff39cd15531df5cdf9,3b81408f19a70d5bf1bf311ed06518dfb625d4cb08dd07bd8af23bf435d61d88,1938
3a1ef3bd6458cdd86d219afc3397bce9c7b12d5dcf92fdbba3fa61a29c57af42,V****n,V***a,88,F,47dd4b6a149d57ae7679d82116d0ebbea939ee9ea4a3ad90958e192f3b724d7f,a94521f5453c20b660ab2a51503d06002dac724d621f34dafb50f8f1496aa3cb,d5289a7ed3e865fd869d5c0615214f444da3de5e47b94a9fe1a05150f3777f6c,1938
3a1ef3bd6458cdd86d219afc3397bce9c7b12d5dcf92fdbba3fa61a29c57af42,V****n,V***a,88,F,ffde0f93cded964757aca153c7a5b7c0a4e6071d06b0e7eb0e97b23e4058f0ff,66576a07d64b345cabc36243c5048eb5e31095d07b57d3017f7b1e666ca9b9c7,57eb577bcb755e9879264f069555739d12d6dc3cc2bdf15a4a5cd9d4aab1326a,1938
10d6d6ecb2a19a228670bab3cf934566fd9976ff05b8628d509958a3af826188,M******d,S***h,63,F,2cfcb9b64da3ab56f84872db2a1bad4095d16f20bbb236e0dea0132a8e926aa0,3481a79c80ba124b7c3222f051f9d78085fc343b8808ba283a261ef4e34995df,61708f785bcdd560a9d984e9105c4bfef4830832ea22b5a2c2dd028ccce0cf15,1963
4f71e4b68e1c4f755132482b1224b2fba9e88327c1538bb5e649b33133d4fd49,S**a,N**r,11,F,6a75aa5cd7957512d213ab60e5387e14fd0ec1e3aaaa9a7863ce4a5aeacdbe2d,144098195c394cec70a14952890d469f795fcfd78e52528f4ddd85e13dfb27b4,197ff2867f209ee640a7e27a55c5a22d11fae21dcbba4016970db85f6b26b3e4,2015
a67fe15ec195c0757d702c939febc0866eca4be87924bd323d05c58e314b2c9f,A***a,J***i,81,M,1ff9214d59dd029869f31b5ac69bd13c82fab540d93afaf784fc7794e0a581ac,599c0b26b9af9c6b432ed76529e35529c59cf53b1534a1443fdebe2c0233593e,30d23413eb04a8c749b636508345c233ab4a4a7d9556855dfab5ea11f02ee26b,1945
696200fd839848b14ea262f6d11b23f059a1f0a6d4d9a7e2ff44462bd08d35b5,I****n,K******i,8,M,b547fe9b5f813dd82d9e6e0e3f5e83dfe09f2a6e53292a86afdbb5eeb9fcd831,9e8c8a980f7b12387f8b0446de708f30cf805051fa01b2072704ffbe251aa9ab,b457a31b2a6bcbc47ce201fdfc59dfb607325e97e095acaaf5a3c218196fb666,2018
696200fd839848b14ea262f6d11b23f059a1f0a6d4d9a7e2ff44462bd08d35b5,I************i,U*****N,8,M,7c92566326c266ad2ad6be0a1b9a0efc006d9fcc99c48947c6c0342f807019c4,943ba92c8ee6eafc601692e11da6a8ac11bbe57471aafe1d8de21a2bd0e0ae92,e31f501c41881c2aa18a8392265143f9730834d94d39b14833e547ee00ee8f13,2018
f1d739f512c450f969c939fd3f217f0fddf242e851b7d2846b7212281ddf879d,V****n,C********e,35,M,ccde312c818b8ab251efddcffabf6c3cfdfe52d87da63e3b06ef416b1df6cd50,8b093ffddae68de7b9b357aff3f258c36c191d45ad697e33f683d1373c150bf3,cfdca4f3d7400b344cde65aa3f47b91d053d9c813eb5fc6274f7c0682ebc8c4f,1991
9c17e0c3a343e7d8fe3ee9a640f4dd1488f86ef1daba992c327cee8fe7745b5e,I*a,K**n,35,F,4084a221e4574c120b214d382f7b9eaa0d4e514c5d2c097b25fcd999a24c96b1,2a29594987e95c23b6e37d9b053cf3b4a518ba8e2082921780ce4a7018476a1f,50ae3be18a84f14b84ab4dc986f24fcaf6a1c392244ca93d7ade19014026117a,1991
ee3da88980fa26dbadf8dc499b411a800bfc6c8773ee8629c6e2cf19ae2a84bc,K*****a,S****a,33,F,e6dcb1e14cd5c402c10ffd6c0f2b92b53f1f5248c2cc9d9b902f5680e83859c1,58be6a4c3d3283a37df8f7ed5492d0f6306b61df6dee305a4cbd0ae38de0bb66,a3c57a2bec4fca838f16b34b9b9e38d50f924ecf1d38e949c741d6ca5f83a42b,1993
c738cacf8050444d547c7e1f0d16e1c8d8ac14fc717d6d82ca209ce5dd1c5d09,S**a,M****a,5,M,8c22523fc0450be1c4a6cee7b8c9f0bad34b9a93d47379892bc8292cc99c9e17,57fae8959aa07c163820532b2116d82500ec46a6b52129bca1d4ca4e7c10f52c,6d2af6fc582ed8e975908572212209028959369683250dfc9112ad1d14e0b3bb,2021
c30107be7574bf2559c6d6fd9791e99507b3c0ae8cae21d031b4e65c787a4c13,A***a,P****i,41,F,1b7944c23fd1be341c0943d244290836eba779f039d072929d8f384ca0e508b1,87ddbba20bd348b7aae8fc3d01e636522b970057d974ac04cbf2ab92d08896fe,4342c3536ceb1010b3333e9c4f4287fc846416a35e750a73a3967c9f45d74955,1985
c7ccf6a417208a4d93399733f39ed59bee1b97558dd765c7045aa071123b4d68,A***a,S****a,28,F,009af3463433996ca42c961defb932e9f56a358e6f6a7924a5b0dceb5cf435ac,69742b1fddd61a2deacfa50b4ef25c2a5f8cea900205f1c3bdb35dcc35d005af,834222f901b040f29025c6ec1b92b5334e153a846ce01b24a62febf731f30014,1998
c4ee8c15b7b11fb6a289c9ff36834cd9df78760722ceb6677013710b62cba213,S**a,S***h,7,F,12eec91e440857099766fa6da38be69bb6a1664220dda6e860f2fe003481b17e,913e02c74e4f8cd01a07d31c6c64f11fb979c0f41b5cd849d2b4ec53a7971ce2,2b26abd3575ce76187ee1122b68201a816769a424831b4f96ef921bd6034784a,2019
f82a60e2bbf27d94e8721e47f2b4b031cfbd46b5601b4b93cbc8e7ce409d28ec,V****n,G***h,73,F,47ecc0464a8763b97b543dba90ecf4a153ec44a9c605df7c841b54ffb21abdd4,a3c066153cff61f1beb3d4cef890b854a9efda4068444b39d3906af55fb71b2d,b5c43490f6f69b8a1a5a2fc11ab1176d02a85bea1c4cd1683b7a4daad8fdd396,1953
310dc04b8b2e90cc5e57432ee3e994687607119f7a60d5d7b4dcae30b6b7bc1f,A***v,P****i,72,F,d4f6578e85299eca5d0de1f08cf3eb3b5aeac6612f05c4705f1f0fecca6fba6c,aa08ee1843f736b31a1f4daa2db14f011f174b5bc79c623eacd79657138f3575,c2ab95e825ca1845c6e223196f15c80e642f16536c8f06d48be7af12d5cfec80,1954
ccdb01a2d78f0fbd71d65c2847060f5b328a7ea986e34d8788822f4e246d68f5,V****n,R***y,12,M,8ec1cc774f5efa3b0cfdf051588b7c27efe0d8f235f9dd0c4f184582929bd87c,e0cdd8e2fec17e698667110b68fb0d79845e6f80d905d9fcba6bc34104c1ad8b,c66fcb4e3f7b4aa7dd604ad6aaca2ae49b453150cf5ac15016dcca02ed2b84d9,2014
c3dff13cf88641c7b2dc10b3fcc8c009d6b74c47a8c8ac87b68a0e14f1aca665,A****a,J***i,34,F,a45ce663eae58d987d30426dc67f6e81e161cd47ca344466725d03e7da987f57,a444e5366c1d1e2f5272ded150baa99f956a9bbffb8bc7a2a24731ae288e1df2,24e48d95db633259ccc4a68e3d92dd6658f84837195adf739b502a380e713875,1992
2dc43d859714a78e509c0d7143436d2f896de5518e1837c78151c59ccd78bcf1,A***v,G***h,33,M,368a2c2dfdbe25523a8669f2e578bc808f24e01673e887052c98f8b1db23406b,1d631897d6247076c0ba7afceade338d1525e26c58e8808ae23ae06523225ea6,be48b689d49130a1ecd1121a870692c8f6ee8bf3817deedef01941759ade2ead,1993
9e7e782126568ca4d9c6eedc94e7e4de5eaea5af61ef57f02ee49a53a68b0901,R**a,G***a,48,F,2b7ed5ff8b97d77c2ef0d03c37e744eb0d27f98b80d98f411611d62b50550763,dbf896825359121ad84861951e6c23bea615e2de291b530cddfa1e362a5529d3,f5320a5b72679e0a312c1514b0dd1c1f7646c9e60222f10dd0a6886f92dcf0bc,1978
5c67efc01eb595f27aba409d16d77d677572da560aa9687a3dd588f0763782dd,A****a,V***a,23,M,311e065ed3b45c25e6f218a37a55667df5b76d2a0885e5e0e3a3cad27acc631c,b917a1875c15dd9d5ede9dd5f6a5ed92f01e371845e393484b97a5f9a39052fb,521c5e760c3f3c55793ad3fdccd80cbf248cfdcb47bcf32c2b343ebb4aef7766,2003
e2c4ba708d3aa844351a96f7b0cbce35807cd6d22e6a06738a2ea95340b5efcf,S**a,K**n,62,F,5fa52790e022e59ee0f893c7487165f95c6faffb4ba158feb71bb5481e2e2a52,8106e65771c6a0e91aa8f90598b6a7318976c4f4067fb9d592da4d0b62685920,6674483fb00736cffa8bc4360b34890741484d429c51fcc9941372fcb1af81d9,1964
350e0f62c4ee94195e1183d75e282cfded48d109a4bbdd7d0142aa704d43a3c2,M**a,V***a,88,M,7b5eedbb120e7c2c09ccea89d94bb349b7e638be1c2579240fc53107bc62d9ce,49b0d05288464ff0419a477265403123e48839130e70dfaf59b9dd70f0398ccd,de22bf6e2ffcb7ae076057373d67107724259c92218095fabc2da38cc8b114c5,1938
3c5a756d3cd50af2c1cceb589f32a40d1a67aed43e64136cfbab05982a63230e,R*****h,R***y,37,F,04af70a366812c5d12ec7c03f2213fa886b7162d8607bac17c06a943839830af,59235f47f6aee1f2f45427400b47ae969448aad986928730a7135f4693244ffc,7a8a282d97bfd84188843c85b342e95d1e4431c8a8534d2f10b042db7a015df0,1989
5858bc7ccd523f52e41c0e7f14e2f07d960f32053c6be04e295553082bfc785e,I*a,G***a,44,M,3853011aa1b475c640e29463d8e90a90027e21d46d3569f16ed08e219949c691,19b89221001b82fba08ac30a9cb39a37625b9e34c15970f88d8d0146b826b936,9c375d0fbcabf12a8a196ab003a9cd20be2aa9bfc324306889ae393268431235,1982
8a2fb82f4b37d5cee1f5630d4b60dc7b4459b5d83135d79c3bf57613d614d9fe,M**a,S***h,86,F,817446129a147a407b907be334ed4517e6c59493c1873f9b1f314f2cac5d996e,1339db8c17ba50c4f92bfa6e853fe909fdc0483083d5bc5042dc4e61b7c82654,e7dbf527c6cfd7cd493789be6233bbbd14cab6fe25ad339a58fe5671725a7c86,1940
9c8b72e9309f1ca4a801e836ae3ee548e4fab5ba18437be41dbac15e14aa7c97,D**a,P***l,35,M,e1f64ba9a81f353ee07ff469db56406d19d9b3e5653059c4479aadd9903c720f,216e2c7e79e800545c7d132abee7473ead042cfe68800d1b6dd8902230b85853,4b1074691f4654c9ae4fc791eddf561cef17bd5e83e348d07af068cf723e4ad5,1991
0211dba0308362d09d12cce5048bc85a2ef253da3e6168f427992abe6729bcef,V****n,J***i,65,F,cca735022d1b12d5560736c852f7951a599c5a762d53f1bf82a21e327839738d,05caf2ea0a57641b7e852bbdfda03b5afedc473b1b6ed5f354905a32bb02095e,2a6c0b50dc5ae3233dcf036f84282da9251ada4259e8e73e592c0bd2fad97f66,1961
5f77afa3d4c2de29a329918512584b72196ce1432c866ae54e161e3a5aebcf8a,S*****a,S****a,47,M,3be66d2c296ea391f42feb8ea493beb1be749fae09fdbffb2a0b11f6a50a9cfb,19d1c8da7a948dc54332212a3faff767b7e5428e42b2bda67bc3fbd30b3be7c3,f25cd93261c654619259d12223854f83222ebc860c07b1521e9309fd8a8d6aa4,1979
085cac3f18db7c3b7445b5e01e3f6cfdf53523ead6b3a0d7f9248e620b03418b,S*****a,B******e,78,M,10c74edd7a2ab394a453339a82d0f54d8d9a5a4887fa2f8f1131b40c0f52f9b1,9c2eada2b956b92394f724373c9a8fdfe0713b584655cfb96f31bff7b135c9f9,a60ad4e93dcacf3687383f3f4bc02430aa0ef29779db8e2388777473503c23cb,1948
9c2461755b69c4ab97fdebbf778d8d1282e65164f889ae51c6c255fe6d33f20e,I****n,B******e,3,F,d0545e3c94225d109a048455b27cba4029780a52c869d08e8034c2629a8ecb54,761ac591a00e4770928d1c8122be3caa38dc4051f11ab75fb3d31a7ce3a4182a,39b0ec6156454bfa4c2b2b5d41d1acf5bb696e065253544c24b145819a1d822e,2023
e258099877a0dfa862dd5ceb6874fed7650bfd2c8be2a10fe73abf73296ec40c,S*i,B******e,1,F,1ffbaa7c0ac6e381cc66114dd87ff8c6d86dc3d562f19a6c4dd6f4a33ea3fe00,c510c00af8ade917957ac04d74b8914e3b19431e4d245eb95498e52d8005bd6a,1e1c9864ea4f80a9417b97fa8294e3fd321b5ae3be5d6c1019e6c8ae10d7583e,2025
94d09aefe5b0378573bba2e8efcf05679e66ab8407b11368e1e1b574fed44ef0,I*a,V***a,5,M,5e19f50f36c280f11ea97fc5e9fd18345a629d7a54ca64dc33b3989ae9fd2ff4,63e4d4eea6cce784fefbedc57ed31eff50818dad594466cfa5df05c3080c5fca,c97d0c91a2847a6e5f7af3156deeb9e3428bb54e7ef985691f2271da9d13edfc,2021
3002d4d79ac294e97c6a46976ad1ca00a99da547a523d7c6ea6b05c7014c8b5d,S*****a,B******e,14,F,c8a38d1653130609137dd93f3a809d9107db90f33dca5d41b195f1b27acbaddb,9eeb48007d73a77983012022d4a38d2a44de4740280e1d83a36c6407e9dd8df9,b1f484aa09d658462013fafb0de4a7ef6dcab15b8d08154096cd82d6b9154c4e,2012
a23a32c91af035e12834819b51c2781e7adb28126771f5db1c654d22f68fb8bd,A****a,V***a,27,M,f105766e1e3b429d32f601587b1651bc38fcf8d815c272636f02535dddecefa7,9439615a927ac10d78fb2e3aeea8a5426cd58c066d9227ec1e0cdc737b1234d1,0b167603a30df161651eb3cfb51fc02c1be643a01a1a8ac4c36c3c4304a5e05a,1999
636e3ffecb1f7eae33e7e178f88b4c2de5e9b828826f43ac563c67c64b11a7de,A****a,I**r,9,M,52d228063d20b852989754b2e4b37114010b8a02b736c46dc2778d42d6026edd,493e2f402b3e0cee340560981eede93e42ec312302cf5f656f752a3e6428e021,0186a44ebb0ebda5abcb96ebfe7e0b8d1eebfe7231028dbb1b8dffaac22161e7,2017
f1f58d998de0d7ee37881e3c74ed382741c723ad260b60c0acb6992675a46475,S****i,M***a,79,M,cc905c4efdd4fb43bc3fe95a602e312275a6a6088a0892cb4a4016a03fdd5912,06400c3c844828d634a82d841bdee21f3aabd35ac265727a67cd2292bb8a3d28,bc86eced81b9edae3e76b160456b87db6b8ad1f9e554e76beacf4e12fe6e78dd,1947
ddb723773923fb83eddc5684a1b82d5841819a41e1397eb83c585f4829b3e5f6,A***v,A*****l,15,F,4784616712973d976254a0474f1ba1bae6e3bd4a36d72f86d96e9748f5addc7e,ac5677c09b283444cfc7535bebaa92ffff7f42e09b23259a9f88fb8b55e069fa,19c4f1fa329e3c3df5c34a3348f5526926ae540879637739f46fb848b1ab2cb8,2011
9b57b5fc7625f88f57e8fe4555294eaeef9b619337085e95fb71928be130113b,S*****a,S***h,42,M,e132d289209c64fa74a157d536c6b104446cd8553d6b78dab5cf6d862c75ffdf,ab37b6905a8be9d89fa8baabe433d686c17f09f8ef4724a80710b755ce55e8bc,0cb1f2a8f30b47603647be3525b04fca2e0762ce59cc7d95a6614a508fdf3bc7,1984
9b57b5fc7625f88f57e8fe4555294eaeef9b619337085e95fb71928be130113b,S*****a,S***h,42,M,cd115d0a70198dbafbfd09703439a215104291c45e24a79dc5e25f3daa838d14,e33e819678be91f32fd861fbe1b94a7617a2fda47f5ccd1a5f5bc02c524f2110,cce46e6d20ecd57691da34c61cb34fae32618ee9b0e76ac9606cd5e9b4e1c926,1984
8a6f76d2523094770af8f2ceb6a11a6f4cc729bf3d9e1ec6b5c84ede8072d848,S*i,K******i,77,M,7ec3ad6314ebaff284a3354e2695ba6ae629d18cd641eb26daead721202de99f,e03e138710dd6e09de8a623d451a33405806fd8c9eec6058a227bb0416cb4689,473d3d651eb43cda8f513a8534e1f19d7894b52b724958377f64d56907f05e23,1949
8a6f76d2523094770af8f2ceb6a11a6f4cc729bf3d9e1ec6b5c84ede8072d848,S*********i,U*****N,77,M,e5a97c0218cf63e8934c4be98527b9a2921f591a301711273487f0ffa1ad4ada,0a6abfee1a0a39fb70014db9a502fd9990a77b2a50981c387ff560f318456de3,b0088281e6eff45d7c0a0eea7cdacd5a6e231df927bbc107cdfce5a2bb79b2c8,1949
51a7fa0dd59bfd6da269989ac286fec3b22d87ca00fea3eddf735ee72d2aa6ea,S****i,N***u,51,F,0b5e4f95f20cbbeb4279ae6cd5f4e6ec85b497c6c74bf67859bcac778e710a45,bfc860ef6de792e9800744500ff2b89071d1b4542e3ef12e65a227aaa05bd8f6,7a97f7ea90119044e02da58c96dfdee7b5e2fb67d176a8123567f87b4be17de8,1975
fe31257e17d3e90525e09aca5aa6e17bf802824282552023f0a1b5291e996c1d,A***n,N**r,63,F,3f62a64974194e27830dabfd9f115475a526104a341f823069269fb1fe5bbf4f,22d808da7feed6b9e0392e285ac57c870cff54236fc4150cded75dc65d8bccab,187122a721f0896e9611753970c43c58fdc89f448566930151685bf5de9b15ac,1963
5aa3a0cdf5c964b09afb93d282cf7344d84e566efb1822cd286fcf9e7495c6b9,A****a,M***a,52,F,c8e6a371b0aa075f8222f3d41e7dc4fce4f71502bd42cab119dd636e73b5472d,38c02c2eff5f8c75d6538419599e69db4c616f3f564ac37452b222ac91882643,a9cb779f8f3387766e098331aae5878eeb5c6f8b86e00df55a04ca3a0fd91111,1974
9feaf3cbcf88f00a6be9a5b871e6dd47c6bee76eb8c5a751689bb4c97a8023e4,A****a,P****i,4,F,e628b47fd378c7d8387c8242270037a454e1e1ac0fcd668b4cd1988ab2a5f5f1,8eac74801f6e819bb5e8913755f4d29762a8fc354c9678c12fea57c6ecf538b4,f31201e899848f7e4c4017cd1b49656b571e895f9162cd6c683565e3a42c7afa,2022
69a6cc9a43e3fa4f08d1f6928b084edeb87715a0b7f74321d9f8a50e9ec623ee,K*****a,K**n,23,M,c227bb173e36d27cf7b65cd906dc7a2f69b284ffd748520a8f2640f97df832fa,5ab570d16a025eb4d948a316e397b93fa8175d6e87a02318b343838f71c1a939,4b85ccf07011600deae9c10f9777877fc70ffba5ba9a5a23020b9fa89c7139c1,2003
04bbea631794eeba00495a58de32de31264a97c27ff8cd1395c445e7ec0c6bd7,R*****h,P****i,15,M,b4f062ef201ac18542f167775c43b6650e46008a8c46a73e6e250f1ad4081cd5,052054bae02dfe665f6b5d87f548f63ce422a5218cc26545bd890e8c165a6c6a,97d2d3757efd17ad0a72a05387154d26f76b8990080a4ff0898c72d137292387,2011
f20ce3cb543f67bc821a65bd2b3e7b00675b3ea0919d18456fa618faaeb38386,M******d,C********e,43,M,3754e74a68898bb36221354b07a1afb6760951996f62da376ca24eab082c17d7,e07cd5d7234803476a32a14e722cbe550822994ae72541aa204d87d79a9bdb6a,fdb3749bbaedd9aa9f5fb94dccbfc933153514a356f9024ffcc3fea7a06bf4d5,1983
8c032fa2e7fa614df341181caf802873c2b310da6a8bbd341529120c3cf6fea9,I****n,N**r,29,M,a6678a9f5088be9f2b7f839e5ca043367fe3fb94d8877743547c67a11aeb43e1,9d459d8bfaa0b9412077f96f4d1018ddca9da75874b63a03c93a98591c1848eb,88441ee045af18c374f98f5b85cb08ec782dc3110a2f43e70cc3d7c7fc17470c,1997
d919d64853c17571619e08bc55da50d4057ae1495ca9cffd26b4990b2fe4aa2a,A***a,A*****l,36,F,8e0b1bc3c296df73c9649a2ac335a74db3f4233b42b71615c2de2e1a9cbefb97,11d74d9ae6c43c4a3873f8aeae442128732737e4e53a865cc7d964367c6c9529,bb8e2af8955c3a3cf864fc3c0ab067e52a92ad0f354e1a87046ffecbd83c2195,1990
ef37de264f43134bb58644960511d37c1e230dcb677673e413f03ee85f32b193,K*****a,S****a,13,M,876192aa78f7d2876f735b3f3e40325bb7b8bc96abd96ced5bb12b928cc5bfa8,b20c06aa94abeb2887d0564b79c7a1494c7fd91197b6690e5fb92c1ab6fe6627,89ead4ab1813d87386d95fd8997d44bf2a926c3f080816b08249d9d25ff53525,2013
448e628481ab8a8379ecc20c077dc8fe5c213bd5675ccb10c8e3ae3be06e316e,D**a,J***i,32,M,1e02bdd1e8d834eb5b042518a074e0119e5f27438f351b7ed71b91ddb239b8e5,1be34cee039c0082b39c5c55af9825a8c9056cbb7fe2ca53c8f972e5d1b7c61f,056a79ef92bc6ec0e117a29374b10f1267ba7cec1dbdd0a67c218ae73ccb434f,1994
3f715847a9392ecbb19371b87b579428887f42cee6e90793063b5507f8eaf808,I*a,K******i,71,F,59495c639d0422c5c4d535de86a421a50669ba03f467b77545c0c7f7244d8d7c,158583cb15dc83003627bee43ba234fa5e7f577b941e4dc0e6cc23304681cb15,8e1f8b4dee71fbca3ccb0c7a76ccc39a2a2644e3bea8b5b894dcf8c9263b0664,1955
d75c257d39aa173edf1c85ac45eed5dc6790641ef6443b76f87887cb235a65f7,M**a,C********e,59,M,8ef53a048e5a83e4154a517a3c919de36e9ba884071a3703ffca9558d7b9d605,240a7f2cca859c28f94de1ba9aad22aeba615f6beacd44332968c3066d48715a,c231ec1c4a2c31233d32e64fdb2e29f9e5359a558278851fefed4338fcb538a7,1967
b92071c63156ca50ca7142a45c0bfeba434b590b0c7dc91dbe4730c878964c4c,D**a,N***u,86,M,9901b4dc54edddd1512a79de4e4cd1b1d3109f58fec4c6101545f5e13fe8afb0,9928266458d1d40ff24b273bce6021631064e96c261e921dac3987c7bb228c87,8ef15b5add861709f56f0df0303aab23d296dd23693191b0a15476cf9f27c7fd,1940
ed8e122bd68a569887c16b079ba6288e80df60b41575461820db1a931bbd1a3f,R*****h,M***a,28,M,338704418176682799787683083f5b16d846043114000b2937fa4d92ec1ac890,6df5301a10ff66a43271afb72e0366bdacefcce0faa06ff1213f8129b29c1db4,52262b9ec8213ddf108c8a022b42efbe7fecbb8f9ecbc58846947bde7861b9f2,1998
4a6add987cf788a4b9d925cf7495e0b62399b75355bfea4e79eeb1b51656f843,A***n,A*****l,66,M,c0cdb7d10659f39ced7740533113f8e0a5e61e998b1e36f44fe96516be8ed52c,426055c3da9c02e4c444a4dd23776cfe608da531be3cc9147cf12e6ec8dbc697,ab4a89b331a399dd9951a9d315bc84bc8de76a402e64615c0097e0b17a62ef28,1960
2a70a1e3d06827e26ea66f3dd26bdf35011631c2ff7ec0f502e86ac82152fcd0,M******d,J***i,42,M,c7178e85306368baec4b206d7a55a736b58ec528cb6fdf8be1ec6b20281bf9a2,18ca3fa27e5cf181253437cfdb1829cfd2358dd0de3f69d4edbd476853df456d,0ff9931b22a04906b3bf274e1bddabb26f50cb8b0b3198069a4a30a95479196a,1984
b4954eb5f8adac01583efbd9f90428e49b092853c02402437e89bbcce3bcae03,A***n,B******e,45,M,5fecffe3423991297d1e80e55acd3be3feab7e39ff727a7935da0dd3691475fc,bdb3bfa81c3b2a56a65a0b42a8fd38b08f74c908f9600d329cfbb2c601beb102,3ed103be0005dc3c24a121a7790feaa7649e7165d922708f6568675f6e9dc718,1981
da273dc1a032c58510a0f5c40b7fb445a2c5d7764c0948ba9af184c805cbed4f,A****a,J***i,62,F,a65b1b626478d3784549bbcb05a3701132ff4ca6672c4c402dd2ac2eb8ba5671,5b0a09a7c84f234bd195a161a7c35a741f60067ce632ca222712b53b501599de,43ca46f59d17b572c8e86671ee0bc40ebb39ae2419c99e8d7f859f051442e171,1964
cdc2e6ec383396f644a32ca366118b4a309e0ffe202578b23ed4ccdd0d0099d4,K*****a,A*****l,57,F,55b4a078c78c7ad82a6ecdca9b3d01bfc7ec28f693efd9b0b815f72ce1d84f9c,c2309a2438f382e5bbf382febfbb2c1d7747ea9d628e857bd6f80208cf87db0b,485c10d271d9a2d66bb33d7505a598ef12bd5c51b43ef3b034254233a0a15417,1969
2422ac137399fb009399c29994dc1c1caa83bd6e21dae0c0af8ea801ef199d66,R*****h,R***y,6,M,40666f08d9480b30947d23c95ae610f25ef47ea845a4a6f7bc7f3f2d425a3473,f719b281bf94f3579d1643f283d04b3e14a2d49751528eec8c40aa569e5e5944,534b1f1fb22eea444e33e7197715b6dd26c415a1356fe1749434077729dce4c7,2020
98f64af87828e68c5446f617d8b8d9bc67bb157a9b3e4b7162551a53fab7f206,A***a,N***u,28,M,692c6955e8ce58ea760151130506c9987d9b132451cff14109a1980f336b7d1f,816683c281549b13a93ea3bc3a3135d0aecf3e2c9bdbe0ae0813521b486d0bb0,747c3422db5e6c22e6affbda236aa08b0f26c3c61ecb02ffad34097bc58f4d81,1998
d6924f8f6cbec09c93ba5b011267018aa6db6a13213c56958f965d378301df01,S**a,K******i,28,F,c5c8dc53834b0a1ee1e7e42dceaac9b1f3e8eb42c632bc31845e16ff596e65a8,3e07586c7692f1a42d5eeb560f1c36bf465e592067bc3d0969f7c7dd026c9a64,193126b2ccd5839d2fdea90113876c3ed18b78e1510cda2c09303cb2eb94aaa5,1998
8f17adbeae4fc7c3ee6893ebd6558cfd4943303f3c27ddd33e31e307de8a659e,I*a,S***h,44,M,60a561f42a30805fc8d3b74cea0ef2c8dde66b892a44bf13370a842cc9eed6e2,3702db07886bfd2cfb4fb98b6d6f8387a9147d7ff4c203e4ca078865ff3e9055,db02db056bca53ee0d443a075352a4793e91c0a4de4fb93f5673939231a06b99,1982
fb96f6804a99a12f7236eb188f60df8faf71dff19b717a27691417808a27d6f4,K*****a,B******e,84,M,4d3fcbeeb7fe1238e93ff18b9c169e8f3c0c555f5445a84f9a36bef9736891e8,7f5e8755c3d183ca92ffb28458aa1ee949ae9187c9809e18aa284929ee8e6670,e5e26fedc51eff190fe103715c9d40e9f240f1dfca0896e37855dec8475b54ed,1942
ced36cbc027c7f0350c506aa1646c093df184f8492f790d71d61309b37171966,R**a,M***a,30,M,a6e2a1070eb1769751bce544e0a2a66eeffa209ad61952d87f2e250fb80bda95,f4cdfef7f4d1ff8d4ae3c2be2fe7304dc7889f223cbb8078c0759b9a617cae28,8b4b39fc53ce5566a9abd5ad4d53c011acbfc8f3ca0ab2f1a039abc86cf9ba96,1996
593fee80959859d7d383c3e69ce7c146283f30f8e4abba15916346fcac056ee8,M**a,A*****l,62,F,6d2227a394903e9c75c8ad7596b6693ee3c0624b04bb3afd13ba22b4f136afe8,1c03990afc9e9377acb7e8f5228edbcd35c3705320f3a60342196aba620519d6,c235bdbf03df8a9fc649267ebfc0f96b3040fbce55690b1f005559be04a486d9,1964
bfae7d5e9f0627aa946fd758a1deadf6b2365d7c5858da6b4865292f4babb50a,K*****a,R***y,75,M,a5042dfe013d65577c7d7a3a4250700fe7c715fa81638f4b7400e790fc92b120,0640d9e36218cc393f5fbfdac46c63815d46092152074388124ae645c1083650,c2b95d5e2fe462ede8af5bed3eee30908ec6d20e2fe612b880ca611cdfe3e9a2,1951
10001017dbdb645c950f1db621963558fa08bb4cf1469e76b4524f9d0b3bb48c,A****a,M***a,89,F,2fa4298d5f50d36224cb376010c7083a4da75bd0a463e400119494b9802cee3f,e91ae272ded0b7ce0afe7f2907a2b821b7262f47ca356c31e20482e453d4ee42,2c6a0cf71c2539cdd00826205e8be20cd7f08c4f612149fb63bf03be7f63e875,1937
11e7405e976ffe2fd78666cff7c08b5698c1ab4dc4b8917abe86e0e24ee45002,I****n,B******e,62,M,cce713e1b4151c863ff953730da6d72477a1842bb2644661df4d0306b75b5590,4763399b11af2d2f01afa17d6ab551068a3db69912a5fd4f86dd51512f3a3e02,479582a6eeb9cd3b57599fa2aff430b8fe3f77938ff5815fd04a3a5c350bdce5,1964
872ce3ad7cd88dc979b90e4a798b5a58bad12953f5433bbf4125c0fea3b9c0c8,S**a,B******e,1,F,597a3fb5fff0389d7563b8813e8855c60fff7d65f6bed5ef88c8a624283b848e,210249e6909b9d5d9a461bf24d4a2d20e0fe3f0f1ebc93f4e55de16fc95fdf1e,991f1ec8524775c7b62987098d7f2d858d42469ee93530086663bbf87e2fe7a0,2025
d74aca86f92c65cafecdfff785341967ab44bd2039bb62550cf700740e5c15a3,A****a,M***a,27,F,d31fa94f753de4dfc6987b6e742262822b6ed8059fbd40a244075895ff83485c,88f54b21d9a3f37e77c7a923a669226b23a698d8738a006f20b8ada25e6be446,77182c117786e10620eb466431ac9d8e45aa7baed252ace2191d53a2e7d79c62,1999
a18c8d61292fbac0bcd92288bf258b9f1210dc8d0485f776ffcac7b59a470a5f,S*****a,N***u,62,M,9e06962aaa204609d0d33804552fdc2061422eff87367304da5e1ffcc6bdd184,ec8e0e35b70748ab3665d44e5413fc77ecccb5feb62abdde2620ba5d2d782d35,59cd79cfb360511468436bad18d3b4401b140393f87f21d238cf0ad2f96c7922,1964
664e6259d692132aaef87baf236f845816865482d3f2a11793222f291385e249,M******d,M****a,77,F,b47d7e6034b0b8067b1bec8d50a87838a46270ac89e90cd3ac862f19a900fbbb,699311b9645859f8276df2ccd92b702c40e60c5df8018d6f3ca014275bbc148e,0b05324f4c52ed4da4fb8d7bf2df4cc1a6f554e02ea8649f69c81af9379d08c9,1949
bf48561cbe6354bd05170df0e5c70e2de450c9ec017c39f9f217afad9fdd4ebb,R**a,P***l,3,M,2148aed2767ef358a5452dcd61eef2bbcb81d73d6647791229dfc63d2d42da3d,2334a43df77ab4534b54136333ab0a8dd3fe2a5ddf436222e2e15312a6f8cf2c,43db695dcfa37b10e8a297ba82b6c0fdb12b5e149692e1e0e340218abf366923,2023
f5e5a48665b27bc28a31b48c6ff38c2db7804a6ec70eb016e57beb4c196a6c1f,R*****h,P***l,70,F,0fde229255fbf2cc58903e0355c478333a7c558b7e10d581f82b95e050841006,f3ba83a459df14332909cb3068c0de6f10151f3b04bb6ba236129dc3b12601e0,f6bcd95733f4fd36e588cea0e100b437d8d75387014d7019414b4467aefc99de,1956
9cdc77171c559a430d5c7f780dd030909be63ebf20f63ec90393f79f9bad913d,K***a,N***u,72,M,223b1683e79eabb8cac6ef896419250037882737d3c9d74d7635e1c7cf1b59bc,1ce95ed433a2a53fd385bceb204b4e6fa2f42a14835021184d033e12870fa5b8,5a76b34372fdebfb1d917cb7b83f6f95a84739594be88c00b5ae42049116e8b6,1954
9cdc77171c559a430d5c7f780dd030909be63ebf20f63ec90393f79f9bad913d,K********u,U*****N,72,M,79e8b605d9470915a3300d291c196b26bc6c8ed7f5e8618477a1015e286dff4e,a47408dc68b5e66d0771b903023da2db14690891f4ddbc812aad64439f641b01,f1c25276534873f15c3a5b37ef123988079ba7e05276a8fa7f6a92899646cff5,1954
2a9ba5ba82be53cbc2d6cfc2ae99a7903dca89a2ad8b53b0bb6331025fc27597,S*i,N***u,27,M,5c470f0119f811f1a5e551ec98c14795ab147aba76be8e80d77055f40ef1f433,115a7f44b9eaf7ec1299af74ed211b6e1e615b4c493865fe84f79b854dcbe255,d8e46f2689a32342f2cad2500bd15b16cd3693034978555e3286ec098a9072f3,1999
54a5a8bf692038b5094da0eaf787b6f064af2ca56dd6c67c7bece857b05866c4,A***a,G***a,9,F,b8e599944da40f263e98931ad111294b69ff1c2cb55d50fe6a29c0aa0d2a36bf,1844e26541b892e786380f842bab5c732e3985fa1dea39f5e4a09b9c45c97388,f6629496e6528963ad9d7a6090791a125c8c88fe72426123fddac27545066e4e,2017
31992dce7e9c9433e21177f4b93370fbe1796e7ac7ccc3e608ea5e32af4c2512,S*****a,C********e,62,M,83411cba2776c0a8ab173bda61d7049146001f11b4aa5b72c45e799373251c6c,c1328875c46259b6e0bedb4634643fbe1b349f77293f3cf0bcc65b1d3a0501f2,3b6f4f72a597bd9c2397ba528545372cf65df451671aad5706e84eaba757e110,1964
851bc6d69e11741e5ce0a8cc1c4ea65a6d36f3ae7a82a8b3c902043d39c79a69,A***v,D*s,37,M,5a18df67acfa50679e24b9458467a1e8eb161e2ccf6aa6ca22bb4126b9bdb6c7,f60f294258d720a083d748e5f227cf44a8af3bddcba610f24348e9d32af54335,39c2a189daabc81aeeb00283eececaaad8f36a3433c3f1a83d26edebd591c1e9,1989
f30bcb86e2639e8a694c7ae6c0b416d42e2508e1f6664514a06b024ac0a216f5,S*****a,P****i,51,F,957326d0b0c46136187f7e21f77ddba58825557490acf06073d50176571bd6ca,75366daaaf1aafa401bbeeb44bf1d5d06099cc5381c5f5c793f6ff7170babbad,1383978cf691933167caa72509a5a0c50b319a268eec69cf32c0ff3d7214bd3a,1975
fdcfb58a86ee16c211c21adf467a51d66d90e97a3693d2317b0ebf9f827cef40,S*****a,S***h,44,M,7de2d02a6d9f4466d68bda21dad24927fd33fb4121d798ce8f2df7eefa7c8dd0,981b5c2c8d5c84b4f40e607fcfef29a76a561616b37e4fc811e19aca0d88fb93,ee146d2219441919b0cde33f1ddca8633a9e4e5cfb7aeeff2bbf75625b3d0443,1982
120b27eb84582f377b5f050d3db3c581e073d05d4a308369ec0e71d4364d324b,A****a,K******i,24,M,1d01481af1db340616ec08d97e46c5a1a1000cf886a7d2758a2e317bf2b75875,549bc7bb1edc2359e141bc11ce86d46ec239b700a1b338f6dff78d99596a2475,a589164f9c8e62c146ccb51c223c238a58e04ebcbe7b8f1b86d9e9b27f927fb5,2002
6e3bf1fbe8842e4fb711056e506f5e69467892c32e545a3e4929ec473b3eb207,S**a,M****a,79,F,fb6cef6649565f55543045a7aba23c98c1c0d8343e554af4a9eb1d032efb0b58,ec08ab98790c9c9b4c64ceb7265194b8bd1adeac041d3e49b3a5468d4ba1aa0b,d2e61d70503b62992b23206700ed842f0c034f4869015c38b76775ecc89a08f7,1947
d4b256a73ebbf0e5b9719293cd5872b7a42284f944c914c2bd3b5a53a3ea41fd,A****a,D*s,59,F,7911091b59290317a82c50725bf96ac476dbad603ea2db4ac4f248f91d02a755,d883798f810bf3f3a12b0e7e0b87486c0251a62e80679f4b0392bf908e3ea5f3,9f7d974eb2fbefa5c76a5957b0195d9241e7e74577d31f5f99337e5fde570a57,1967
bb0d8aec406fa066859ca542bed16b4cf1706a0a5fa24218ea423cf6e6a8ae25,A****a,A*****l,32,M,094ee2fc0df7597d9fb6c819a3574821a4c58e2923bbc20eee203d2d0bbe2eb2,1bfe14f294ba9c8d53dc4db74f550133a21a43c4bbdaa2ba3f426e78e8d4473b,9166edb83d20f5ccedec5940e403e592fad69cd8e7c6fc66f7e9abd4f8d9ba71,1994
e911937ab6b917b56f2fe4e3bbf1769a27e0959e28545c256c9bc61ad653f20e,A****a,M***a,88,M,28645f2dc1f9264137318088d4af34c025e9bb8c2f9ad6fa8eecdf1e6bf92e15,c42c3b61e50b5d1a1ff0a378c9d1fa625b6bdf4c44427841714bc85f979949c9,01135728d3ac366c2141344cd2123a497a4ceb603f93a0e0ba0bf6556228e6a3,1938
3899f2cee880c6392ecfba88a6c3ce2aa9f14cd349fb156e01fa34ecede20b3b,A***v,G***h,52,F,92365d8d87642a65f771d7719a5fbf4aeddfe9b4c4c40bff1b96fa7cfed09e17,d480de57be217153a097b24d716083d01a3710e98d0d8ce24183e8a012afb97f,df936b32d7d27f28231182f9c47ea06fdad3d8cc7cd2b37d20b77d3d16356d15,1974
687eea855b2141c9b9b456d62f95581bc6ee5de2ee9f5f5a62c04e8464f8bf98,A****a,M****a,62,F,7d8a94821835f665859c64918d79221720e70062430613027bfd7dd4a7b1c9e2,6e90c6f503e004fb6392a300434e58d0b29d8a2f34856e3aae48072308a4efb5,cb2161c76eebf6d29e80addb067357f43c3e419eaf65f351c0b8a8ffdc8c6097,1964
47cde9ac574dea55b4e5965e1e72826de94533efed85f9d26af2982a47d64688,A***v,I**r,58,M,2a2e41bdb2d23b3cbf089ff9afbc142f65f20809903f037d5936af57e391e420,433332062e0bd6d428f17b18fd4d1c85b965f8e592ee454dbe71dd81ea00007c,d5915035d19711fb7e3de93e72c635d9258876f061e086d39b04f95c718812e8,1968
3d3cfec6f98ca0b309ecafd68e1be32a32bb4be9d735b346a83538e2f4b5cffc,I*a,D*s,52,F,c3ebdaed02238af1dfd9548e5d6e9d410b479fb0a1ed8d4b004b9d9cec8c2942,3a51e0e4d0fd9ced00299f4190643cca83681f9a017881e489d96e8f99e77f0b,7e1f744d139efe0e65b75fd3c108a0c5360a66368e459f1530afd9e2846d1d3e,1974
6da5c98a0e976031563964f81b319886e196349ae9f369ba8040a279181cfcee,A****a,D*s,12,M,e2b5aece6639b0fb381196e007b442319d0cbfedb4beea507c19703be8035726,e839ff765dde8f11ef72a4833db4a8d0b39cc56298d2e4e38ec564cf368173cf,ab083d77f67667c1e543ff962681144efb255aa5417ffff7d7fc976edf964bc5,2014
d1d80b986ad4f3aafa8583e4811c98eed91e241db225479fb96a1bc2f062c30f,A****a,D*s,39,M,c53d25a9b5b6fb8f584b2e7fb85fcf8f81e3376a0a7c3d6e57e66afc83bc3648,095f1b198298481124c08f95c1318f843fb693d9aff263f879e41c1a294a98c6,daea2c399540997e3a852c0186191e75688e3baf1bf1cdf3d8ede1085232b97e,1987
2ecf542bc3058af0e6dece0cc2edd4a44dc3f2ae722b97a458bad48f0c4093a0,S*****a,P***l,2,M,d59ba5ebe8c65633bacff134beee5dfa1e12ff5dc4e8422dadd8341d94f4e8de,50d8634486a76152e49decd81237de9ed69cb23db5cf321d06e2fa0ebf55189c,26f7e74efe52a54031869da90dae6e3381fd96843ab5e89aa5af7d37764905d5,2024
4501ed1c58dd1fd2e579358f8d11c8862f6f538680eb712ec38db5827d52e883,K*****a,N**r,3,M,4fe12c670ed9e4db65a3efe8f223eae599f2f2c073a7df2046a08ea784aaf658,4b145ac403aedc1d5177600b04dddf2239ae59f32f1e1adb17ad4b15ea020a3e,f04a3fb41be8089bb6a145f2f263fe8ba5c91a32dce223388d126e0676d646e3,2023
a3f9db27c556b278010e59f5f28449b842f638807f70365c644a7b56a2e3dfde,K***a,N***u,56,M,5638af954cd7781799a4ea3348b179d2630e0dda67a97132e510ec7c85f43b27,45d6c246a9d64ea5cd24bd3c9249fff282f0f3ab44b0f5d88b07e5e81d77d965,43c9f7490f37a1f9f852c1217cc4228e713edf9c0da120ddb0429fdd795914b7,1970
2af52ca08bb9fbb89df00853ffc63d8669d9d91595d5543e8e0537bbcce1272d,A****a,P****i,81,F,a76a5ccc7edc4feefc84bb57bff126bf786d1bbe779a16574e2660355b329f65,b147760bf9c10c53a3f936845bb9109abd5c772c4abf3454a9a2dde50db883dd,8beed4f2923c9c3b1633ea4e83609fddc3e4f2a6e51541b70bb6def69d0e29f9,1945
826d7eee04de5765a3f2815d200f4e6e2c18d1df330d929150130b68521790f0,S****i,K******i,59,F,5c144774ad453c60d849a6453be1c9a27051e8862617fe09161027fe8dcac0c8,e32e0f0f0145aeded1ed640a4f090ab85b537d424026432d68180a8459e6947a,cbb81400dbdaa3cd489a3f1792ad5e1b3af7669997ad737ede9c2deea3a63127,1967
34cb09016abab11b69dcee3588cddc1f6bf194d04269a66a7f3d5d152f0b98d5,M**a,R***y,2,F,d87681f2418befffa77caa8094edaa0f80b97abb70c63250191306a18c570798,72bf4ce48d92ad72533c2d966a8905ed8c9b66bfb9068ab2f28794c34af924d5,0801b4d6d9729a8246056139b3e93722fe15d6cf6011cf27cc9e0603fca960ad,2024
1ad9508f8d51fe4d388b36a8b588d1e92cee002ecc6da00179a7020a09c34af3,A***v,M****a,2,F,c045c3f40326e05c2d422dfa72db266cdd8ae25786aba7746f7ff312d0a5306c,e4996eef1f4358a0a90525e9f1b81ed976cb597f21435217d55ea14ed02638ef,fc8f623c730257a56ee4fc3b76473ae30e1ba03748ddd6cd5a5229edd80ca3af,2024
383b01dfc4b4451a547935fff6c78f551e330aa833ad796209db30958a18a15d,A****a,N**r,54,M,2d133d12b61687aaf0369e23f24cf6f102d4ae0abc5a7d9f3eb28a5151227b01,0d040e449178db96c7e8d0f0e7b4acbfebd267539803c0166a0031de3091db4c,8225bec4199fe0d8a4aef35181d36b2dcf3cc5fad832a35dd56d049cedfa943e,1972
e958f2dc756a3c1c4d30f40512bdcd9baf35851950e7e1014c5429fad541b219,S*****a,S****a,87,M,8cdb37af37954fa6c39516a7d8bfb925b6b6f7719bc40583b49fde0fa8d9c862,e28d347903df57e24856e0fd2c2f5be9adf0eb17c9919a32cf37d61f07b570d1,3676db6af29a0f37447de7dd27f4a807217170b9238f2af4dacf665eaf36d341,1939
dbe9cc3aec6ee0cc91048f46a9ed2f20f4d08e0249e8ab6cf78ec0d14930f3f1,S*i,N***u,1,M,7a260600574731d922147eb3cf5b5bb3f8561234bd9d72946d9698f9cf90c582,6577e4f3fcee52143fb2a2bb95b55ba9991f2e0c6d0a9e318e5bd8763870fbf3,2483cda2cdfe52782a650dbbaffe81fdb2e84949d026df2cbf91a568916c164e,2025
f6d76e21aea6b49de13c55f6d86f3cd1e23d2c30760b76b2896ba7bc18ee7707,D**a,B******e,19,M,e155355b56c101a16fdef1673a4b14bbbf98b52c7d0f1f9fbc16b04bf6345e43,36018bf7a3a3cda894d35586a1b0629689a0ffd487a9d47383c81bbcbb6c3ea3,de2033cdb8f24ca2362e2925dc6591276b17d61d6a5482f97fff6d6a000388e5,2007
1beed7d23e2d1c4909736ea917fc62445217e0090173c58c386af3e43d18ba28,S*i,G***h,2,F,be84504ca9408bdce2eca8eb36d97616b6e982f8d63543420950c6e97cab3f87,a026e644c28b56ca0bf2c3bcf9a8869a738b255acd80515d3313431bed834df6,48399b9b5331613198c443fd075f4b65e813bd28bbb7bff5522a62c59c43f820,2024
d7828af53487e3e70a2326cfe122d3c6ccb1ec727038aeda38c7093ad8a9cb91,A***v,J***i,53,M,81798484e2176e9380fde34c1c757530d41e9ecbdd4951b2f6219ad9d609db18,1f5fc81af81ba2fe99fb15786fcab8d3aa235a7c803e16222352679f44050393,30c127b31f382145aeee649383b1a4ed57cbbfef6ada679bbbe40571cc339cc6,1973
bdc50ba48d0be6aa003dd8438cee8b3fb28a6d39822633c122919b3043491d3a,A***n,M****a,44,M,03f9a6b69298e0c316a128bb55d33c2f68042f5f143cba8681cc1268d69b49e8,29bae200a30a15cfba8f23d21d0213423f22ac20963760c23b4bf8a7c8f2dd55,f52a825c878af0e10fdeb99062f959d501aced9de1453a54e73da0edb366f39c,1982
022b671b6c1a787f8e18f8f36dbe7fcbf50142158932d527006569dbebe96b3d,S****i,S****a,32,F,36b33a69e9454656acf93a111dd6295d6e84711869fdd3512e7e68b49ab739a5,df47be82aceec8db91bd5db73f82a31482ffdb84febf5b7c608aab134c72839e,df861b3f363b8267b311a98ec2e6662d663fdc814c0a377e9a9d069a7ab44c4c,1994
df5b29f2ff7bba8607f3a0e88336de8a46fdaface5e5b3177310f9a192d55512,I****n,A*****l,70,F,d03c1b774a89d80a062bb5f4ae2e55c82e26da4da5a8c5b04e5579839c2816bc,17f3502fe1c2714df9b41386de92a661fe3269d807dfff2a9ecf2d62332fe290,9903ae656b8e80d7bc6124e59b55e40159661b90af13f658baa966c1d344c9c4,1956
d3246c0f5d623a71c982c4b1a6b3ff8f6c8b4059269f23e99bc84b9425d086b3,S*****a,J***i,32,F,871a095dd1a4da9f7e4f2edb576bf839e274d50c2cb678bf1e14a907d2299999,fbcc887698cf06b92a182af26c090eaeadb55446f67ea52a10b880a92603f803,614d4dc12fb636178de9472ca8944c4eb35eba2187be84d7d8e62e984ef7f286,1994
479494608e848a1d5d0d63f7eca2960cb719fa53a73d3843775867fd73e68570,S*i,P****i,68,F,edad5921307cdbfaa1adc3c316274be75270af4f8930ecfc885a5d50b86e66fd,fe2edf5ced3dd695544a95f6c4ed7be81f38de6c180e15a1b696a589f11ab8fc,c54625f6ea1e9d06a266584c0ff2c03b7878a789ade9f40806564b7121b68c35,1958
304f4d73814c7a525c525b9a96053ef9d930c17a0f3b9888f8d7c5242bf8daec,R**a,M****a,55,M,5b5346d79f7133c9e9acaf867cbf32609ebb2ba4310ac08598d5b5f96cf4fab9,b106a121d444820881607ad6041e68fc8de863cd6c2c14f9afd4f0e7d23d755d,ee111306362091df4d18155a7a2e6dfa74028b427a9363aa49a483df083692a0,1971
e60442d25bc5f693c6cfc0937063c635de3a5baf3a0221977d97fdfdb824e54b,I*a,N***u,75,M,0b1ebec750e66fe77148c43f2190d40f17ddd83daa322f6698a5761bda4166c5,523fc19511a5f6c91a99657006772c17e9a8da1109ca09e037d3000e558c57f1,6620ac00b7766d2aa3de337afc685196b243ac9de44b66037b684a914bbaa814,1951
70a5bef1dba0a1f8694796704830dcefd2d3a7b27f7a3d0572a82eaed8f9a0e6,R**a,S****a,56,F,46ad0118007a2ca3cca0a3f45da85999d19e360286ad817a3af78d699084601e,6182c613bc1fc6566a6e225fd5c3b1aa6a38f172a67cb81cf5f218ef12effb49,416a226726494f4243ff61a077d70440934f131a63ece2efddf979fc943df882,1970
70a5bef1dba0a1f8694796704830dcefd2d3a7b27f7a3d0572a82eaed8f9a0e6,R**a,S****a,56,F,77e8f4f9d1a92c1a4d18b95b4756d412be2d149e96e8c5ae60213124d2847bc9,b30124299818803fb2ead50014dcc893c7fea4a91f5ca33917ef83f0b6fd025f,8babceaa00559e684a7ae5cde1640f5a18aa00d80d573fee513b9d82868c1cc5,1970
252b1f4fb0c859e1f5fe4dd3f39223ac31dff1968ab3d2b5930b6909e6d1777c,K*****a,I**r,17,M,28644b99f5e9f60a39a9298c874058603fdad0cb8fc6677d502aced63a3d5dec,70a34b81d8c3811102f2798ddc145dbd19afe75b6c1a233bcc19ae0dd4c44042,b3a7cbdaf935f315079282686e4422d10e3cb4052ed74bf7a05f64d6d7aa12b9,2009
dfc6b0d0a6818f3de448f70c8c058a24b13b6aac4a0e824afa19291f3b042db4,I*a,I**r,38,M,59e2157b0949997c977b9b9ed207e029051e383307ab603dece8f0e8fb349323,d683e21d6d862559645522933281f88eb721c07be5a3010bb85118c2dd538450,e6f10d1496fcf0cd6e48ad212519f401c5d05b215dc425a2d2383edb1fa4a2a3,1988
f578969533b3f6b3dab72ec2fdc7d0592f61427e461cec167f4c481805ab303e,M******d,N**r,24,M,11913ac25106490db8d0b33552b0e41d014af9158a215cab542d1356ea6a01bf,6bb532839dfa7a090d38c81b024c0781dfa004bdb97ef76c64b3608407d5828e,dab744cea374810f3b3a2ffc2c90d37d4863f21dc0a0b9b97bca83ad6f094933,2002
9eabf0d062f2e17b6c93dfb21197af90d5f6f152aa5aa7f9fb548382ef5da74f,S*****a,S***h,69,F,ce8aa4bf4bcce1217f8f4fe14ceb68276c04d70a284a72e57155e213c436bf77,232db03de0dfc40adc38f0f11116a379b02fc03e02f6358f20175f34bceffb22,dd41123cfd3cc2283984d014924383700228338ce1baef21b4cf8055ad1cfd77,1957
dab551ca1c235e7c6d058329449bfead01b12059fbaec69f65cd8414f170965d,D**a,N**r,70,M,8f856df9e276b6032992b1ce4fa6f3999d4e538bc93ee401a5248a1b1279d9ab,32bd3308e3846c70a13dbd6a2958a2a4d74fb403d0134585dc1a27faa593c0f0,9d5e82ba4c704763a0a5a2f92cf0b14bb61952430b46f0da55f569b9274632d4,1956
50199e82687945a48a32d61eeaa6776a7610a818ac2218152429693b186bed22,M******d,V***a,86,F,44719e3ccf794e5058e6489d2a28e2a46f45e1b4b872fc74ad7352aa25dd3f3d,4eeed3f7886e878ef078b7ffc6c73a88fe1f40266267367332f13d92fdc3699b,7e64633e438790397751df24801e2d7585fb9ebc4639e7bed4bae64d579407fe,1940
03b33537d8a0c7abb68d200245c1e25b4cc8abbaf304b4a46c71816670e60eb9,S**a,D*s,11,M,d7d4121cb14a51780e194a92e9421a14cf835dd8e7bf765a5990f1c6171d5f25,b083dcacde12f1c7899152825f0cf32081b2945beb99bba18eaa9e1b9f60fd59,45cf4bb467a3887975c169e95d6e30a86fbbf6019a248dfd44619ccd47d4710c,2015
bf52b129e3eaf405810ca84e9b5879fbe3dfd274912e85dd7d400b405aa7b6c2,A****a,G***h,16,M,f0ad69c28b323e2984835bb6b87bf6b62bc108a5c8f41816a787811e1a82822e,bd02a263b5bf5d8d4319919c699ed3a82bd74802682cd0e428dba24f83b47fa5,c527a609b122b251768979966fc352deb2d757a9192c5f2b41c88dd9b6fe3cf3,2010
680933683d5650204f499668478e9ceed7b994ffc70329e2e7e8993996f3cbdc,M******d,G***a,73,M,7797fa6a14f2f153390e53886fbb3b93ccb68b605de443362566c5f019850ae7,89594ebe33a1c6a6f510ce1745471df541bdbe991f50022e9441aff069b8152f,2605ebd45582cf61c005e1e4f7d22abb16aff86bdae51c6e1a90f386970bb5f7,1953
360aedd4c530685d1e43c10ce4c08b4b058c3d72906b4d4ddc621c898663fb49,K***a,C********e,59,F,4a2a25619b5f363ce531999b805ced18c48a82954860a12be6b21b37e476eb95,b38ea55f7cefc927929d3a733dc38b6a85458cdf25ebd42fcc30760426aa5bf1,50d3945a4f03f5159be76e0ce2901a32e8c8f6d0dd60e8e1a311832e1c7f362a,1967
2e06fe05d97653f378e15a1f549233d5975eeffe396e222055ed3921fa4a9de9,A****a,R***y,70,M,32dc0d40d9b3a4ccba1a38f434270d476010b7ce29b8654abcb3ed42ef7bf80d,981547690efa81f3818bf1d688bd052e5ff4dd014fe8063f7f486483c4a60bcb,f28206e79c6b3fe5940bbd242b999f1b02419c4be808a9e68b06d8fbeefa15ad,1956
af73e26b43f653fd66c79ebf74dc6440a04dc060b0b4fadc2ff2726a16a2c325,A***a,I**r,80,F,374de98409852f3358925664e2d4a88aa65d2e397c9ea6dcedf610cb341ddd1f,efffbd9c296e863cb2579d25fced2614e2409b4d2eacac6d850c85b0dc25a6b1,bcd9e1e6a3112c74921e31d9a5cf20d3a205ef77c28c3edf2ef74959f93d0470,1946
1aa298804347e327930ff846a03c7bbe5b950766bf36a0c2ba0dd1c55076acdf,A***n,D*s,3,F,133b078b2567c53562cca0ceeefb621a556b287f50958019dd267d13d259e03d,b0f2255e27c7ee6fb62059147d0f3dba189c814a4306c545d38a856c16b17ca1,1258e273841d6528e3cbdd702c51012267969b494be41846ff40c2e0d5484ff2,2023
afbe1d334c79478b8e5626b3ba334e5e23163f59e7cf271ac0ca60d0fef851fb,K***a,M***a,20,F,b0c3811c434ce6f86cd2957b228ec75b68c79f42b0faec98b285e6b9f699487c,4d3ac4b833bc50e47e1674342d7af8ed881d5dada6588cbc6a9be7c50e989732,57e24658ca4bd0db30868799b68b29e9e383ba2a92e9bcc1ca15fbd2b2b8df31,2006
6dbf5c97b3972bc33cc630fd9406dd1e2957e28daf5a308f8093967137802876,R**a,D*s,59,M,baa10952f72b90fa7bfa4b437b3967822841841237ca46d6afbfa7482fc148e1,3e1dc91dd3602bfc9a4f07324dcaf18792e99e92fc5dd4f090250567f5366a9c,e840f019f50bd3fa946af4691fb61550d878009c1d47a69df53e4b062cbc3f55,1967
e418a33441293cc1bdedf9aaf5268b3bd55d10b8eafe856461cfa59230986bff,I****n,K******i,36,M,c57282c4e9e7eda4817ff1acfcb85d6b176f523140fc02a71548aece7137bb80,6c783ae21c6b4c0eb2985c9195f7176ed84aeaed0fbbd8e302eb03803f78c575,6fe61bb6b0985dafd2ff0313bfa4d3b46a53f432f31c92f4a3b30045afb653fa,1990
36de8c394ea20850f7f2d64db77546deb8febea37f85ff31161770db64ff0db7,I****n,A*****l,19,M,9c59a821599b28636410ac58dac9af822c78d7414e8c53e7584ed0e9572a70cd,e6e52baa1d1ce88bbc9ddf6478642fbede1ed43953319dbc0efc06504c06a41d,d7211a61afac2ee10690895b86cf67bf59205d92bf48eefe52491d5473bb1328,2007
11bfb207a6af40b89d6f9fea27b5195675e39b3e90275c4269ae478ae5a32711,A****a,B******e,67,M,acc957e504a3495ac8e70ee74e7ae54513761fca04a35e5c8bd7c6e0a125ed17,d6456318eb6e5af7c370bd7df7cc4add5a9921869ff7af620ca9997da96871da,e6895f5fc57a08f9b53dd1bab8d6786458a0b40174299df860d737d0bae51f45,1959
5f7e0863cdbd3370639e380a6ebd3f2003c8fb7411fd3cdbc9babbee32357e8f,A***n,G***h,19,F,1c5242900be055a77adbd12fda34c8da633f200716e28980a130065188c16726,8571c27cfc7837b49e7278b108a7217072aafe8ec18ebbddbf3204180930ad75,445d66ab7ad291341fc6e035843f205275c8469185749b0ad187d619c597b41a,2007
2be53f37298895795632144e52510d368f55e0345c1caa035315f419bb8c795f,M**a,S****a,20,F,9b9079fb17ea362369382e366313b4da9df52e1b8b06dbc16f43349f3aab7728,f8dff62ff93f7986aa7768734e47d47e4e8e837b62e0049a36ef6fcfa3a02194,8666742590d725fad39991461ea252b9c0fc46c561e236b1a3c3c4d706f93249,2006
2be53f37298895795632144e52510d368f55e0345c1caa035315f419bb8c795f,M********a,U*****N,20,F,88554ae3f0f98a8b4eba149080d5a5d4f55a31bb99de3894a6ff66047e468290,6b3b15024a2b80fd4110d783a4effee0b348fbfd56de2c4d67aef29acefaacd7,9ed79f9b0892e03b7c32cc74312ec22b0c552df1ef8b1ccfcf22716e2c91961e,2006
f783d91c35c828950d9d1abbde14b046134cb69597db8e0d62057cc1deb4984d,I****n,K******i,71,F,c9d259d94887f0313a3f16b71d628ca438c43fb7a24ce2b7d998c28ddcf705f9,dbecac3bc29aa3d84cb5bfcc14a69e382da51f5527abf32d2c333dff46e42917,b51c6b796282bd1ab0a1f2370c9446b0eba81dbee8501a770f5c31c9509b0aa7,1955
23d2a290c26dccd5672c4167820cc3aa033038f25abee69afd105b6fe064c3b4,I****n,M****a,52,M,4207b2d4fab3b6a4eca8a0cb2dc012150e8ee49c89224bd3e49ff552cf1c0d4c,164a313501aa5d33e078d18f5b004c1bb011273684d938b036ee2ba2cdae0104,19835c6c092e1d995b1b037a27d719dbc0aeae50a210d043449ed8d8587bb875,1974
d89f457da2c18257c6a1bb679b23f47cdc3028a2b1602941915d555c0069a2bb,A****a,S***h,33,F,a720c69261dd75e212aadb5e217040f3edba9eecdc8337971637e3408b3f4bc2,ee444768cbbe3ada0dd4cdd52afbfec357f5ea1697d6cc9c82176248cf026440,dbf30b4748faf9955c1d027af63f7ea407256b4311b83613278aac15f603d265,1993
ccc098f9b3016d60ae1daa4eb5f952e98ea37e0641de12322ff95edbcb5150a2,A***a,G***h,40,M,5488dc383ac7318c5b7bbdbe2f575fd8e8306a70d6abeea5ed919aed2392b6f0,019ee28fc39bbc8f322a9325970e3a6f9dc84200131ac30af8e37d47c4a6e1b2,5ba864b07d3c9539fc290c947ddd34f0351bc7b9288815cdbb8f7ef21080482f,1986
111d44677eca30b0ea72fd94c344984b58bc07fe9b893b14d57973583646ad42,A****a,C********e,39,F,cdda38cac58419f3184889298a0b3357080c72d8b5527753c18eac322f12cdda,aa5c1b5f4c383d7f3c6e44132747ab3e122f52ebac3f07212ebc94fb1cfc6080,e678a8a60c3ca9f4687f1bba41ed2475702d34dc503eac277a048b583e737c9d,1987
29cf2d89c3589449b2bdfaefe119244ad02151ae58570028b87fba3e1219c6bb,I****n,N**r,82,M,fcc375dfc03b0c8abc16514342e8996608966d4a1b077bd21c8d53b42a2e1c62,2aae07dd9b7acd72e8a2edb5e89b0c6f2ca24bb85ce0e9b8643def072f14b602,2e23596e4c10c4bb87945cb52d1b644b2629debb7b7e356ddc7d2fba1f3c1e21,1944
2b02232c958f1607f52bcb9a52298be186b284426ff53a827413c26508d082ca,A****a,C********e,1,M,e7ddebe0e295e87399b9774b8bf089417f32c9594cda3a3616ce23c103e45017,233d56e8eba4b747e8dbf9305e6154fd3ff67b72a84b074ba043330886e5e4b4,5cdf97665094c4444a9f4b4341b56aafddde52e955a7370b879a6fd53cc08ac2,2025
0b411ee3ec9648d9fa895746ee2ed2a856d2878ca8aec3c18bd43cd80587ea9a,S****i,S***h,11,F,0dd6903cd6940aa8b1175015e5d302155c984569dbdd79ace162182f61f9981f,8a7b13e342588ec0b21960f6d4fbdaccb6b3589d70e537c309087bbaae6d1801,36013ece8708d9fa76adbe9afbf4226d7900bd430a850ed963c825d1879f3398,2015
bf4ff98420fadf43b6c000838d75a055de2f506c98c68535320fa5759aa300cd,A***n,C********e,57,F,bbcbd555393d80311515c440a8558c86d577569ad081ad18c16dedd38eb0cf0d,955b925676804dc22fe9520a7a65529e9a8f884ead05215afd43566dbf4cb4e8,e9dce10ee6aa57ea2270bb3f6ebd7e16cae9001f95b69617fdc3984554b74492,1969
d02be7417e51fe7552ab07353c60563ed8030b794204745e691005408e715941,I*a,I**r,89,F,6b55ed34aca7ee04225a2b87f853732a523c6f2e248e2231f79e11524c1f9ea5,0ca0fa515f9f06e9e2e6f08b1a520d02b088ecc255937f718666021badda5bf8,d59284ad8c4f25a9f2e033b045d1f8ef2fa7dab7e348e729658f2840044e226e,1937
6ab8a8743eee13a379d2cdc3e72ce0519cad4434e395705b497796e2feb00f0a,A***n,A*****l,50,F,d05796e36a9a655a2f2ce3f827b689026afd0b1d0a8ed20ec9c1c92de8585ae4,ea6c81a5babe02308734ac869933f70f145dadadbec13ccf445d63f3afbf5190,40e98881e3d7dcfd0e79e40882d46b94e1f1bc2d78e8ff0fcc0de4d08f064109,1976
7fb7ffdbd85a3ce3777e234c2a13df6ecd93b7417cd5370936f89514d8f28124,S****i,G***a,23,M,46eb1b2a6746bedefb564fb39c666b01e692e9c6b70ab06760333672045fb7d3,1dbd531ad3fa13c0eccefa970f2a262feb513b0cce20916a30158afbfd6929b7,7d8681fc891c5fbea4bb60a911802912c18b4bf812d92ddd446e8e1251916ddc,2003
29b1d4689d2d492e0dc85259d203f7265a42f6f09b1989dc6872e657395b4d41,K***a,P****i,31,F,b801fe3360996d6103c1b742c05bc789b0591109efe61cde26583a45a86b8612,e721a61777ef22ac4dde57d14447febb3441df224359e333cb4c859ae745cd48,8214a769b681457b21ee4c63d1df363b438cdf0a375ecdec891806d82701142f,1995
c06f7e72b998fc9e261e8d3ddfd20ab26150349272c2872e7cdc582105ae227a,A***n,S***h,42,F,ffd4632d7994fc8b7d117222eac4ac4ed8a3e8b4356c693a89e210d080184b19,134ddbf415a82905fe6682dda11dc9bf7af56780aa934fb1d9a725b1a316f92f,ebb4a205d7e97d59519ab2a5be10753601556b20f1a5f701a1f2ad3bf4ecbe7c,1984
54a9645bd4276951211373d35b7ca4d150a476d23892b75d87a1eb9891a95dcc,A***v,P****i,7,F,67c4c48b8837b00963c0a0748af12f5d1f01079540406056a21fb0ce030f9005,a26db3abb29a99bdbaf6843d68f932e82ddaadbe25adc5c51fc2fd67f6b218b5,6686e33c150fdfd8c9a25b94a239611c7baebc8c92512552c3bc2e19834b4d09,2019
88659952d7f5e68c9a08f77a0ec08ebc2d007999fc6bb89770907d04ec125d69,A****a,A*****l,16,M,bc583c544b9ee69fab52d2971f80b970ed19ade3346b969db7295fd1131e4409,e1a3045e3a37be15e8e4fed16113ff9cf08588c8dea30f6eeabf943d0e6c999b,56344c98d89eeb17acadc9e2ff37e663e53075ef8992ee909dbd3805e0a2fbbd,2010
88659952d7f5e68c9a08f77a0ec08ebc2d007999fc6bb89770907d04ec125d69,A****a,A*****l,16,M,b794a986175b70c3277f51065739b9cc90e2f6cdcf0ace1d8e871eeb505f7698,6f34511f764b2281a3162c127ae18e6863c6084ee186aec52eeb67a146afc36a,4c0ba09e509a437b8fee429e83c153542190e9e162ab4e32cdeef692d1778c30,2010
d89496e015069848ee3b53848160288d726a08afe12ed03a7a712e071b976f88,A****a,M****a,60,M,811fe54896bd2ead1db55f4753818136345300a9b23f3f372756a757622331cd,e00a530f22ccaf86500eea544f91a795966137d7f872972e073396c916615886,2d65890127dbc0ead8ea183502387cb586b6e299f8f3adce025268eb364dd090,1966
54880709cf829c2d0d703d6ee6f77deed4c47aeb026f35def2f7a6b2e789432d,M******d,K**n,2,F,bda78bf0acc509f0a55679b5c258c2ab20cd727849936a59d6b89759e8665c01,058c2364d62637eff45832aacd4540c275dd6527d79f95e4728f446777dff2eb,e5e964ae0255b61e6f0d5ea34721fbed94b5421f6509c85ae60a1f02a5262b86,2024
3e07b24d68cceb8f5990bbe9ddead6b3884030d562f4a7d373834ee6a19c26ce,A****a,C********e,1,M,1345222d91bf870969135c9e3d19000d26b7c410a847e593beda4a6afda4e670,3249b13244f45b9ddac93bad091590658a1967c8a17c02f120b7969c12ad7aec,b6d611a6bf7ed1c9ab0877413350aaeae3b5fb66549eb8b0965278c5d6a15443,2025
5759cbbd9ff560db9f32097191f1ffaa36e0af9a58641ad1312045e947e97f1d,K*****a,M***a,48,F,04b1e58148954b4a92580fa50585460c296ef0c9980401870454ca61a813b402,8dd522c4c2631f3b7e1386c9bcab05490a88b45ebad4685850039d3cc5e46c59,99c98a3b785e6ed84515c6a9bd926b52ffa5a1c990f9921e75dae8af52b54224,1978
6a614ec471009595426243a693f68a392894036d727277d632e4bd75ba4595b1,I****n,B******e,12,M,358d726c93b4bfe8e5eb263001bcb46b7f0bff236c665f88bdb26dc7004bf4c0,5186f4d4ce86f9d31fe7543d466239b24485af1f25fe16b6d039c19b8936578e,0cda66537e5e9f2537d33f43d3083785f8bbf7dab05bf985baa388cd9fe56ab1,2014
5a9ab6e12ec4e942348d18b895371cf4040979263f639ba05335af4e3c09d3fd,D**a,P****i,69,M,555c7eb7f9d722f214d90a0df595f999eacb406aa791db525e812f1b21a29ad4,a99f05746d2be84aa94416274fc3fac9a9ff82e2c751ac8ee801801188ca142a,855e7cd8ce66c84df755fc0800e1cd235925db833862cd96d613b6f8edd2f550,1957
b11b2b07b8e9e629cac2cb3d8bddbfd980fb7ce7e8423952eca200faf0729060,R*****h,P****i,37,M,8789b3d7c4d3c5278969800c35fc7ed198211b38a1a7aca78627193cbafa3f28,2eae2ae405b7daa90b28bc731072807da48f184a84b775d4345b4b6f9122c668,3fc9cab2d510c4f2130edd001e66744b7a839f10b361ebf33196b038d50c9bb6,1989
bc76842e61ebedca26bcd9eaf418e5a4f40d29050372a9af629044dc36ec1983,A****a,M****a,32,M,c6b075b6cfae03671936364afd533fdce8b7695704f5e00c5674942f23064994,c34faef31e09d2e7f13803ce5801648e6f551fe7deb820514b743a585c4e7776,d81a603b2c70c0aae3db60d405727017a5b45c4979e0fd209047598a9b93cc30,1994
a30633b70ec54da39307b1bca0ed52f5492ce95ffb250816dc2340e12043d255,S****i,N**r,9,F,fe98151c23efa085c959af22a6a2ccd19252d3b8fdb14fd092eed33a7e998a65,086fecef2058cf7fc229bc8efee7d55107dd130f683909cdd72a7c920b0716c0,f975755f0b80f68e3fc8179225246c8a26beed9c4b8026a94a67bdc2fd56cc2b,2017
5ec00c52e5294492876a97164da5db93ef32b58ed8cf01d68226c1ed7b81a3e9,V****n,G***h,19,F,72f557b6f9daa2eba6d8cb624a717b0c8b0243a6ddf5e19ad6dfe1aa0b13cfe8,dd2dc591d6916a3f38f33c34dff0c65b4754707b5cb2cdcfc266ab28571b795d,89fc3c3789f9c3f91f34a60f047a1dcb077e49f1f807472544772462f5747047,2007
0271a1d8f8a99a208013ae3a75d36081e26d30472bc25ced8ac6dd1fcde8a2a0,R**a,D*s,48,F,96ea21f56462d7a56e3b48f3af352fb8c9bc788d250545ee5ed36a1ed0331e3a,c802f7713de64c167cf5e2179a92d733c344a94b031c5c32678a2cc129d22ae1,2334f31fa1478de6b30169a565104f16ec34c045caad42003abc2ebcde50dcf0,1978
f544e84b3ee2afb7600700cd34508a9e137204a1f55bf2f05f7c9c793a06c5e6,A***a,G***h,80,M,ecd1c0d723800aec5c735a4189f1ef395c726f7639d3c4171ea57e38a5d45167,843180042503b9676c18cdc2574195ae27ccf6dd547895bd11e8ce0eae3cdc82,c9d165f37ba6dd1c138e809c0e7fcb05fa336fb471c13d92297905667169ebe2,1946
3c8495b8071ff5be77dccfa98c0a08010ac000350401b693a5f4b961b81520c9,A***v,N**r,3,F,b4f769c6e685fa21fdebcf425e12ea5bbc686f73a2b1e376c3d37caf2eebc254,1ac3880c210f78439ea194a3faa21732417d54a1e51272b3be3584363006d64b,8dc0ac2703a0661074eff9fe1787715ca79ac1fc5f0fb2a62745636bd6982cbb,2023
3803ac7fb64c7eeb9a408f241b02c35acff29c60c4d586f144124c8fd24a24ee,A****a,K******i,20,F,13511a6c90ec91dd59d1e6c6faab373754cc4d65484ae38f670f14c6570e6453,68922adcefc938c90387879e07754c2976eba71ce0d3155732f4643b98fe6c4c,5213fa189a1fe86f423d29bcd61dead55545ec7c8de9c5284ef37cb7d90667fc,2006
78021f5e58967b662c6fc543fe4abe5260c2e255491284fbbf49db28798a9b65,S****i,K**n,24,F,7f63d143452ac4bf31ab3c2003734ca3c4b0fdc0bc01be3d138a305e552f509c,d4cbf959e377944c08bd5fca4f68c477b37052708ecbc3a2b8f824ee0e075c6a,88b8d36102a945d2fc43dda13d281bab475ec2fda830da9689d84a315aec1e4b,2002
d3b928029d494708eb591e8d42c935363494bd162fb1cb01829009349f88a1cb,K*****a,K******i,54,M,3dafe1eaf422220da75d4e62013b2027d84a04e1598654eb0feb4e9fc6906945,cb57a402f4975ce2003c4675027bd4ec8c5dc1d557abc825cec64ccb3cf65c47,6dbe009f98604902d47a7f62ec41c0a771cbee955a8b96d16f5bc4d76eeeffc2,1972
bfbd09d804a4325c66b9ca8d063a804f83a8267bfe9f0ec618ca9ab999247225,A***v,V***a,33,M,78e9a4fbc2bc95dabb061b2763cf7868815e17503209c2db4b53abc907f30211,94ffdd0643cb22aa72728110b0ae04b4d6eacbbd77b4eb5ee20df0a08d2af5e8,6b57d9ec4fbf9a3cbf6841c7367d33a2f8d0bccd60a8ba9aec0117bd1d2529b2,1993
9a57d7ee1548ab67caf8771c78d3e18274a374f4171abf9c1204676920d8051c,R*****h,N**r,24,M,b8c2dee1458ba7b752681e305e9746183355aa55a13f90dab5136f8c98e7852f,f69128d3d656f850bba945a9059621ba5ec6644be2edff1211077a27897e50b1,622f950d3654b4a90256a6474f1633e5cf60269aaf708814f9d7c0114b8bd108,2002
b946ce82312468e724eab57f3262a23b6c9132c8e6e30713a8848f6e7ba5688f,M******d,P****i,75,F,5728761feb47143ab81be4e6f0cadf97a0038a9c18c92ce2e0fb0655117346fb,1febb45747284b98dfb797ca6dfadfe65f22fcfed3ce7769686cba4b102f69df,2a3cfd40ad7d0c5f35df20fc4bc1c33d3703c9286f421d80a18d9e6146852986,1951
d875da9e30d8c13cf9ffaf98a173908efd97998420362dbb0b645c106a87a144,S*i,C********e,72,F,bb59da41bbd9349a16fdb0190286176ac8c7850b2234f3179dee133e3d06ac18,368cdf1cb09022eb73210ac57aec11be9eacb4cf54d288e2328daf3115c55ea5,828375c13bd865a510353ec7f4682d76f0399baa35c92459cb6a319aad194f3c,1954
0b711589c85c0598cb8cefd7c1e81df861d5a2f114aac38b9b00ae407209b7fe,K***a,B******e,36,F,46b78df3ca785edabcce361d6d5985e41fb3731256f05862433ddb2984d30717,c5a23526be99cf2e698208ecf24e211fbcaa9fc895e34db6dda17fd0dcfa1e10,af134d36b77e8aefc9eafbc442c2cb7dfd70cbccec1c2b122f8fa673af747f1e,1990
025863560afc7b8c9b2bb07f8c9b0b0e121df2fbbbe2f5a805e4307afc34d9a0,S**a,G***h,38,M,2b69c10674ac62114f58437cff6dd667e2be3e7078667156264cb92f8be556a1,ce9525a8287b04f4cf07a4ed177c695a0152e46e9856b84ef50b80adac8aaeae,b9f820affe00e2dbf6b845b0e90b19014994123062dc90fbb1f939ef66738349,1988
299bf2b46c2d2014c31c4e663242cf1252c7b080d88cce3b4a92f83b74d0b156,A***a,I**r,84,M,e50358a520a1f2c0fd5202995f79b23e226b82a769762b1a078938e34b62d02b,14f70f8a3090f2d4856a0856e6702ba6f912ade1455cab5889da7438da357c18,23e959954c2f63fd053ec826690a353adecbf2a610dce915a5ee0c77802bc6c0,1942
40c03dbcde9c7d0fc0b823cf6267f85696cca251dc443accf6ac27f6de5bba48,K***a,M****a,89,F,6985b0d3685ec9434ae8d2fedfbc00427b741350e82ab6a9e774490261bee531,1d4c789eff72f7455ae5db8fa81cfe9073f9ab2ff16f73316512d1be637c7e7c,ce0834d64a87e2197a94578341bf96500b8aa4aecae5ee7a28a350accc13f38d,1937
d9b6a9917a89ffe75a69702b745bac5690f52c4610df6ffa7c927dbe92f70f16,S*i,M****a,25,M,55a36c9bd3b5b26df4ad7b7177122065d5b285b6f6b03d9109d3cf72dd42f775,7e95c1eb06f314ed602d45d986fc58e077a1e45d3bcb0793006eaf4109cb11f3,ebb44130bf6c41c474d89f71876e14f16e7f51a13e3fdda7ed009ecc795bab64,2001
e34d7953edffb5aa7d573df25e747cf0750e426691648d08082ee9d74512c5f9,A****a,N***u,18,M,370f515965bcd1e4d6a8359caf43088f63c946b46085c0d4a5897ede781713cb,88719b1bcb07374b233c0705fcbcdd09b1de930cf62a72465f812c49008cbfd3,6d224a7164c7f9aaee4ba3a4ba02cdb9d58682a4447169cb3155dc00c2ed6fdb,2008
856bbb0eb3f62ba53d9232d061765401395111a87959203e6a069e16a3df57fd,I*a,R***y,82,M,31f80cb96cd0ce5cecd7a4f42e977050f5b983a04126efe6e3f9c09bb24f8e52,26cfa3ff83022a1e3c16f047358bc38da738df15d70c8ebe5c8b46a3b1e6aa58,81590ff7798f9c791fe9aa0080668c0eb9b598daf45de736384a359db8b39d02,1944
142269fb0b4837a6e59968db67dd27409803d9d8ee3cfcd2f7b6e12f15b26ada,A***a,P****i,66,M,8ca7ba0a4a9f05c5d34a2195c7aaaa3f15458d3233f2e87bf01f5a0d9bfa69fa,af558c5c490ed8232dd38b24bfca3b5faac51f6fc5d2a4ef5ac8b1c6912b51be,7220c5473770492c621ff27d8252e4d9455f0516b8bce16cb2d8b594d80a6df9,1960
8902a17473b6c437ff8c43e32cd934e7c42b00cb9b0bcc915a31c2c87b31af06,K*****a,J***i,54,F,10f7066e9bb29acc2fe16c6eee18a91dc4383e77cf5ba0c2501b6c982b4c3e8b,c6e8ec73c397fe051354476c15290be7593a24b4e7fa70b89fa6b2050c945f70,6349ffe9945535b70b0b24f75614b23a44240977eceb11df6473dfc2edfa338c,1972
a5d7ccdbaa33ef6ad8ff6cdca600e6bb1ab3186089c6286d1695f87fd374721f,K***a,C********e,35,M,ef769562b3b3024463f4d5464563cc9a84c0aa3378e7daeaa6e3ba5b17d57b3b,5132ce3806dbee292ffd0cb8324a7c61db2be536657adc4c22861a08cd2cecd5,399e06c653080734a5eb9114c368a57b855e636da17388e1d657a2c6f32bc1f1,1991
15474c9cee1beba259edfb2b489818d89d5317ad2ef1ad85bcc0b9f471eec72b,S**a,M****a,80,M,d161503679f776da2e6bbb8d68afd2141a750171c3b435a325bd0b42023e8b04,e88766478648610f8309980681f476539a836f9f399e15f7fae921fe901439d8,928e5da49715b79c0eac67eefb675c24dd3ce5aa75b38af9d09b263801ee5a1f,1946
92eb1a7f77b6b0b1587404e822cb87abcada05c31c4923f5f5cb4cc9bdeeff95,V****n,M****a,61,M,6ac358dfebf9ba5cee1e3a247528521f84a882354fb90d537ae05bcb89d3e5d1,7210e0c94b2b80ea3d90a82491df769cd8fa8cb6d744858eecc88b15cd5ca9c8,453c006b3fd86d72a11f5bd54276efd6a150ea8eade4f91b76145eb657bb9ffc,1965
ab354da3fa71b24d589ecd87a5023da29288a6d317b2edd06829a827f500fbb6,R**a,A*****l,41,M,e8573068c96e066556ef7a626734633198428074bc3a08759afbf2e4b00c1c36,e38e07263c2baaa8d2a29cc5c311f3fa5bd0afdf9472d24001d0a8a7982a67e6,19f6b98adae586d0ef381cca7d15b0557a2d4299dcd0d961ac977f5750f196ed,1985
d0ddeec2f73049c694df5642f7a851d610be1cb9190b8ca2b666a56e54da51f6,A****a,M****a,33,F,78e52773e501d7f9449798ab4a800afb318f9c0288c9242eb3c9ae9b6a6b5056,566ddffb15a2a456e157892ee2ac3fa23b4d48c6ba7ba9dc0889053d13cde8ad,43091f5166cd862d4c95e8e49c0c80ec75f37b5bcf3a9f29b2a38d89a7c93687,1993
83c85f81da982d4c9ed3c2fcc836cdf2659cfb58f416a0ba429b205847099db5,I****n,K******i,68,F,b66ac5e5e2ce56d90ac7a1f890922aae3225ba74fc1090e324376e1c0f94b6bd,2013987f0832de105372df94c4b220ba6b86f2bd156b828dc767212949d55a77,991cb8b238b083444be59d701846230dd1c06cdcdb9fe4408afc5217cebf744f,1958
ef8c824a356b9f1c99470aab441219594cad3791ef47a5d4746382ddf37d2180,R**a,K**n,33,M,c1e2b523201427e7206959a08a548837cdded2fc5c4f670ba5d61e65cee62b59,2d1cb5bd37adde4b12728f2c96d8e198503fd4d4d4b36a49ad40a6c1dddf0077,dd23f9f847b2c9c19c0ee95f9927fb842a39396987cad0d0968e6c6d54626b73,1993
b68bc56e81ae3ddb848d16e8612aa85a267d40112a60717adb62a778ba985b80,R*****h,R***y,14,M,ce189d509cfbbf2295f5670ae2ff269ea1de7f7775a21718519546c2e7c44abd,4ce2166b14df3df2c5198e49c09d320fdb1bd62e2f9201b25d58a1deb2052cf2,6b462318d8209fd02d502c20ce6b3bf53b39a1672b6a0ec5267ad8a57b91634d,2012
08198b0acd2a75c2621123be72730f105a8950937931312ed96e5ffdd406f017,A****a,M****a,21,M,aa6d9995e61271ddea87434bf5841b2e40b4719fa6783531b765429fb182a0d3,d733f3c721fb97d084ca94b1de9fc8419629fbb812d938c00a1e6b5042ac932f,8b2a78e52cd1c93cd8186a0fd09f155398351db11a94c157cb5def8f4616859c,2005
24cc460298985b5aee0c677b130089b61b88652596bf3938bcd37a68cedc582f,A***a,V***a,48,M,4765690f83b9616d83bc0b236dca984f76a79a8f0b76e2f04bdce74ac1a2778e,226764d3a76b7e17b4ab101966208c3c87997d13ff2d2e09bb549786e23ec68e,367d93aeb417b990c5f89b53d9c5d2a4464d30e256b136ec5a3f19c27c1605cd,1978
a29b0b8a8a5283bcac0ee3f87fc316a362732ca213d0d6508e9fe78f2c82a662,M**a,G***h,20,M,e45b6bde462271807ff35215cf5eeddf45b74ba0364ca82cd23695bc9ffee1b5,2a36c6b639c8018b43487215e42d06732cf18c4dee654bfd8b268b16ca53bbcd,935067c06be3c712b8c1980c3a402b46e6b38bf8af7a1ebda952e9bacedc4841,2006
79b28ae955b3e4fefb94b8b120f761c3a799d2a1cf92e007cbf832f205ab5658,A****a,R***y,8,M,0c412cf5d2c511411af8c103537f804d2b4e449af2490ef08e8812aa0c07e029,0b863c13661ba26af081e37201152c102b0229977a6052a1728945ed2febff41,dd2037e5097c1154dbc4791d9b88d70e28f7be763f1e6d36339c29ebb5499e17,2018
f87eec8033c9a4a2b206329ce8f33d3fa1bfbf179aa265e4669aad0ed345f56d,I*a,N***u,7,F,cc4cde975e87798287e6f178ae6a4be077f3192f78cc1a13111b0d180cece700,ce69c6121523eff09517a6c8bddc01c7838b73c8caace7d131f9bc1c42d6e78a,9c6ae4ac4ec3a9704f4f8147f2d179f474c37628b3dc2b8ef600ef8609dc5dcc,2019
80585c698e1ff4e323dfc9b3e5e89160f4cf219321b27396c167f1ab4b57b3e5,M******d,A*****l,67,M,0bd1cf188d8ff4f007016614a85687a6726d28eea8f7ec914ff954933b0f22c4,07ef1aca3423c067e6037b8f2f7e6e24fc419d76b9178fc66d08f277ca4027be,226df68f248d48e8884149950cab89963f6aa5fbfe875293dc2198416e362502,1959
05eea77c075ff7329e9eb383df908cc03d91db1aad14d9e93f0e534a08c2d972,A***v,J***i,17,F,58d4dcd7d6463066938711146d6d91749fbc0a346b75c6ea2e96358f53c1d363,7df7f800b809186f07d69d72356e15abf70a400795aeb5c5aecd2c51c8489cbb,c905c005ddb388338383d2938be1e3d6b60761df74f9bfd774f43e9c65242926,2009
b4b2afa486548039f1dedde245ee37b6266f06f8eca7239e552a678ca08a0588,A***a,K**n,33,F,33035db0ce491529e88c08040be2e200d70df1ed02ac344a4a0ccd4c1f92efa2,f7af567774afe46246201d1c0a12240f9bea6b5ba4ca6c8e15af1cc0db724278,5dab51cf50ed4d3ebf11da3cfb8f9f213764f0e936854900fc2a38d2a2232be6,1993
fb8fab599298ca767005a6c1027c660a1c2d3ffd621b3543c2e094475a60f63a,A****a,K******i,48,M,f3bf1555bec2fe16e1bcc5daa65e8a05b49673082f4efab26c97b671682fb78e,c3ef913649fc2b7d16564f62a85dac2c06936089d701b9e43feaa402a708b59d,11099eff4388d9f25f5af24770c56eaba68a962448008dafe5f0198517f25e20,1978
ed0d591e1541e972df852ab1f85f0151ede892b9b811f3e4020bc5d4f00046e5,A****a,M****a,76,F,f5ba50fd47972bc4642ad1fb7dba67192e4f6c73942368696a01b1f2a8907b50,67eb78d090ce3bd7bbf2d03b32155e074f628a8371de1bd528cd08552f2333aa,04686868b50cbcd7a20b56dd261bcb13914a6d1dded37acc2531a82fbdc17d29,1950
cf1439f7f4c5ac458c8f45afbe1d9edcfd81d976c3b1ef5c84b956777ebc0feb,V****n,A*****l,59,F,471c6672408cab48983c6d62717b94a586af2260c77cf7cf4e920dfe4a63bdb4,fcbc6e2d297985a7c4b146a20e4e31ee37def5b0da479634e312624e4d810099,7db293385dfc5a4e98602cf31ea57237439fb38955e7999fc891e6b3eddb1390,1967
2f421b3dbb240a28a434b83b1cd56f07a31b837f7ed07d6d7286da17287b5bdd,R*****h,P***l,86,F,4fae66d64f7461e598b6195ffba7ecbf613e8e2741d6a9fb45857895da33c333,af0b80f9744789098eb43b1997d80ebd45ecdbf43c639787bfb5361752c71d01,fa41288b93846c7f5b2e8400658375d96dd4ff953e4095b1132adf94ed0a536b,1940
529dec5beaa31232a407ae3d6252f982c310cccdfa7e03ee0b760e4365e74602,A***n,K******i,22,F,4600fbe044681944f9696e7017283cd896fb38fc80ebaf381c2348152d4c50f8,17b483933c1b29df96ebf758149c953bb235c5329fe2656d0895f26db7b22282,fc03c2f23035a0558d6576ad0fa737127f8e2529c48fca532f8ae7e4d63345fb,2004
04dc00943c6cc896642b413a0bca1fa231546546ab965f8f9d290a068e3bae06,I*a,N**r,30,F,d7e0299e194d37b7f1eb6e995315fbe93c6be360612ed2ca69b4ea5004f1724f,470905f0a34701d5ff6b884a7a3d589cabfea0698acc7059651dd3eb3916302b,b20c25eaf3d530a2df098de43deaf0b57556f2adf10454837331de6f68b7e35a,1996
048c0b96060f4d3b4701bde452d4b9f8fd255421f16e96394f39d7a6660db18c,M**a,K**n,38,F,95f84842954916c7851086d5b7b0a38b6b9b3698c3d44c5bf5ef0cf66443a59a,6fc96942bc46a716266da94810c3e45c686f0c213dfcb11d796f750cb2236f92,2daae2196a5707cee8054799070b7a04dd351023ce01ca4d25647f1771dbaa4a,1988
1e78041380d764e5549aa2ac4322bd122bbcfe26a54e5cb0f6f210f11b89c73f,S*****a,K******i,51,M,5bbc90e1abbfd3bb63c2478ff34726cc50e730265b189d85fb2400e973fea1ac,cb941052df1bf23c55626f21d1f2a0da174a13cd0d93df86790fb3d27e13b241,5a822655c61d1914f5634670dbba891ca9e4d71ab5fa5acdbf2320fcc3c08704,1975
745580e3e72a6d677b2701237c5fa67d1f5021ffee40ff003262efd750cb6349,S*****a,V***a,54,F,4672abef8ab540233aaa9b4665f956749993a9c5a5da43b450e7df8e43e5df74,84a605364f479e32a89e3ce7e9461bf49f8de599842f66766ea9a602a60f50fe,c4cf535d2a358705e099d79194ee0114769a371bed9fae35160b946172765263,1972
7acaa29fea4b531642bd8df15c9827d392571ae1861fa4b928b10f04cd972899,A****a,I**r,8,F,39ea30b4d101d0d3027c9add994eafaac54148d8ab9d3ec5fedd9774aa53149f,4cae489952c77e901b8f2f666ffc269e5625f3051b6da5a11e7539a934585570,afa435848d7449f94e3e478953120c8f7df491ec5fa6a281b2a9ff249030eda0,2018
2d39469ee325a2c3075d39c04de8e52cfbc1092298f34ced68bd33d45d5d1d7a,S*i,M****a,27,F,fcfd41d462528bd7a109c5eab9945e378baffa1b0ecb5fca567e69a1e909a88c,940022207baee94bd1c0fd007bd55f4fa95bce1e59469d20c5c7dc56b2ca2274,9d19a48d32d4d35afdf358ad2d0c6587fe842741bbd1c38cf05ebda32fc83e6d,1999
e28d79bc75f4ce24f9fb6af4dace2150680aaaaebf60bd778f49c587840f3e9a,A****a,A*****l,27,M,03737482f776c332295e6de3a2feedd15dc51608f88a0a1ac49c4a65239acff5,16ff7df625a3bb6bae1b392d2f9e734ace061ec707a29630c1e1d13170bb74bb,100c616548e38e66a2295bbf8f95145cfad46a08f29a3fbafbfb6d2fee8c5557,1999
f0260781fb2aba4e4277a4959cefacd2211aef405843b1b72f148059b1d4d91e,A***v,S***h,21,F,b396da0f1226cbab4a4c924e96fdac716756da02ed3be5c61f43ebb6bc80a390,dc99f7dfefd475f01b0ee0b93576b0852c072c54ee564a8725dbcdcb64528586,e2a422e74686347fd26f8b002db7c7ad7ef2ad5ef805875d292a4c5b68910ede,2005
75889cacbe32620502724d1e0c9489d9fb0cdafef8b085e7e3b558c4871c7132,A***a,J***i,30,M,f569b1674b2a2abf5a7cba9fc1c851cd848b91f4a18db0ef2574a9a89ea42e71,8b934188e0753cbe7094117c680fab03a370b311e18815b0b8d2145a54be3c57,9358a50de50c90ba786eaee8cf07004998a37c8a64a7897f5083d84d221c2a53,1996
37f70e517d13b58c91152dc3c591320d5d08e0be15019d148e5655232948953a,S**a,V***a,28,F,378406aeb1e792e3bf5f9a1cf7cba96fdb1262af34769c5aad16b58259f08d07,51137856e0531dab6f28f2fd3f1d21367d833d620b20d4ae36f47805e53e8f6f,76579a78f2aa0b5c6b3846aca0646bea40c1418a4cafc9a2e805c7a974665423,1998
2b4f9a36a08983a014ca1b0c4623c8bd01849514b4efa8ec0bfb8c38c7d44e76,A***v,N**r,64,M,c804333aa585cf821a005fab7cab4f4179f2bdf6315889642526b2e137e4505b,427606ba1b9d2339601a773ee4184c9c0964f705dab73705450b0bc374ea229c,4ae09537eba4fa6b7e0329f6a0e589c844c5da8d20733b1587119150f11dd4f8,1962
3f99f09b8067da26accb576db3f2755d59455a28748eeec02fdadd515a928c70,A***a,J***i,69,M,81dd743408013a7622cdc0a687629afb99d7bb9d6517ad82487c6cefa3686b9b,5481be07ee801f2a814b8b7564cd90a444b50f3b0df3abc0260b88eb0b59311b,a23e5e7bea009a1d9fc5c37b1e0917d604c7bd67e8ac987582348dd491ed517e,1957
1e5b5e5e2726e92d43a323d8f50a994cba39b290d4cae816a26d15ae2e7cb1dc,K***a,A*****l,61,F,e17b5a9652a7a59a4c61ba14c6223d81ca76e93a156c682672d96f6e72c7c8de,11ae2531d023c5b3d73db47188df31970de74f26f202262b8c4b83acdf104ed5,9c9048b0bde4b2b5d003134938258eb89c5bc84633ef94a96c97eedf6834df52,1965
1244258127ff3e4e2a0c965fc60154de658644e5e621ab1c633773331b25c5f5,A****a,K**n,48,F,77c8e9074410c52b7723ca3ef2a2db4812a3c83a2a30c1c1cbdca502fb808638,aa7c8f2481e6db8056756467458ab0ddbdda5265657b039fcc8e44586965c68f,45c2b286b2854caa2613bb21975ecd3cf86837a3d5e284d9f05a787bd39138b0,1978
100f06a7bac943af78bd02e7f9e374f42923eee06723cf42bd02fa6e076c6776,A****a,C********e,19,M,8d4aed7db52e7e53da76cbddfcb9feb81e799c1c77bf66f987ffb7f80accb835,2cc2d8d455a33d1a35ab6ac508d19649a2155d9c9e683d49fd5c448a17df5aaf,22c9cd96d441340071aa4e662289dce75c144e69a45ffec5c25d4466fa6f86b3,2007
7ea67ab0080ed1ab30e2d750fca3db6876bdb43354c5a30f296ec4835574128f,S*****a,G***h,4,F,48ddfb495e1409de7364db25b7ce537fd6c41542be92a35e9744c3b252b33024,e6945b4259f43dcf97e4f84709e0ec2ce27c6367a1015813e4f9877d5b78949f,1d372bcd255edfdfc0696791145e0033b6e37484c8660de30a27a4a7ff624e2d,2022
f15c5a7ae439f4d0d814a0da0ed58a95284bc4359467ecfbb10bcd62e48d1e17,K***a,C********e,35,M,3bf4612ee3033a11fb540052ebb54d7bbc09434c73a38b7bfb1429262614478a,e3d3fce7445ba3e0d60335b474b92fc415d974bb74a2b8c72da24e63f33967bf,c52f68aaccc8c61732810fe7d499e1f00796b0e99527c8719ee0f2e567495916,1991
a4da1fcf2618f75ca448b2f137763789ac6d1f279aac1a0e4865f0d7c48f840e,A***n,G***a,64,M,589ea7d8a3d33762fd111c1cc8bc18459f4906c03fcd3b2c569cc572c2a1b4d6,70c9d2751d9ef617e5070d0c6038e6ddb3fd72894bc19873a22e47fe25a2344d,e5a21d483e04eb938bdb6749460316d62de24a2db6e753956233025bd70c386a,1962
b0bfe7ea76889d4b319c3ccd2fd1d8cd443f7cac693f30da883ac5ce072f96fd,A***a,K******i,49,M,4fb6fdce78c5be84be8e019455d7ea4601c2d2494ea035009db030398be6e711,bf4791ba75d3a3951ba9ea4e163cc96b86869e27b706d6bd4b4abcc9093c196b,dff54273807e495bed8270d8b7eacda0a2b7d6312105c401cc37435619165cee,1977
fff87090542f8b51a79bf35133444b0f8471fe4637a7ded64d144766c44e7bdc,K*****a,I**r,17,M,a1d9f6f3e962a47cc24b3ddef753d2016f232ad9159ccf1d3abb4ad31443c7de,72af4303db9056772ff69d7edef4395f4dafef55d0bebd5957edab7be7e812ab,2f7d8db5e5ca9a042c3704f41d0d3deeefa1784508980b628c7bb9cffe4606ac,2009
bd0ef7ac351464ae1f4858d80d738a666e8a9798b43083c61049fc65b4ef2eb0,S*****a,V***a,44,M,c0ef28763991518d7ca9461fb9fcb3e3dc05296112215cb46431197280efa41a,c801ecfe779a085776cf1dee7bb6e3affa9ab8a0018a4a3cdee1f4725c9009d4,ba7cd86b47f7c172fae152dc1235a3101659cd8fe34c49a987d0f0eeb38fb2f8,1982
ea2b1af5291e12c0c2611bb064e78be7b194642f34f2e9ff47c1ae8e4c81c7bc,S****i,N***u,30,F,353eb9069c438433d517c6d63673418bbd3d03f4a7a2cd0085152706428b9d6b,9c4161ddd7547b8a2db7e95111d2a18db70733faafcdf09ed34c35736e8b7e00,8e38ae43b2eb67e049a3f35b9db15b3fc9cf4de20d0d18a413fd007534f8b92d,1996
9fca29bf66969aa3fdb96b272c6b766185937f5a27ffffdc97de71a222add84d,A****a,B******e,46,M,fd0b96ab5b1afe10524b4468871a3d6e1d0f008b9d42c105f845f8de93355623,be864b32cf0a0074eed67bd21c615448398f78ce858184987b0d32324a54ebca,5d55c756aeabae991c35952318ce1d518fe68bcde431c9410744f2e8f602977f,1980
b9b32695ba2e1d29e815b3bba7f97a87fe9d15eb10a414dc07784292ac860899,A***a,K******i,6,M,5ac6109743113e8b78a78081ba853a8b60f95910444a206336472278db32c8f6,43f2d2f33432f13bb1456b1f1d381acefaf70b97227f5b5c611fa053db19e59b,43a5f3b9a635d89f2cf96de90db17fecf8b4717fa488fb8fcf8f7527e05f1e87,2020
0a093d698b33ad8f3a16b652d006c66718f552e2709910d5db13ce04faab6a6a,A***a,J***i,37,F,6601bad14a63daef3f8b8b5975fb83059f2610a1f075f824d7a1d95da5da8dca,82355a7bba47c854856e6fba991e937c29edd6e234538132a5ee1f9314d386f1,ebd4e0b958e9cf2212e1f5c2a0405d89be33df058437732978adeb051de75f32,1989
bb7774ccaf953afb4ae638b67587b7b5f0570cabfbbdf5e8da80edee03a0829e,A****a,D*s,24,M,f43069012830dd408e8bb1a276b76a75c05855eedf22c1a8ba17d485721b3112,63c85f51bfd0d65b0a4683d33f37df597b3bbea7ede7291ff2d91b68da0dee14,84f6194635a30b9ec080bcef036e12a5219cd9085d82c0a795a2909292118ea6,2002
b4fdf273d54b2ade5506a89ba09603e0594ca44b488621e16852cbc787ac395d,A***n,S****a,46,F,781a5ead54b4b9fdf37607801f96a1c8936ce55c33f8a8b7cd3309af5bf85abd,bfa4a39c8e5328a5b9b507cd36b094e272fe99d3746c1eca2a2f4874cd018700,414ab4da8a8a80561025830bbaa5a928446d75c0b55f048b8fb189b3d3c92cf4,1980
2d8aa20384aacb9b04827e3c5ebead3d12aecba76827f609ebb69a373619ee49,M**a,A*****l,53,F,7f5869f7dbe6115eb617e9c88cd5433c967a062a6baa59b34d4c3caa6b4ae180,c62512efd862bc8534b9b110ae666cd32dfe76b0d4ddabf36c779214bdadcbe9,361edeb47425565a2beb78cbb0bb344a57d0562e83bba12ec449a2453e65c176,1973
acaa798e8ab832a8831bc3b9ff7b7ad8e4926ab6ecfe3615f68d17b4df47976f,A****a,N***u,60,F,c375587cdaaf8ede5879ea5c2d8b88894f05c99e386c05ba7c16007cc5b5533b,149816c289d170841e76632456653d8f548fbc5b9e69d1989f9c21c7c96483ff,50224b36282dc5e4a3c3e9087723d6d01a7955a9b30169b7dee7175670d01434,1966
acaa798e8ab832a8831bc3b9ff7b7ad8e4926ab6ecfe3615f68d17b4df47976f,A****a,N***u,60,F,f1f960f477da649d29080e48c9230f6c8d93949166c1d26f531e42f7a67b9d57,f5ed970120e60c03af0b120869215bd56f8e01f1ddb995cd9f35c6ac44d2255f,6a63b44b394dc5cd9e0e1614d8f3f18951460315b7bdac99ac78c80a9cd2a3bc,1966
901331ea90015d4bc0291766f4f107a0d34cb5ed3825fec0e3dbd03717fde73a,K***a,J***i,63,M,b69b5a0823ff17339a83b371693dbbd1c6b2eb91c5b8b194defb01e92628aa21,385a01b6e806c53eba62422ccfec1339b0bc0bdae70074c3e53bcb5439ef77ca,bc83ac153f2072692643380cfef1955b15f28595c2162ba00dc374f09ac68050,1963
576f2b5c5c776cbeb15003127b514a4311d2de2a9e3efe9a4ba27e25ace5cb12,K***a,S****a,85,M,7a923f5c0c4633b01282e6e3d7ff835213566505293529fce162d1cda10ad779,7826cb7870ca8199e091dccb8d3facf725bf723a5396547c0e1f655f2df9018b,df7e4b7c23935738ac6ed57070b600e9343581db3657adafd4a827764964f622,1941
c9ed8557564494bbe7442b4bc16c6e43b59a5a4be7ceae2c1c2e95f875aa2c21,M**a,I**r,32,M,26dd2ced2d034e88f8ef053a2f6c4f1d0243e94caeceac59a7b73c78e3b26052,4a6e4124bc7df62b9b5e56cbc3ab5cc11a1fbe08365dbc8affa2cb24b44efa83,ca88f964945f293d8d66402fb6eb0a094eaa6a5aa916932df09a933cda73dc0b,1994
d1406331ab9ef39ab2b3392b85933c1dab382970373f5b7ce9dbef3bf9b912b5,A****a,P****i,87,F,b9ca26c01d9639a93c2f0cd0f0be849ed5f776966384949e56957df21148fa47,b7e1ed41673dcc6a0d7b5e029e7fc70039e685845fb30db6344e3d6d3229976c,3d2a0878b146485978609f7d040a061ef535510a4bfda9222bc3aa7b9f74bcf4,1939
925ec241dafb2b93be2f3e97032bfe0e5cb88bd62b489c564a2851b26066b331,A***n,I**r,33,M,6fdc8fe91bfa72d0877bd170eab3c630e478b62edf541297dfdaf1fcb7d9da2b,ce36ef3513e5ff2155a69363b563f1341de5822626923f0cc194db3406e911ae,04210ff970abc8aad71f87181573764228b86b64b0d291921cd7b983b98f6afc,1993
3690dd88fd47d82ecc15b98b3a6543e9b3b99ea9e554806446dabf33557a288d,V****n,C********e,67,F,b991e4459312e951b5fc78472d920be737202da226abf9bfbe9b09a1e2575752,a5ae0e55e562c61bce3bceee0c5fd0d376d9655b95f4c57d0eef4e3cbbc9edbd,fe497e14ecf725ba7a61bc3579d156bdac01fc8c8a96d742344cff4e8028be6b,1959
e7e2fd3e0f43413b0f2816f9133f31ae829030872daf7ce985303c5a37c94eeb,A***v,N***u,18,M,bbcb3cd9c6268dd021bdee0cf03cb70ef00ee6be054972e0dea07c9949f455a3,eeed4208d0aa9ce3ddbe7715c6422a6a3ea95748a19242b0cf9392ac8df47c9e,2c47d5d58b0d354d5b52ddfe4789ab81078de1746ef5788816c28809a9696944,2008
e0d8c1e25660b0d08ac00572c2fef43d82eb0e315d4141db6970f74cb7183bcd,S*****a,G***a,25,F,4ac0909145c133c2868b0dd1955b77844473aae24f497294375107eda780c599,1f42404ed5dc26258611dfb77b9948771e3f0e94f34d4adafd5fbf336f746abb,96ee72d7617d97e751dc60b87a26046f8a7d63ba09ff2509d39e75fab65087b2,2001
7e41938799d4afd46db8bc75a3b0b483a41627daacf0c1f4f8ecee4cff16c534,A***a,C********e,54,M,b249560aa83038fc26e6c2e726f485506b6d150ab35adb12be50bb80b9f36b7c,c7ef8d59d76af452c7cc4499b977f73df5cfe6613b719779824fd3c7ca8cea4c,d928103781956dbe521fcb0f70be56896deb330a03233814f9a39db243d1f0ba,1972
a4df934159e17c6f77ef8d393588441f9c9abcf50194d863ddfde514c1ba87be,R**a,D*s,58,M,81c005a23ec037a91aef59c2835bd3473a1b54a492734edffc95e791acda79ac,dbeb1e2df6c44cabc61236f19d4693ea9bbe966069c0ccd88ce4377631e55fb7,1508390bb12817ed7d0013e76fd719f349676f3b34b9f7161d1e2b77835342e0,1968
2931a606a61afdcb673da2a9e0ac7d0783f700c913a9f329ea2ea116a99e8c3b,R*****h,N**r,67,M,68130a5ca7a496603b6bfd87579b7fbf717e5d9dc1f35c5f173e77b213b87e7a,b2aac981d599f00ef146487da5ec3a5496e881bf289f2e6b9e6985cc88ab9f12,f682997c8ad28d7eaf07c167eb41f940805a7e17f95ff4ce0f1b4dae56c76d7a,1959
87979b85c18377fa3ee43dd3364f334c31bb16b6c28c39aa06a0ace2b2bb137b,I*a,D*s,46,F,e7eb3bf476f908b613d127c612445506955944d92715f91d9979f9f396628eee,3fcb2764dcf02eb8ec32e48b6df17e101d292ceefa13039a0a4049a97096c28e,9b76cf07bc03c289c891652c3002163a8130ab77aa57b5925422a00ca787b2e0,1980
0e711df54c5a4d521d94280c5de2ee7b1c91cd052b2a5329921f5ffe1065c042,A***v,R***y,24,F,0e2dd40ef21e21bea80eb68d0850459a57e5644077c262599be895a22161c17c,4bb1a9f1fd625c8cbf19e6b7db44d07e1b5e7d7fa5ec95940c1f4d1c80e288f7,e38751c22e78da07b9cedb90ea58123ef8187e2771699af154ec6f7fef53b386,2002
6146a37de4a35d497db192de8d10396565922ccdf65b165704580b3329be564c,A***v,D*s,32,M,341da42a0d2e8e479dfcfff3b5dd6e003aab766115d8303cdca7d975d9208428,0367cb91f07d592fe482ed1f46ebf95e34120be52cc28228d5b0c86d1acdf042,7d3496902b17a3550668b82870c39e1292d948fb001fcb5b5d207f025783d477,1994
ccf9bd5ff5d83a193323ce5f3df498036b7b1159d06d994ae19139d4297a49dc,A***a,M****a,47,M,7220e937c42d6158679b93adf213c04b6ed1016d375df0ef178d26829ed52b36,fa5fd1057561ee97a66ee585e61f46c9fb0d9e264b510c53978a20d370ea1b24,200f97628efca3b80e07462e5816645938aa5d601696ac0533f1f487f859006b,1979
acb156fb7ddfad7729b4e1b7bd797e71b0e0ac40f373868930aa72f10afb0db6,A****a,K**n,86,F,fe5ab50010ae851dd9cc87eb20cdb3a238c2e9f84f0acb0d0a74777cf62812b2,c5d8bd2af93d19ddf9e10a3a5ed555037757d19e8275d9198cf3cfe90d9d1241,756661335ca868b5106d056ec7912223718d8750ceadf1e71d69ec91ce32ca47,1940
a4621f35fd3231fbb9eb9e2f8c47ca4f399e9135327afbca8dad3cfcc75d5cc1,S*****a,N***u,23,F,d7078dedc1ac0b38dc41df9104b8b47c22ffbed188086e38a22952640f589987,929601f4f88c13e098f788d7be551e180b83187f45512fa0783f04ff4270ba99,fcd93bd33a4e4ea70127fd1fbc539554fe229e1901f57889d0e67a29482473fe,2003
07a3446b70aa29f89b24c87767b53f0e01c381ce0b141dbced2d616ea669d4f4,M**a,N**r,66,F,2c06f9ca2db012339226bfea3a1d448753d1464c3c88dd8a56703f91da1df7a4,c9438bb746cd1bc3719e7b3f54afa9ab1dc3fb08561f485a258957787b0608be,f38dd6a2850bffa0a0b390cdfd610c5b3bf6433a67bcce5380dbae3a110e1391,1960
cfc35c9d3cd9f8deea603f67203cba18ef85d22d30213c6a46b654ef9dafab3e,D**a,V***a,27,M,ba2f022fcdfde2b70cd35fe64e7e1f54401ba4b079d9377640c4ca6464b66a09,2d722a2578a240ce9e3bf845eb8eb53d176b83d0e3a913ebd234f8065aa15987,8f6ad1a9a2f4841674e8c84d76353fd97f024d36dca85b8f5c870f84d647b921,1999
ff421e0eb5002c2a9944fa12b0d74fc8ef50622bbeebbfa26b19f0e802effd18,A***n,K**n,2,F,a0bbc766649eb6ebf891e0e3ce627ccf7a8a7c6bea02353bb0072221675bacb7,f511409251009b0ee7815ba53654abd3246d949e685c551ebe4e85601317280a,5e26eb97a5972bf606be87fe820709ad1c996b939b77a7d10b802efd0a5eb1e7,2024
95ad0f4b0913dec364723df2b083ceca579055a93f5a310cd1067563ce2a6eba,S*i,G***a,17,M,8ff784111ae867cd394ca1fa110633e01baf1e1a7e0ed432906d3ecf7027a3d1,9a8095f3e265403d50ec3277589d63a8a6cb65409d64f52f7700dc7ddf0a21f7,408e65abc5ed39f9aa2e32e5849980e7a9a5186f9a9bee2321527bbe07c01058,2009
5d042d25d06d51fbd78a2786c9f26c209908332be3a106bd04d4ca9068850202,I****n,K******i,33,F,2a1b5774a56e970244d0bc96e5cb655743987a6ef26a836be7e627ebfdf452f1,03393ecc976944a75a07d937119281f4e0daad365b61c47641825a8530b20a88,088b85ad5613180c5d34d5f4d78b0a21211a4d0a0fcc492094de84141a309682,1993
f820bcabe2cfa92b6146e4c4ce301609ca46e5204d9283832d66bd798c93f95c,I*a,N***u,9,M,f522ce91b232468a4c98ed5d88786232e8c819cd5eedf6ef0a89d72835bf205a,b158c36c252bd82a18932fcc291743fa518195cc3ea6a73b2a8040a9e4d2f29b,913356e009702d5406d727ad624f6a65f60e5bb93bf758c84853d44503a66576,2017
e34896f79a0e0759380ec16c206f581d69ced88424a2c7256da86cdf0e0a46dc,I****n,I**r,43,F,ef1f13c42299872ea0cbdd2022d012fd7c8b21f4a8b54eba633a05adccb9ce4f,4bb238e1e7f00486aa449ea9293878e719e124f1800ddc3b971312b2077c80ea,a68db6562d56293843ca473c01acc3cab443873de0038d0972ba43da6dc25ea7,1983
8d8f20ae93511da1fc31c3431fca0b705933fa3f85fc69c991b41ea56371139b,A****a,R***y,48,F,898a9c9110d497d01e93b1e8bc009d6a2b1ab4495da0d2b45ad3b4611f4d644e,7cce67711feda03bc6bec4c7f945e0ee054b13685b02b8c5a0bb44e1137189e3,f7048b9c4ed011d6e249cf11fffbb471ef82e2a19ef91ce967424057d564a3de,1978
0e5000ef0f412921e5b5896809226c2a356352c7c85ee1b3500ed05f85001720,A****a,V***a,39,F,001eaedf2939f38b0819403d22eef67fc17d5feea36c2be3a7e127b57702f67b,da3996c93490aeaec0b3637ff1acb57dc499abc6f9b8ea1fda22ab6d61e9cfad,f6f3158d4d12b08afdbca9957354b0e10e2cf5b62d3754e278c076043c2e6ff3,1987
9c0013f4322332d261239555dffec69c06732e935d1aee087ffda938caa7c7ab,I****n,B******e,42,F,c6b3c3f8a65784f1264b88b6e6e58ebe318bb5fc6329502198ef627695c71d8b,c3a8c799e0a250ed121eb4b7ac4485b6e165df965afe198579570990cfab6f0f,6d3fe7d198fba789af128181036f0f5bae2d49e5bdff41ac75142a189e28b033,1984
1512a5baf5e3aa4d825173469c8e1c926d47b56c3d4cefa02a289248d37a808b,A***a,C********e,26,F,6074c054fad6153bcc2b1e694819248542428938f60cce51b89a7b5a1c03604f,a0e8dec406972886133b33332a473a9e8b36b1c97736c3e1f8cbecf4ce477032,e12131c75ecf2ffa0e806463c15a362247fa98bfd80bb5c9ba017c79a9c0549d,2000
9bac6b18c15bfdb3a5e18c3e5fb7ccaf908c88cedfbbcdd169751f44b2230a32,D**a,V***a,50,M,2e4efe1ee9ef89f31a35faade1aac3fd557886fccef82fd3d595e3c48dc99f7e,6b3b233554fcca48e4d4c248fb724e1238606df595bcf3ce5f19a3762f3461ab,03c0604deb9d601219b33433183df6abcc74117a9156c8249c210f2549df38a2,1976
2b4d0c8fdf599c052b4fd074e6545ad56cfab92217400417ac526e1780373df0,A***a,P***l,25,F,aaa30acd85c274743fcd7c6f41022547889c8ee4d876d055c2e9d837fafb17f2,7d7112e4ea920acafef5622a0980f7a69ecf4f1c509d59cd27c01428eecd07de,cba3ac50d1608f4bfb2829e4640a091047698d6230396264f45afc1c3e89afa8,2001
fed7830ab27aed68bf31644c43cf29b25436d2d52d0d657335cc97b7f03958ed,A****a,G***h,24,F,93a3e20e94a249d724121ce22b6c99c64762380f1f60e08317e75c0e21f77d5c,dbb20587344b1e243de5302d5ddccbed24e63d080f86f1b08b61bae1d9ffd9cf,09a2af81d1ed48c9ba70a4b3814d5e46692f8c9dc3b8b1c1c2a2d2278e90886e,2002
cd5edf67052a03de5a25e4737de41990014e3d5225e431755c3604ee897399a1,S**a,I**r,13,F,7a8c3d109a3804d07c6ba7b10640eac0921bb771b969c8c71dfc4bdc525af8ed,2f16cd4c0dc9ba1c7fef3b91e148680e68bcb3c0cfba586e1e31d239fdf6c29a,6bc6a8c28d1414cb187312fc59a134326ce36d91902ce1431bbd53ed34d1c346,2013
253e3decf26bba87ebad66473c9ad56664e004ace4b3cf396b23d9b89fb2d722,A***v,G***h,60,M,2027f15e289a9adbf4609c3cf0538bec098712c84fb19cd75a13047997dd939d,10d3f46e96c7f96dfe1a37cf4010e64ecbecc28e7d1bcdd57b72f0d91206c625,ee001844bc1daec8c6c2d5fc899f1d60e53621603283516b962845dcbe602009,1966
c5435a1fb72283976eef5af06b19e80deb12ba6dab03da97f29f2792c1a248c5,A***a,D*s,7,F,fda4932bd44c3bfd7a7733d743f9bd0dac6a4fe49a33edac644f54d6fa66cdaa,6b0211c62dd428031749162cc37866f83e0926f7adc8abebebf439e817e54039,57ddfdb9c238558b188faffc80c65f98a84707fd470e73dd5ff20e8aa9c9e290,2019
e4a82b2a713097e6262aef24c33fd7d503c875339f1864d37634936f3a800a47,M**a,G***a,57,M,4dba94b1d1eb2b122a6523b68e5653a4af17a9bcca39f2d3bb8e8ae10fa7bde2,2d68f43224239b7caa74aa2ceee2504b7474b32d2cead0c82a204de9c29675c7,697b9151244c00e0c9450859bdaf9684d8818b050b399d92934f34b16461d530,1969
b48fae1fbcbcd5a9cf70bb89421239b93e240237c143c30daa9193cfa9486d26,R*****h,D*s,36,F,156d9357a4ffd95ac735f01a2c55f9c374bd3b0e320747ea02879ad8cd69e6d1,b61877d30f9bea640693115052032b6c7f6e0fd7bebc866ae3cfe260e5c04cea,d87ba26bd574b8e3df4195ea53df8f6039d5f76d9adfb2e4cb24faa39d6b6812,1990
e6450104d06644bf2863df9ed5582ce863511dbf53e43924bf1abbcc17608272,M**a,P****i,45,F,05be9f6a9deff099bfaf1db0114a8c3baf58281a9eaae7fe11ea1ecf11f0af77,aa3e4b92d90ac18c175bb0c64ff4c7e5c9d6978f31e0e0ba9d2c235542a4734e,95834a10a72dc8c4509cc055feadb2b830f458cc727aaff6e7c59ee4501734c1,1981
9fc95a8fd9fe12d501fd01db3063ab9c5330a24e9235a6dbd1ef3aaab3f0a06b,M**a,J***i,20,M,931d77a6045e74fa588b09260da83ca92172b8d14cd314f4ccf2fc0665e9b13b,85a6cbc86ba298da208f9fb227118a85d3cff972a33d7ef6ee6bb3321cf448e7,dd43a2c8d6f6d393d7b46a908617175bee4e92122459141fbcdf10dced95e323,2006
42b87e547dae3cf711f32022a9cb7cf3f038e48e2752358e9b58cd59aa5e7d1c,M**a,N**r,65,F,73c4bb6c0ff00f6bacd44cc05459a322f75718eeee99553d41ad387f199128d9,06b2c5c1bf1b0d59cd9f39494e73d99a3f95a3336528bcd99c52102d83169b8d,5457cb7ccc5c856c98d33ef1a3bb493c6c0399f3d76e1d6116b28c4185c79431,1961
7e8681b0b5dcad0de38066ad7b0a7c2be54c6d39727b1b40a94c03a56faa1c3e,D**a,J***i,8,M,69c229dccebfc11121f1a99d732dad7fa9660a3229d3e85dd7a4b520095d5c5d,1160f6ef7e5cbe75abe79279de6cf236612bf5386ddb644a3e8aca7fff7435d2,6b2dda39fb58fb95eaad08c8c545af5246392936fc7bb2438daa012200569f57,2018
051179b157321a62ad4c619eb42654918b3783c788cfba6aa7fd34b1c715c5f7,A***n,N**r,16,M,13776c360b50e891d0f198af6de2373b52a4394eb45e45e17b399e4f04f60460,a2332ff3321961d3cc4fdc5d54d014f7880d245871cd6bf1ce43578f6a0f8050,425062e79f645d6c61155b6ad7649afa61c6070540bfe9a600f197067007f6f5,2010
460b5a5ad37a13083a7b252b274cf64127648c898c6e4c0aa2e4dc3f038674b8,S**a,P***l,14,F,6c9d893d0cb4156fef986ecba59b672f3b6b64d3e2b408c24c98b8d5830314c5,d5d320a336b5fae61e80474fae417b8592d956fd05b98ef57a2d2269fdd59e71,81d0e8cf9360edb255013e65d10cb857c7dcab3f2f31fe28e153474d67a8fb54,2012
34c50cae2a69e63d8ab12dad7deab7d899ec2b075a9fd574b07c2ab05d81b33c,A****a,V***a,76,M,4af08cfd2b62b77966671bfce5a32db25a9030fcf85a19275b269511d2b7b2f6,d527c7ca68a03ea24cc5049d5434c91abd68018e721b940088705fc86a734642,5194da1081406c5309e0139aa06f9e9d83473abc48e5b8bd899233487402b626,1950
300e516422f3080e62d5a1d3d4f1b482b578c710975404636d66c302974b9586,K*****a,S****a,87,F,54c5dd1147fcac3e0ca3649b042b5d1812fa40d8c5f81ba378c5f682743f1748,84a97c95cfe2a120e53da15cd2d81c2c92b972b671a65858a263cc9ae42186a3,c6d8baa2be5f532e60b70fa3bf9e3b486c4c1089725154e0c34d1f21b4123967,1939
b86c4bf1fa01ec51c15c338168d4e625007e59b602487261959fbf8382ec9ceb,K*****a,I**r,15,F,5c321aea466a91dc394e31857db04699855aa5b0baa9ffb6f229935046305ac9,a633b4338f28aef5059e41707a96bcf2cdaa7b6833dd988dee1497d0431df574,d4478d293cdc57a599c3f69da1e73b790121d00a904289756c88e46045caf638,2011
e99a397d871abe71fc54ab78202753f568d01b3583d79b3ec7d3546f35fd8405,S*****a,N**r,66,M,560165c3926fbcbb9c17077b1bbbf151a24f2662b1038c53d1131521c954b8d0,8f90ca19eba4ce02e68736bf752e64c3708b9ad36d1da500b4149654456b84af,b807de2b08f56cfcdb5dda5d7996d5c5156acd2aed9dd710e3a9c0186e93a48d,1960
c4815f266028f068c58e0b99f862eeaf65c210e25072af5e72a63ca53af020e4,A****a,I**r,32,M,5c123679a1763227e22d8fac84b38bdf5a9e48ca4efa1db8d55267fd33100f39,4476eca85535e0f7f103ffd3226ee3b5aadda2fb355cf0b673766a129bfbebcb,7e1585e832adf6af15d8c04714888ae9e6f9b4788885e357e6966be024eff246,1994
dddedd8a74bbafefc91cf56c5d32abf6103f6214a807e64508c072a1923a4ecc,K***a,S****a,87,M,e47187bae6e94c28ad4db899d938f891d9d5fd1d0101678e794352de554ebae2,7204167c56c644945dd9044c882e7fce12a022e9413075c5e521a59cf3a43aa4,68c5a5506b28fcf150484c8b1f6fe398938f8d31b770ceab45a605e3fc121065,1939
0c217e152ccd55f1a535c71a74417b87d18517d362761af9e40aec699d050137,R*****h,K**n,63,M,b6a8309e6d87c40c75b1c9a0b341fa22697a7c8edcc365f9a64bee0bc57520a7,4f582d48dec354268523993dedf5212a055d394bc4f46ba22a5cc2ded441c68c,abc2554c651f49f41e5b95af67bbaa88870c6cf59ba78410be85a4abe53847a9,1963
d181fb10cd0eb2f656ea39612115738f4b176e2cffb0feaf83cb236c379d120a,V****n,M***a,86,F,4e9c469c3891f50aeb1f359519cb04ca9b79c35aedbf737ed8e3e379ea24b695,f0293a957c87dc684b404b41e496bee692ed51f2866cccc0d66eb39cc673a9f4,4f284ed88c7ac17460482e88ac5038bf199930f3e2ebaa3851a002be8467f2b1,1940
013d99516c3b5284e05ed24e98fead9f9c3fc2ccc5886314c7ff6b72aa3a2482,A***a,I**r,51,F,5eef53cfde3548aeb0bd01262b751191617369bf5fe3397086153f6c97f8293d,d9830f1527b283130c4d79e14ea53c5157a6eadc25a173a870f1a8bec9a89e46,527874983a59ddd478bc156440b9511e91019d40f47d5938dad08ceee97d4696,1975
b56dbde0e0be2b561f40b96027c685159781a84b10adca21d650d985af9ada1e,A***n,N**r,25,M,2d39d32790dfa106af2841364173b1c842fc228c2911298d3957ae79c8752f89,0a3ac0bff23948e2df06baddb85d54d0f2bc999174934ed57e01401bc5e6a7c8,6806ed4114c92b1d840ec51a829d16e03c73644a344649c048d4796f81f03866,2001
33ea68b459868b9c8926656af97a0b74cb353e94591689436b4d73861c571992,K***a,K**n,58,F,b72a1c643e855b4600158a79c45a3b7da72bd4064e9e5904cf341bd2966ca7be,413f65224715bf3c5e4deff1803994598c16ffd177300ca3a3c4a6e82ce547af,8b838d166fa464116a5f84d4c107a7e3644a289e582f7e0e40755b34f06e55d2,1968
b10cca87bf39c2434d094f305e8c8bbe33583cbb8f70956cc9b07aa8d93058c9,R*****h,D*s,63,F,4c28acaea0f5bd1e76014313f1d05a9f18024cd38f70f061a26d924bdda399b5,ac90dd79cb317754a089462fe3d69d8206cc6074cdb131eaed115443788cf5fa,7e024988a4d6b50a8349954b8dd4f2d1154865d5c6a13c0085112adaa3d9bd3b,1963
5aadc6c083027b2b87c4aecc6767c86098104772d3a66d0dda11ab4cd031b0b5,R**a,G***a,62,F,ea0caec7f0887d720e86fe7dee098aa6a3ca1a4fd3fa29dd85d92bc7b76479aa,e92f601c16b9de2789f29087fb7fbdcf01f4f570c58ab533aacfa3226dafb9b0,bc2d7a20e149b0658040fa27eafa26efcb1777029312607f2b502af59bbcd69f,1964
7ae0a3e744a2bd37750d3b84ed95f70b570eb5c4367f6454611d81e778484d33,A***a,S****a,22,F,b27f88c5391e8d4d5802d7b8597bfcb08473ed88c1e2d611fa2a0568ef5e80ca,3538e81d68d663f33b6db0bda727d2678ec675649dcc837e15d14231dfecdfee,6042ebe73951da5075d0ce8cc07d9ee16caf07aa00d0060cd7973d64d3a844fa,2004
37b790ac45eacb4d66f50b7c5f6adfbbd850f1ef459633d46e1335583be1bff6,R*****h,D*s,58,M,9bb121365235de270105ad7de1928636be44097e241e77f375115a46423134a7,4a5449fe9ec293687faa95f71ce1ef33d2416f996a939c0e351d95bc9c45c0ed,75d8cd8cb2c7b36b24fd3678c6a3d37ce1ef2e7f872bd26289e23ef6718affd5,1968
6ca38ffc450ae62263f740a07c50384cf41b8e1fbbdbb5702cfbe6ba296c293e,M******d,C********e,58,M,7db8baa3fb2492851fbf163ebb5a5622ba47f7c572ebc4b75d9d8fb1e8b6e52e,8985ad6226884d9be03323f5317405918865ed06f7ff9f341f6bfc9bd043762c,6f512eff912d5e5afc1d0909ff197c948004c5ac168c39b8270084c823dedc56,1968
081a2b17323ae201cb16fa33d3c2494e3cc3d447b9114a9680b391d9d76c6b25,A***v,M***a,86,F,2465f676ef290a13d3f9bd20bb305c3268f434adc540603dd2876d5001f4bc02,3f408d43acb35ec0200a18d5c3ae1b7e34abd221eb4f17ac89f972af2c80cb1c,67ea7bd8b91a6ddc6733f9682e9a962be7e34e7bf8b4d480a80bb664d65a6477,1940
4e93da8edd75970ab4661c644bc1ababc1440bcce6e1be1e781a20f5ca67dc38,A****a,M****a,49,M,92e26f2eece8a6364fecfeec1e3e0b2652f98995dcfef8772ab628c740a6049c,7e1cfd625be1ea49e4fead42f2fb11ba2b54fff2f3bfb381aadc609da140c7a8,ee26c0c5c69c2ff44cbff182c9d8697697938cc920a646ac16eaa2a8c5b6b362,1977
e453e79b699aadfa85bc39c7dd2730f841d1f87123c949fdea49d3dc23717e6b,R**a,I**r,52,M,d34beadf10fb10ce12c85c885e67a80817b806b2f0053dbfa528b3d8d11630df,d9bb1f9b900418b73395965a8263876190b442951059cfd6a7ebb59bbd6a221d,a1fbf45e852d7acb7db506798c89ae3d144b6465529edd2ceb3acc5e92e0e053,1974
c4373c1b39af67a844b4f0fcb9af4efccc01f7d47ee13a02e81537fb003c3306,I****n,R***y,42,M,40577271e62a4cd6e9db3a8581cab24b614c7a0db4308c700ffb0a30df9b6105,cd1220d4a41b1f25aaaea46855d9820e17e86cf0a9e8f03b508fcaac147668c6,0f3fc4f2ca22625e5a7c1b6c084fd94191a2382898eb319fc0c22055d700ad55,1984
5db4e5dc07ac3fe8280e13a01e32e7f031f078e4af45dacc27f1e2f07c5bdbc5,S**a,D*s,70,F,3ca404f50767e5086e1a69d26f80d74bc25aed89bfbde893a8aa39167b8fcb49,9a16a5299b09df52cf3effcc002aa838b12a6eaaf9762cfd2f24e4382a99f4da,e6c3999b0bf7147eb8eb610ce6e29532db1ebf27ff1c2d63b7dfd9eca7aa515b,1956
ec0811c1674ac79813b0b65c9f9a11f245207d0976e55485d92910094e644390,R**a,I**r,15,F,5ff25772a563a8de3781996bc88b610a571f91af0d146026a33f7b079b68abd7,acc63877f817656ef45448edff1a65afcd807a3a3cd1503103a0f94078c83125,4f32eb7bae4c98071a9fcfea5e769d01f1dc06beb40b84c4ee43a6be356cd26d,2011
0e699f0e06c390e586417eb020e3a0d80b33e618c62a55599068d510c850b9e3,V****n,M****a,54,F,7a8700cf0979aa1f54227a37e20130005aa4d03fd04eea4e480281bfa749f5c9,a74f892c41328d43cdf8a1d2f345cfb9ab5722c1881ff92ce571d4542a87910f,0d68ecd4e646e75b440c17880c3dfc216bf8a698433d6af42ec110ec2c1c7aa7,1972
e1688c6ebc004780bcad9096d26756199cbe40862ca62d8e2d77c7a2f82d0a5d,I****n,P***l,60,M,fa3f10fc9144d62b2d877779ff5eb6240dc7b08e21c59f85ddbb7f0a39a8b2ec,71c7ddca941a83a1427170010bf5d258b9f7ed7bf031a7a2bffd8bd95f81da4f,15c775c808ec82677a6ca27d023647da2eeb132dcca82b6c14566160fad66ebb,1966
67bd3af4aca1935d5e894c39596c00c1462af5936ac82f98cb783078b32b6c0a,K*****a,K**n,8,F,005022bddde4528d7445c0907554d5ddb2a2c8540751e598cc248a52fabe0bad,02dcd7cd2c61e7e34da477737e2a70d74cacadf99a9b1b50ddc59cffb936005a,734906a78068b6efab1c70f4155807b281aab903528bbc1c49f687fc138bf49e,2018
1912700de81700fc229f08af6a55351ca14389ea0c0b682b5d98f7e43fd18f79,A****a,D*s,53,F,aceee63768b20fbd38e46ac4cca1e331058e27bcc7dceb5a1cbeeb7add185404,fe760a28aa18351d658047754a06299fdc21220b98b6f49353a14af4971916e0,1b17f8aa696d133a5597e0892d0727ffeb8846e13d7977c94462177ab6ddfc96,1973
b3e6d1ab51a6c1534788e4eb16a6c052c8bdf5dbbb9b409228f6f9687c117684,S*****a,A*****l,60,M,29c66918a04191baf56e1e7599cb7056bb9f49b247724f045a54ca56dfc4cc96,715807e60f4e60aaafd84b216cb3e10b0acca4975b3074056fc52313c4afb719,39a6baa761a98239781aa17d35d6148ffbce74f2e3858c93686d2e9496abb9ee,1966
6c3dd074cca84038820e44fc7349e07d377e8f5d75c8d3477c345ac57fdc04ad,S*i,M***a,5,F,de6c935b48ffd56e42007be6a981f7bcb7ef8802463bcc5448b9d07e7d649342,844749602f73f6e850165b8658dcc5f0f218063a4817eff7ae1acfceb2f51df2,f06aa907e4b8a1f0999df772bedccc2b0ec5f5cebb5a0adbab5a7bc0814408ff,2021
badbc8cd2f0a1abb3798a7e4bfe25aeb01f21bc0469d012e92ad7a53f4909490,R**a,K**n,68,F,bfbb6cca64f6193939058368a049cd22fcc98b9d4573461869df27903b86535e,d0b0b4ea9f2766cc687c278b1a8f2e35f00c0661b686eb4ba22a81d461262b45,8c2fb15914e3466d48962190ab2e8886247ee27afb85e5be4f02b930d8306dad,1958
68817845c7bde67edec29d198d21c1460e32dcbede85fd085f7ba7a632b75af2,M**a,G***h,6,M,2a34eafadcaf36ba908f93b40f55a411ec7db0274591ed1ebe1c09f00e43467c,84e7856158ca0d54e33a7c260d608dff0c17f500607d3f0f14e01ce07778de76,190fde5af21c8960018cdfc067db2d62869a7b5da8e78ec63c244befee9a79f9,2020
705e8a54ff06745a1d7eb7683081564cad6419b93cd7e231e99b8e45438caae8,M******d,K******i,47,M,93242189f67b7682fe10f89053729e8d4ee616ab822c0481bbb26b9c206f73cf,2e71a3392211dd3839158c6f1f481010601eaf0b924e8cd767cdac6ae8c01cf0,6f8b3571d9c06c511b692974aac37a40556d77f1cead394948627ae8331892f3,1979
057f584babdcf5f8b5a00a11422fb1d3548b0f6452655b0d7c48cae445d21bcf,A****a,R***y,55,M,aaeffbe002300e91896a70af10d4726d199e6a18195874fc8e8e52d1ad53a90a,a620fe05c593e4867b9dc8317138ed31042259a93c5a10e9767612f05fefe00c,4fc3d470c462de4a61fbc85e24cd92d70937109bea6a18fa80c51882cc5a6b8b,1971
fe8378226aea284fc0bde70c404202521495e2831d1809e19eed560393f944f3,K***a,V***a,40,F,9de3cac3f3543199fea02055e37f29cdf5ba55fdeb3f7c70be4f427ae2772dbc,a7d8081c677e7e7311cab1ef64ff9c9cbf931bec37e6adb9d84fe8c049382260,21eee320d5f576d3b9d0ae4587770c8e5079db734ae28ccdd4c586ad8518c662,1986
cb8500518a266d0a024d0a16e212d8f568a9d5a6ff092b0c3a15c9f2851823d4,S*****a,K******i,52,F,d8a35a427aaa7ec9c76f860ad0d45bfe1af3d48ab98ccf578829b7b73ebf4d08,f5a63b62612cdc7fca3e4520a59a276ffcb9126c51505104538040dd939ee9c0,a4f42824c9b2fa201d1908f1a6837307d0001bce28c2b27b2f0b2d0e8d06a511,1974
dc93ed732046e4d5d66a832fbf972b92250dc026592500fe1125c973ec8b9e18,D**a,M****a,16,F,de6b7066c1feead6911ed7750e8383c1a0fa0189d757a99074635df5ac2248ff,1b5b8056226e8be58d416f8a1be365563260cb59b9d9205d904ab290145d8bb6,ac670e617038ff2fc593a88b73808e0ecfe45ced1256e20a329c101b9b224613,2010
dc93ed732046e4d5d66a832fbf972b92250dc026592500fe1125c973ec8b9e18,D**a,m****a,16,F,20cf0452aaec9354b2fbb484daec741642963cd11b960ae32deda63911099adc,54c22a0c03ec1e8d6d13f376a4329b0b11727160000eec7e6b529f4294b3bb0e,96e7a4a83ac1e6399d9dcd66803eabbe68b3a16ef6e00c4d6bcdf3a637ff4a62,2010
dc93ed732046e4d5d66a832fbf972b92250dc026592500fe1125c973ec8b9e18,D**a,M****a,16,F,0afbd58151ca7009d247c379d0aafee44bafb729a2317eebb742a7089521d6c3,334f093d13224f08ff9e27567ed8aa63a9ac734466e0689331d4d0636e5d7c5a,27184d44485a7fd845d9a16def57c5992dcb7f788ed57e1f65b99ad4f12ebc27,2010
6c0423de651123c912d7462051e6bc345be6288cc0aba56f3a25d1004a12af7d,A****a,S***h,13,M,145015b0217e4ce0a893000e4fa1179e15d9081c229dde8a81e30f4d1abcc818,ed09653fc7ab6f758b9027add9687f8160c4c5a4aa86b6dc3df905ca34336aa6,e7501d0875abf572ec742d364a1841575c6a68d653b89004c5c6ae3cad5a835f,2013
ceedeba768ebedbf35f796e8c8edbaedd1377b9bed74c1e9d1ffa6c4d80c8219,S*i,P****i,30,M,b8e0d1601a73e76cb8b26c6cbb1f104d4aacb40646941dfa3429d1a9042e29ac,3c538b4bac02d09266aafeffb4a406900e25e4d7a36ad1900d978ad8a9cca055,f1ec5c75750c309d5c00ae1d1f380605dcdbb4bc2c748c23b7a4d15f03b558f9,1996
493f03c091f1bb5b6181ee7ab114c66faeda7d62a9ca480f33d547d492e5b590,V****n,G***a,19,F,be4c8a1d1ccdce8339dd6b088a1512f0b2cf48891123ffd77a00b8d60a9f13a0,a1e724430dc598431ca6dd6b831482f245fdb3fd1fa669fe231badbb66cc6840,fdc83034b2896804750c32c27d67192ac6fc435b2421fabcaf3ab3c51c803567,2007
109ca04420be7bd482269ed2ae4255dcd71241c4ba0ccae0fec8c698ff0eb2ae,R**a,I**r,17,F,cd301f4095d0681bd288465211f8a2795dc281ae25c11ba9126beb2c42e4da77,e3f88e4992f9406994350f929aff1a1d8cf14ea881cc4391f020aac52662bcf8,94d923a723ebfabf741cf1cf990bab88ee0dbd46091397ec39155ea0ecbf0440,2009
090523303005a2552d9d5c402165ea90e12c9b22363db18588f61372dea81132,S*****a,M***a,63,M,a4b5de451a9f27f66b80a0a7b73f0a6364e903cf7a1a45f61c70ebb4643c13f1,fef8af1fb662335fd388cf0d87a633a9ee097c9b3bf3e9b713b4989028974d83,090b2d87d12c850cb2267fa7eecb400717f5dee10695fb515728efd15f3888f9,1963
090523303005a2552d9d5c402165ea90e12c9b22363db18588f61372dea81132,S*****a,M***a,63,M,46cf33ceae0f78bb53beea42baf5a71a7788c42946ccd7c10aabf8351d6cde48,00152d575d414dd6ece2a87819bced0360466b9f946ac94727d0dcdef21045de,29d0ba3effddfcb351c4866f2d1523bbd3a1b58b5ba539b2aa35fb8b8fc65b57,1963
e0c4ae7c95c83413b3810dd2b7255fcbf8bf407eef7a1b01f21fc01e0d1b73e1,M******d,S***h,19,M,544638a39e60e4170168b316d4040f9c798090c48e8c40442c0dcccad461f006,dd4bbc94edc6b713933441ae14ad0435e393e713b79f57e8f12e9ea8f104579f,909ad57d5c4c14db56a694357f683b0fad43d6dac81294f4d2a68ebab9a33a82,2007
2382878de23938315ab4c1890663304c3efc5452d54d7774deb9a052078d4cca,A****a,B******e,58,M,61a549305b31b75687a16b646a3374db02ed882ed8813ad2c916e8449a640fc4,fde69794a42e00c105035111c275acb99ecd2e21b6f03defd91e7c0b590ea597,85ed7fcf7e1371cf8517128f9547e725fe11782319a280b4fce2bdda725b7b8c,1968
b0b0967aa76f93a11b6a6eb1aea7382efc39b6cb4d5c347ab133813463842e8a,R*****h,I**r,55,M,bfa46ec5fb166fa52280b01af8cf8f2978e8f18804c3e98a648c99464cff987a,1cfc3ac24d68000800426ba3203ca4c6794c260e4a3b048c48ecfef25076db65,14fb349e8b26ab34c40020e9a49c515ccaf622702ed30ab0c283c0fab160bf3d,1971
5e61dba3d3be01ce56f0eb0a343414c0fba66c93eb90e7c52a7cb4b0481b8314,R*****h,C********e,62,F,a56c82adcaf58d7fc810a0a24fbc6d9cd014203ddbf9e82556f4c0523622d286,7ad7b94382a763035827d9f983af63453be49fb8ccbd1213f34ba181dc42fbf5,858e59882d15f23ba2ffc0320a0a754dd844514336f26f527c2106d3e64397c0,1964
f6861027e97fd3c0d6dc2343758ac39888e39e1a05c31af7b55f17a294857218,D**a,K**n,23,M,63819a59e5d345d8538eef632d2f92477bc1a8b7a46618b0d99abaaa90ad74c6,74a4cca6a863a31ff5896e92f26b0f436e866cd2ca7743e009caef30972910e6,afc9ff80ad3cd42daf971a4059dc9bdb70cad65794410f013f812bf3670ff0ec,2003
e3c878433ba57c2ca8f9d7b744b733276d9abeeb89a525718046754145e586fd,K*****a,I**r,9,F,88b3057405d198511524be068e17fc71f132a2526806cb57ec7e4cb3fdf2ffc6,69cf44b99e3d3b2efa0a54aef95045975b8fdf38bfe9453e457caa6e52c9799e,bc3329937bc9c5e478deb5b7e4a30b992ba36098422b4feb8e2326c6fbf5ef62,2017
0e6bd3c6a7ea5235ae22a6c35dea9a80ebb66b6997afe587cc69b4be29ae576d,D**a,P****i,12,F,7cb24598ebf2389a458f0b512b931ca9f1f09620356ae432472477814f2ff01b,983ad0b6238d0185c0a5dd4036c34dba6e75fef79169745c88b2ac2ee5f87ff7,539f3bcbbf7a56b2d681fcc788875a177430c6d468a908b258b64f136790be02,2014
ea9422e929a13d02813de016955d26a0bfacef41fe3958c78687e7389e504468,I*a,N***u,1,F,6e18716da8bdbcd98c0961091415a7f3de38c05071a432354a510041e14c26d0,a61c648043cf11755306d9806b8d7981656e84a230b26868a034b9a74d013bee,28bb58f0ffa8b1246e35e118ae79e63448a9ffdfa8d58ab848db0587ed6c1ba3,2025
d79a34f57b1a7071f7288264b812d63b840ca7fee1b295f044992392ab2a1e9c,S*****a,G***a,58,M,cfebb67f244187ed67c6ccd745d5283968690f79c156fa85487a5470df5f3a8c,6efc1498fb4b1a98b5306d3d3032896a038480c03c4093486a8ebc78633eb3f2,8674a0aff2d7f9560679330d968866922b92b114d280bb9392e00df743d4df18,1968
4f0fcf7fa9722f71c9e589360f458c2e186b3827dc766e79c6d467e5614e4fe8,A****a,G***a,1,M,eecfaf3b5d7de0da2436049c6c8b5050cbb8f05143ec3e0a46c6da8a6f52c252,872b46caf24c77b2a45b27dbfc6f6ac1394b2893008b468af4de9b1f35844bcb,e6202a9353ec050db1a9dde8b171723a4097603140eafecdd22207f0dd3c6ad6,2025
671275e88f80ab6612b251a834bc7c2c958d795dd8d53e18ca9e1e16136f7771,A****a,N**r,34,M,8c5f5cda553b9e21618f4796fc5f654e2b165aece007794e1a22bf7ca65d2fd9,859739da1c7397197ea8513dfa712e782fcad1636834ad769969df6daca084da,d440178f6d4d838b1d25c4e3fa5475809f60fd505062839f6987f15284845f65,1992
ab9f8c049da1799973249de41a2e0981bce29c28386eb04f7746466cb4b8c085,A***v,G***a,48,M,70698605529da2435e3dc2b854bacc5998a40e774f514ebad6c303e196b25585,9a60f77da1d6c88d0bcc9cbae69b56c58573507f6a1bcd15e6044760f3886b0e,364cc9284c15e18ca2ed5c0205ef2de2f77f0c562c5b3055c3d0aa07651eb1cf,1978
dc6fb047661bda2ba8f327187b9cf1aea702d869d79b63688e0ebfde76b1f20c,S*****a,I**r,89,F,e47fa6bbe33e6d4c474af0cbb906feb3d865038c83a298c74438574ea0d5dcc4,7084c1ea27aa9e594fb4efe03da6944cc4e208acc2ea5d60f30610a1e6bd9ab1,103bb139d8609d81023bc9328e50947de599e14f5487b1a209ae6666fa18ac25,1937
c6595c4a92145df79b40adffdf697cd7ed563bb14fac14e4f9010c1083ded6c0,I*a,B******e,1,M,8569c18e482d439937ff9195aab944cb02befd9922661627e5580ebfaab889be,70a06b0aa8cbd6424777cae6cb1186bce4fb0e5aa191d3b68977b565c4a34bc8,c1bc7954271c3458b7e4367b456f16184b9d9fdca52a46d4b203d2cd0402a659,2025
9a5d603fd6eacc409027cb091b3ea3b03a3857bd38efe4a1b2ad7e450b585085,I****n,M****a,16,M,26342d70c19d45853702e0bc643200702fafd4dc3ad21a5fef4bc62b3580df94,118c80762725161c4f6c53ad01d2574d227c9761a77045afab845f981bbf617c,8e03ab739474bc37b16d5f4f9c375a7f32b4ece483d0d12301a253e59fe352ec,2010
c572be8c765284c030826ccc2a248fd4d939365db7b6eeb4afde34c934deb9b0,A****a,P****i,61,F,93d3f79cdde565de2e27c8b976eddd49b8ee97b291b06520e3a77efbb5d3fbe2,07703760093b37eb5abd3807797a3d3c9bf32fea7ee10670afb175247eb44065,a8678b1f10418633185195885d73d39c9eb6c3462c1f5467eb0165cebcb8706e,1965
adf953b0aa847b5182673af99fb8a2be406f8fd8c9aa9affd2f8d50c1d345e43,A***a,S****a,64,M,d47c9deeb0e2bccbbf189789b53b46077c3ed6369b40a6945d243d62fa069cd7,658035f0133652f07b224024116edb8d8656a13553022cdb440568403bcb881a,462c768ef70524326f1109dd79961121c9eff403d24abdffba118398ad6ab201,1962
4ff00403397e83e71b7bac58d46092c1f4c0558542749ae813ddab899eacdeb3,I****n,P***l,63,F,42d8602c763faf8913816ff4ee79e7e68bc2317337ae5a145b7fed9efc11b515,ae84ed28c7cb7d05c5836655dfcef51469b7e23a929f1668148daeb5853540c2,55c8b9105a7bdc0e9334baaae925ceeebb4ce4ffab4e0e4b4784b8b9c3487ee3,1963
20e09fcd1bcdf6adcace35266b8c3d44d1b16ac792d199846a07ecfb1f4d5dd1,S*i,C********e,69,F,f8782e410bde2484adbb46d69794bd7228c38352af10a2d99d55607933e189e9,960db0dbc88c35e2895205cd41957f2cb34a6fa194a83e73e2252abf5cd4833f,7cd73111b2d4855eebf192ca0380d24a25ed1d2ca5ddb4ba7a67a966fc252557,1957
7cc494ed01333ca3c7ab0eff63086589b5a996ac86ecc321bc389393be71b5da,R*****h,N***u,22,F,dbb978f154b49e1e8f641ce9f6bfe3402b14e553394606edce528274b7bd633a,a12f71899670d9a4e7c814cd3f463fa13d3c6e0f51561c7eb8b3b4480f37aa8a,e84c4e777d24ccf2dfbc55aee83f0996c6522706b2c76e09d2dda528229e81f0,2004
2289bf748e0e8ad06321bd12f0906128d2a91e7327757bc10bd7a6611a2c9287,K***a,R***y,67,F,fc63a6ce6ad4a13396a73244dc6d2bd40e54569a0e5ad7401f07e20ac358c3ba,fc8c955d119b48e98fe5b231540b8c568bbc97004a41d20f9116f8231840296f,8998b89f2d061eb09a85c99b163818aabd4011d52c58a742390d4626b0605fc7,1959
9c476f4d33fef5a4952438fc92ccea5fa9c8038dd60020214844767d92ef0dd4,A****a,P****i,76,F,b3d1f70cd496733fef01d07029385de08412449eeda038340512a29fa1fb2458,4473432f9ac7de0a1b8baec10f9463736405b4ce33f475ff355264acf3491296,1ffff2df83c718e6e81d4790f421d9bc9124e43dea26c246bbf27410ad75f0e9,1950
6d64c5db9320443a09f781a2448e89f34f0981a8a62009bf634605c5eed2f85c,M**a,R***y,26,F,794a143bda76977ac1b07b6506a7e146cb07d3edd793103946d4aab8deb670eb,2badb29a0babf5fd7b1b0c74e793e546e41ca9b9e7673406984f5489e2cae60d,87994bc0cdbf7ab6ae976f68976da9248f875e10cd603abff5607c29cc9ce65e,2000
74b5ac26638e5b28480737ec4ddaa86564e552841398bf9790f80b3e77bcf91c,K*****a,J***i,16,F,ad7cc1eba4e6c2d741e5a3f68ca2515d156aaf279dfd8530c36f39761629c8f0,0846679f24c8eadff6ffd477de6faff5dc697d33f45dd1065fa399b267a0958e,d176cebec3ccfcd447fe4659264a48eb17eb4f83b8d08531aae497b8b9767556,2010
d4ccbfadbe630f46c135d0d8702ba98455bd03cd6293144ab3c60b8ada5cc378,R*****h,B******e,51,F,7b0b98e56f5bb2cff2db58c7b24ca82d1cd4931134c6993e7b0ba56eb7f95339,2bd1c0b7e639377ed576766c295a05722cdc189025b62d3204e1112cd88f77e3,0021a0aeff717a06d55a9e78fe8b18a46973e5d36c065e8867b00e02bd80c733,1975
e3645aceaf7263fa768480a43ba4286e60fa254f986bb1b251864417b42f1c9c,A****a,K**n,86,M,dfa55acb245c647f481bb6dd994e778d446b3bb5ce53b2473557d0a7faccba33,af5461144bd5330629556dee4a7ae80f491e52025b010236322b41ae658c0560,3e8a2af96b41ab514b2134daa58b073c6a439a35eb14d37e571e989c7c9e4f5b,1940
c2f61e9be3d5b855846c5c362bdd35e8d1441dfab903d122b461088e3a36830d,R*****h,C********e,57,M,0a03b0e05f72047a1573e212435c4963a841522c0804160ae9ab0c251703be74,18e6e1f5c516d6d8c84ede39d2f63f54da6df89824b9fa37070b8f830489148a,1a34bf6b20065cac0a004f6cfae6de409904744b3a8ee99d922cb3d3fa222a12,1969
dcadd8f9dc6e69dbaf18cc7bf47beee23eb6d886188c54137af3eff804a0c35f,A***n,K**n,29,M,a6a4759d20c92bc8a3068292fab43fcc87d33cad29fbb3e9fdc63be4f484c344,9dc7016507175439069c459024d111c5165e5c994e1f874f9fd13b9da5d1507c,c1c1e3a03b919e432ee19b0e8e979590bcfdec5accebc8b2a8d64651ba969fee,1997
9182058658b2ce97182ebc13b51ac923a7c0558824d95a958924aa218357a9ed,A****a,N**r,78,M,565f2e904ad512d4feacdbd2d420424102ceb9dd04b215ac6c1b450647cf9b2e,22e4f7ba872992dcd6c3a2a132d6ee462e514329285adec31d50ada78a59514c,5150c7fee6b058ee816a4c69c09aa5987f69e0d88426978ab38abb8b94aba2f6,1948
a2f706b6178c3f8090421f61031e0b4e0f53cb1323a0f935479b2570ba0b6073,S*i,N***u,69,F,574b8ac28c8affc516f9fe1bd688554ab156cb085932c7ed0a7f4b6c8ebe5ec8,41f33704681b65c64e1cce2ab5b25821ad243a388588355e0bdd16772736b58a,a12d752eb547ad1bc4043035b6d5f37e80cb187982611a4ece39a31a9f6f8bf5,1957
547d9344fb2018b3014f8911219667d36401d2e162a40cb2f7f9302c1a662630,S*i,G***a,47,M,4343c29a0b52dc343a9567ac8befcd87bdb6bf0ab619cb98d6845ce1aa7c534f,ae798e1f3990256554fd2631178b234d4b8c1b0678b126ca47a82f4f3bad3654,d2abdc80008b73b8316d0511d69204f5e1d6ce5851e8063cd3030e9eed11061d,1979
10760f5869cb3300ef931074f9a321622460186725400f7051c238775eac7953,D**a,N***u,62,F,905b3c2c13606fdf63d1a04aa570cfbfb0fd21178d4e05f3feb1ffe2a4e6ba70,401d0629b8ce6838262684214cbff772bd32ed74e24038f7e3b5e855642a4734,bd27f3b24487214ffaa8c3e1cd2cdf65659d96df09d56ee0e1a18350bc168601,1964
419b628fc9ea162e745f43386796fe33831c7c6c142a4bbc0e5bf7dfd2a89f8a,I****n,P****i,69,M,4fc337a2d99bcd0964a229e03bf08f9a93e701c3922f938a6d66edc0d308b10a,6c0cebb4f70cfc903bf2f67b37d95231e72d04cafa99ff84324a0992e1f3483b,f4d7dc8484c5c2b862b95bb2a632c4ae3531a9e897af69836951d6a4d75618dd,1957
06931cd777aeb4cc686fbc5e50786a9d9cec0e78ebb989a9e076330b62a6f35c,A****a,M****a,76,M,cbc16dd88011cda08affd608dcc548a00e1de0e58554456503f2d60e3738aa4b,04c6dd13b7ba484279e6dc69187ef7386175aa95d1736f231c1ce898fb23edad,8b215d11c71adf245da1b6f05406c358a91e4f292e90b83f1de074e916e14442,1950
8dc928bdd6a7a7903365d77c2b04a4497020886d70a70ea3f8a4d2574e755aee,D**a,J***i,16,M,bbd90e5a86f81aa7329182cfb2d1d66ac1bcaf08b14a953605181545293813a6,0733da93e9eff0679040c88276d9a14e04cf46439d0979c30ca7bff5a3a6ec0e,bda7798fc4f38b38de4d6677a1d162dece1d6ee8b8af6854953d4cceec5f3e84,2010
1f48e7b58235f1c6c2b7353190b545fb09ec1a460a4d9b3700a2542cb336f9ad,D**a,S****a,48,F,116ef0c90c71c36c7739b6dd20d45b1fb256be350f0b1daf59c57c639bcf8b67,9185466fd015e22b14c8b146dbf606d515f26e2fe9824b95c0ca6eeb91264713,21182db335372d2cb329e8b3c5449e1e880bfa952c3fd82d117cd0ca2b1912cf,1978
3137acd53e7393d62aff5f9ac454dbdcf8a6936f50b2d40d98af38a5d86609e4,R**a,K**n,85,M,65b9ab7a0f40334ac47e391d16326fc0ef74eb35a5c4de4b7e5520dcdd19b5b6,392d5203ea9afdfd64d50ab0003e2c8452415ab94c133b79e4b14795244792a8,86d30564be1ab699a11ef23b4ba026a275fb8fd6ec8a135ddd5fdb67f3196ddb,1941
f2e1cb35b74d366920d797365caeeaab3eea7db0becc60fb58aac63acd97e1de,A***n,I**r,39,F,fe90f6d7b5016a0675bc5916dbb1464961ed2052d0e799fdb3264707d8ee196c,f91a28f0110879e10b730ce1b40f620f40f160813044700cd6cab4b754f72ff4,fce8dfdeaae5e30432097b12023393a581a0acba91700e60f2589c3107e659ac,1987
a8d3a0706b90b36155c04d4b89075e41c3b938d6e766092b6952382382ae7676,A****a,N***u,33,F,fb28996bd0334633bbab07a85e48bd4db52b275c4ae149545958669ebaa28379,79b4b49b1144f956c3711e5e131ecdc6609a00313691454c0d3eaab11af8e121,13bf15968a64a60504c65183eca7fc2c6f209ad1867ab799d94a29c126a26345,1993
fbfdae7167ca504fb6574b58058717aec2eb950ea169dfd4a4e81f4a4d437af7,D**a,I**r,23,M,f57f60a2c93470921170b2ca128f50f6851df489a33e5d97850b8544f8247a0a,1a87bd7932c11432e508d8cac4bc093b98e903bd87b7b047af1721d8f49ea65f,02d51b7f2ea902450131549eaf7926463e85ff2498f6c381dad63026620a71ab,2003
0a7fd94c6462ec540a915ec379638303b93d6dfc232cab50baaa2fd78eab14ee,V****n,G***h,10,M,19fd127e44d2b70e2f4869571046c1e032f3beea541d2fd7d06008aa28fb4211,b43a9cba7dcb0707103d9a55bde286d7381710618194c1cf063c51faed460ad8,713a297f050667df51df51a26d1a6ee22fde1006edb6a03674430f58cf791eda,2016
d79504b5e76ffb8975f06b9c165a048267be7a2bdb062a073f70b70404f9b20c,I*a,I**r,69,M,2e37728c3afc6c1314a80077df51d2bd3016865b767e2efbdfdfda0c151f9dfc,bf9085bcf527a28ea8dd8f1a4070ae10399710cee8e327da89aa1319fe1b35a3,bd356bee5137e646f2c51aeb75814c23ff2f786c1c625535d9f8e94761ceb8a3,1957
f07254f86ec9f20eb2ac1fc13f47c118938edb78590b5686d4f5b50c72e8dacb,A***n,V***a,34,F,25d72f6f15bc28248e8756a599436a1242fb95e7ba33f0fbf4cf037e5ded1bee,b170feb11baa5e2ae79de1bc51e7e3e51d94875a0bbf1ca5671f97d18aa11080,52a5243dc0caf88f1f5f3d9abad48a1883746f6dd3c64176df3f3f23ee9bf21f,1992
4941ef25075264b2f3ebe92301dd939fdac2784b71e89a0e36e62efe253e8fae,A***n,M****a,52,M,31caeb62bca56a4070759e32003d601062906dd80dc12a6b324b11a712c140ec,2a62940762707d5e1a6fca4e2deb8bc73bb000248fe048dcfcb926a68104af66,fdb8116d1be2fd77eed31c0f45aed710c50c6f19ec348c17f678b29f3ea67bed,1974
80543c2b573965641c4141d20cd9750d2cf963235cdf3f321d5256b47bbd0d28,V****n,K**n,10,F,7e992c286641ee421ef5fcf7bb23047836d59d1983c11f0c8e7dff93aba46ee5,6b17a52e8d5bfc4981f2a8b2c11f9f90bc5690ff8fa42a6454d5eed1145875a4,e686c4aad602f47b2364fae1f0f7c125a036e37ef4acd8ce623f13cbb78a6a08,2016
dd2315e37eac92923af0c408e6edec9c9bf13aae20166f1afb4bb3235b7b3553,K*****a,J***i,19,F,6a8921b8a393a8eac511edbe230bb03dc665e7682c5b2444073c1d01b096778f,228fc771b2b1a438b0cbee6447786d582e66fd9d8691ff53931420a58c2bb559,edfcf96f067b44510853a5f48d1a8807c228bcf50c2f66d67bc4652c1add3adb,2007
ebd2de92b9184342a7bcb91048da605ae27d244d1c500059bc22659462083b0f,K***a,P****i,58,M,ed9390149272b2df6c4754479d0e9af34727f3b97b8fe5c180ea5c33cffc825e,61b94eedd48c346fa01a20694bbabe5c1be2218264f735a55e87330406306568,56cb3b3c4b19ca25c4d62c50ed9c8f03226a73efbfc05c695aba320f9b7b87b7,1968
533f7e3d8910c50b0ec45a1afeb1f7bcf0e73ca069bc544d57a8078864b2d685,R*****h,V***a,1,M,dea670235fd89263453b6d3c68fa2ba0575bc43799073112602faf3e6ad079ce,1d753032c3b0973439ceaada87171aee9738c4a02f7a387e1f361717f7b9c42e,d34be3b4dfd02bb38d0e9c2550ad843c9b7b8a32b80b2662e145dc0f5b0fe6d7,2025
72097e858425a287cb6a182758abb1f765a4f22ee53503cc2271728328ffd2b9,R*****h,K******i,69,F,344718ac347292296b908ccd5aec85f563569507aa01653f1c99e8bef13c1dd9,81a619036505cd39e77e425c52c8159cbcfdf6586bcb7273be8620eb7da2c43d,d3d172eb8c6c288ded448c93f4b7f974874acdc8bc150acb68f5b44dbf83d959,1957
409613d90acdde04e00e7085d199b79fc56a98709ed151209739343a85df32a2,V****n,G***a,4,F,90daed352c9de9583233ad166a04c18aa8f7e475c3133ae5adac52732d51599f,b16e482edda1fb2cca11aaacbe407bac597afce7dfb8b10d0131e90aedc77e6c,1aecae2bab3fbe053d022cffe475147fd8547fb518d64789f13d6f0078041efa,2022
2bddb7c7a8ab0f6dca6a9364b1054f90d154741859924f6d92bb6275e747c19c,S*i,I**r,16,F,ae158b61dd8febabbf9781ae31feb278173fc506c02c1baceee9027675aa36b8,f66946be6e49180d333f43c787b06411212e8973daf27cbf8b480f36668ffacc,36055c04ae9eec41803edaf8957f87ac4b4be29759ef9297631d72fd609c8031,2010
71fc9efcf34b34c06caf917fe6fa53b81133b60a7a7c7779e94702f1341eae8b,V****n,C********e,24,M,880617a55748974710fff04967c371c236645246839be35ca01e8046b1d827a9,307a5864fa7ae8b985a9861427f6d32d566eb89e87abfd15e9f7231f16b3d1b7,94c599a3bbe5215f7c412b17468434e025fa54f2ab42ca75c03f536e5ca8ae5f,2002
cbe07980b1f4550e71361c041c8f378a123c61cebc1758c6e1b80a2e268275a5,A****a,R***y,80,F,181d2913716d1718d0bc2a9bc89e3cf730edbdcd8124cc394aa683d6429a0722,af80b2d2ac7887e7a7bc507764264a6c9fa5e23ccdaeb4d08543a8c80cdb79b5,1ef71d9a0f865285fe08dadd9208f78a6f7e581c2c04c3d4b476e84717fee463,1946
3335200f8c13730ce3ea39e3d6099320f25e1b2be89a55f4666f7d507c45c594,I****n,S****a,2,M,0fb64e44446c13e30e5590c70d8e82737da808794d3a0273f37ddcf67d56874a,bf49f7f71336b50cab35593b06c2c07b60ed00ef35282248aa0896b91c4b8f09,584a5c849646b660a3987da21bed62fbc3ff31220a0c5d36ebd68638d40c1940,2024
41440d46752b89c5ff0bf3d1a51b33f6a7092997f4755b0cc6ad55c1b0973b4f,M******d,N***u,32,F,73081cb30e202731385f9def8a9b60e7c03bddd574ff20a0057ca8ba2d639064,2ce3722beca3c34b4af438a05385e69d83c39ac0c67e1e6238fdb4ebededd1b0,5e2e694ee4719b08d8a19afdbe2a60014f54f519ff4efe48a7f32d9e6d689cb4,1994
9cb708f8e161bf3d52369ebad00536ac0cc876bc60c3cf6f63b85a2398495d03,A****a,R***y,84,F,7af3c0919f0ca33c93fed237894ac8403888cf1e4570a45310496b8b840cf2d0,0f3e80bb09c33ae48b1135e13cd90ee1c12e8d3309055e8ef4ec2d40542d134d,34d83cbef5e5f32470b5c2421945794171bdee1009cb21235099c1fb86fed5f0,1942
9cb708f8e161bf3d52369ebad00536ac0cc876bc60c3cf6f63b85a2398495d03,A****a,R***y,84,F,e0d468931412e7cffad2e4afb65f2a385a2b1a72f320079d5fa6b6cb21e76e97,beae7c14ceb0d5084152c9ef576fcf78f46d34fc630c31a1ff95d8bd76134627,7ad5d05444f76204aed37fa9c505b8f58452638112c070dbe956b37ec1fbe7fb,1942
9985af7cd23dbc3b0b3d6d654015391b8f54314efe44e9f3501c1b8821178042,M**a,K******i,24,M,2be47ca88e7fa278034abc5dfe81796320f76f7edb4a0c421683d76b84dc9a3f,b72a48bbb6fb6474ad907680ae36dcedcc4f1278367fa595953fc11f351413e0,5658611fbb35ab1ca831eaa14028e1c0a95db3622f10dfa2220bcecfcd637686,2002
6613c11bef2f73d9c12f23614a08b0db2e5ce7955b24d9c36106912af1ec814a,A***a,I**r,12,F,dd7a18f88202fcad08e7adede2141fcbb522a63ad7c9db3b9de0fcd719e23308,0fb4e2a231596704db0df0b98bc49cbd25419ad259ab97248e56bb4a0be295cc,7e210206e411ce44e0d40bd4b46e59ca1060388f461df57754cc8104c14d1ccd,2014
b39c38f919ba35ab59cd91de429569bce4bbf49c22c4c05ab7adf1f6dc3b15a3,A****a,S***h,50,M,385e011a3ca3de4e600791458f56a7760b9dedccb8dbcba020fa08af3b583be5,c4266f401573ab8d682e6a25291a4a003ebc96f9915e50dfb90ec47b914027ff,ce3a01081382a18685dd0b1de604c8c5d811b596a5fe0548bb6f4773d96392c5,1976
677104faba0eb37cf9fc7912e402bb55962271b7b600ba163c03b6446ac91de4,V****n,S***h,35,M,824c5224867c1f60d1bbd608d8b887a13041abd3a9021d924dc9bff6e90be2fd,ff43d780d4522fe4a4087cadfe1d0b0a1ba654dd450678cead316b6b3e158658,d94f1253c9cec609d8a8c4347d9ec634b2645c30d78540e26ae6933eebaa750f,1991
f5f696de2763d9f378980b6eb74b86161e43e5062c050dffbd2acc7c5cabacae,S*****a,S****a,33,F,13db90f224ad86e897fa058dd779ef076aa39366a888779d8967175d8072011c,a9c2b625e577cb872d2e4aec5e03d3584025ef0928ca96567df7717efb7853a4,b217c05dce086181dc8186aeb324699ba3685a0a9094426ca7e34193ef69ea71,1993
b8c912aa64008533a1887c4ea67d99233332cacfc9fbebf18ec82a4c8e8245ba,S****i,B******e,33,M,8223ba91364e2297d8cc078b576a4a90a277e0b21e9cbd733ea781723a028294,1a4e3cbd8fe7f623b1b6808c46c9521287b704229710920dea376e98a15afbf0,dcc243ec2cfc0fd995509450ae2e7a9e275e30029f95aeb7fa1415179c14f97e,1993
38faabe64e16f95cbebd90c6e9391f15bfce7a5337a6e0378931a7cce777e666,V****n,M***a,61,M,49409c9d6415906f47277260e0ebbdb3ec05c68aae8986bb18891b042f86149e,eec490c9bb6f196e744a7e46b69020dfa5bf3bd65c5492599984414583a9018b,84fcfb01ceb4975523ce0f10f4b5a069dda03823329acbae21a743b77923153e,1965
faaaa19b96962364ee624e5faf3049b82315b7e912f8b99b73232fe479505cd1,K***a,M****a,51,F,133de52885f54a97f94969bb68f07b1405774d4817f72e75703bb95c57efaa57,2c378694fe479bb6f4d0b1cfb8db2d65b4467d03a2932c6854c45861e81f3806,467634d29e1a6a3ea199e8d8f2c701689021fc1c9e87b279cda71879806efad1,1975
2a54a8854f5f160840e5f70ad0ffcc10b125a105d49e24f2672c01b0d9d5762d,M**a,K******i,43,M,4f28c72b2e19438a34d3ad30e64daca3e367df2d12ca5ba63ba328e61fc1455f,194d360bc5a5302b4a7f5e48328c3fba3030b222aa849b013a43561e75d3d679,26adfe4cfa1a9db16422bffe97fcb14f499625245b2ca6b6590679881460d6f1,1983
d24a620b4243d7b6c245fdf15eee1bba6ca25590beda84f7b53176e97f7a7660,S*****a,P****i,12,M,a00abd518ed4051d54585c1d69c2cf9ce158a65607969775e503e99142682b16,9f7023d603411a7fcab311bd0ab44f9f5b9f6899f0a0aeb499f8d0cedc4dc3ff,b2d8059995290f3e6d1217073b081e24467664c78a3f84060bd24cface8296f1,2014
ef2ba29a00d2dd6d719e8e527908194ebf728fc15b66a7bb3c5f76493906cf21,D**a,S***h,67,M,9f903ed94c47c0a5a401281451b798f75dfb6567d583ba3e85eb324108490e79,8d5a6ac5a47b4e74def097ebe112901d136ef0d98d9f4bfa58c6c20802eb3471,2699f6b9e3aeb9c749492c3591c5b6c45759de3741d1416771f1cccee5cee9c2,1959
904f296ff2139cc87152e21d5022bd0862257705e9e7a7ef44057c6aad3e3953,I*a,K**n,65,F,1761aa88c4863ed4a3c8815f2388c5c0c4f37ab423c36ce51acc09599f15699c,42128b7f1be53cfd8c62c2e7470e3bb2c36d1baeb20d4e2f15d05d4d9dc6d470,95c7558827d684c690dbe7404696fe4c2b6ffc7fe17bf12caa5d3978111e66aa,1961
cd95778e61fcb9bcde5bdebaf1a7db91c7f48d554f2f23b84bcef9a11cd46497,S****i,S***h,33,M,eb7ae8ff5fece6a8ed39eb2fece9c9e36ec15b3be7b24dc824f2b6cf4bf9a9a3,180574012c0b1b68d068ddb9093492aa1aba82899927d3872bac1bd5a949f300,5c75284d93ced48c0c2b3892d5949c74b09dd01b90e4c031b25fb8566faa2f20,1993
5878c05908f7ccf9727182c3c14470e84de2a2d890aa6a301ecb7dbde8b34ef3,A***n,D*s,40,F,ab4ee0badc99ee5c16c37eb41afd86490a9edca7caf0552dfd8e886d972013c8,5e5273e221bce13488409a8eed13db992c2129f2bb18b1e2e9b54bac03870dbd,f70cc1d2856cb3d9c66e96e4447eb95f165f1c450a700ee1a31417d9947581ac,1986
40575ed9745986cdc14a2af5ab664056e63f5a73877a130d69ada80bdfc19402,K***a,M****a,74,F,dd3d6a1718b0d431dff50094145065f8d3a91e865ce090bda4d15ec539bd5f97,d37cd14613da16a54831c4aede8dc2bc14b78ef560c38d0c14082009bb576c59,2ba4ea98ccf8a9da87c8e053a636c7c831890d275b5d78a9e3e80d04ff0a4a5d,1952
bb10550c0d068be3fb6c712f799cff57e75b6854151cc94f2df72c92cffd05a7,S*i,N**r,43,M,9452baf10b998ca8d12cc23dfb27ea19733f33a989ecc1832e81b22eb79bc86b,2d81321da25923d89ff1b532d68d1740675d381863994e118330d4b6a5479c9a,56dd5195e639bdaae0a18a16aae9b4a2a6baba2b7ed355950105c53d64fedf12,1983
d81720d125b14151469b4719efbe90ab85320a21d83f4fd7399dc7808856cf92,V****n,S***h,44,M,0c19961162004d0239dd91a9f7f3826d7c3fe586e3de82a20b4f6da2f8325a80,8faf61980e2eea81b669850ad140f26d2aa63ea8ee5c182d24ebc30f987f8538,997b3990d24909765c7b3383a2088967ae85f0d7701b787743015567e9ad9abf,1982
080a17634682e71ccff40216f33d1db23888846acac37c1bcd92906b217651d1,I*a,B******e,29,M,afd173c4b47a86eee8795ba29aaff240337c1ebcf6189ed2d51a2217eb46053a,425094e9cac90f426e4cd6d51653f7727c5b80455441fc56b1999b409f7afc56,ff1e441533fe6e1592c1c334a0ceaddf86152d501a345be6d2b5034626fbbcee,1997
511e7d9fa171e55e35373be9e68691a4dfd998e80c289ae789eb09ece8a632e5,A****a,V***a,13,F,ae96a35c455cfab5fb1cdb29fcad4af74632021e4ab31fd88ca8942307c9d326,85f2a5efea3fb52b79513ed2b244e8085ad1188aaff3fb7091b9b8b0bfd2bd04,1b4c8ece7830c5e61398c354f59934923d1cdf18076f298b050e8126c2758fc1,2013
f97a8413a487f6d5e7a6c6f8a5004d8a5ffeaeeaac387769dc71142257e37ebb,I****n,M***a,12,M,fcd3f24a7f80ccf5badea89656329a2ee670352879ded4f807e2c1dc59449b7e,5de4cc58fa0a9126f0e267f5cd47595f9a5f79cabba0508e4e86badb4eb8ba19,bf7203691a2db69cc99add0f8f0531a82bc119fe7272572e9b092e5ede7a8406,2014
24408563e5a55389f4d0c14b5c0ea4c58f2f5884eb1733220397e93a75c7007c,I****n,G***a,46,M,872d5f3e5af1e669beebe9fd1d067daf212c6fbd05d30e8d140b8aaa0059b60b,609b6cd1a8ffe32051f8c45ce54491ebfee935d6fab188ee7597e6df6c77c5e9,8e0381d3090d132ffe0df50da0bb0e9c972847ef44b8d51d04758db86fc9d421,1980
b0319151afd041aba0c645d06c0f8abea9d2711de08340c91f4602b325080fec,S*****a,K**n,2,M,680a81453b03b09a406450855a9d9be19262cccf4e725eecc7f57aa21d385835,ae464dc63f7de32c43bb0630e3755652ca566bc4bba4c3e65ec3be419e8f1d4e,d95cd20b5d527dd0f8d1766803d4bcdd6e7877ceddc88229ce75b567ecf1e7da,2024
1e44d31c0ac77c9ede67d3c3784a08e99c655ddab1fb9133bd0a82c8d4f1fabb,M**a,A*****l,35,M,f4fdf915c612b30939879d93df4ca870cf88fc0e748c10d371b722ac9500deb0,cf6c0a4d41c5314ba5a3838cc856b52c56ee4616bd1ade69177556c4591eddb5,b472abc831dd2434d34688cd76ea6672a94d9a43e54e1c9bb3e1f446c10befde,1991
e8aa0f71dedccf9145b0a0c06510fe3150951b4e05a1f9feaf232207d77c3ec1,S*****a,P****i,87,M,a55b8bbaf6e15f55419ec19a4b7d4dd0e596d4acb1cb79870c7014343564dca1,9a253b2bb18f2f1234c2066cbe8c3378ef6846a0794a0ff34ed22ca771c91ab6,ca1f48483e5c0c44d5b8e7e5361a17594a5997fc536697da8faef1c30cd53822,1939
0f1a22c91d0f0def2cbb84dc522ed90ddfad6898003d78b0e5d4ee1c7c8ac1b6,K*****a,C********e,81,F,560a5e6edb9657ffc99b99842e6b12d31236a2ea5a04c34fc2830a67a8e5182b,a356e833e6f925d6ccb00cc30567e5706eb5a99e3c7160a00d014e3dcfeaa5b9,4b9d37b10fcbaed876a4885e842dab3b470a63e05da5f3fe2946c7d27a2602d1,1945
da15c99dc20d50e06abebbb036a7275c44ea7d078611a19e8af04cf4cbd45319,A***n,N**r,8,F,554ea6a4767ff4a49f7ec01f1603b93db9197c715ff8356aa3e80fdeb8538a59,3d8588d1705a94c8ddc4b79cb7140c50cc382ca23cf864a0b06326b7f6e14ea4,428c09f7e987554180c26389bd8dd7e305ef33aa9e373d822cd5c135a95903ee,2018
67455a9d4cfb64033f16ca44861f86efbe78638e044bcee1eac0d45a747f402c,S*****a,V***a,26,M,59cc0a177dea02fa63df65afbc7e66ae46f9a1080bd8c589d08a6ab2a787848c,a8f5bf203751ac1c12d4a9520b9a4cc1413e02907759fc5596912563ce6c40a9,26adc687632e84f5ac82cdf4ce6c0078fecfd94d4fe74dfddebd9b9d8a52a1e6,2000
070c4bb71150965a2eb0e9679d4faa62494d101fb20b461e34dcec7b51ea5414,I****n,N***u,74,M,4a1180a1d309e213ce16c1b0744c041bcd356baf257a7fd2db95dcf6dc3594d6,9d93e4bb1bfb70085d883443b9016682a8c8363c0dd7068b67c99aedb19c875f,f36f3b7fcce0b2d75413853768e41d271df8cab6d884cebb2609539c9d6ba093,1952
5e9b06c3ee353ade2fe6793b2535735c4587e584144a65a37301c5a8daa9d8d0,R**a,S***h,34,M,010a63f776c0f24e7137b76e7695a65b7e0e2d4db2636a860722be6c5280098e,5da2dfb389783a0c2d3bede44ae859e44e77d871921889cfad4d0f2f9fa22bd3,6c122f96ff066d0bed62530baed0703357acb54b3662bca55538fabdf161483f,1992
5a4937cb0594ecdc529a73c63acf41b333875274afdba6cf119d379f81ff5539,M**a,G***a,7,M,7a4ebe48a7f3abef68055748eb24c324c9c7a5e4dd2c5348b78229da9f2ab911,1691361a50b7929c8289172c3ae821d4fa5b797658b90973236dca123f7672b4,83f0ddccf92a59e1b09beca97900a3b08fc21a043e9b183d89cda706ac4577bb,2019
eda3949b35498cd8ba32356b6e4f2e4346d199d612ffd85403d4ac73cdb19ee6,A****a,S****a,68,F,80c9473f4a839b0f2f696da0b7041a705d685b4ac746b76a1bbaf2d9de314b94,798c8da8fa7c4bc6a2525d30b125bce38f55c0cbecadf0cd6318b9e92a8bb2ab,cbf05f7eec20e3f3cc33892456908a7676244be1c576ae30378237f6cf810212,1958
69b5e68dd6e023bdce827c0154123c85c52134492db4a8d2f6017b5502cb9da6,S*i,J***i,58,M,d1081dab571e0af9bfbb025ef94fa2a4b4cd40d34cd59ee735b7e049df5d2433,11f7eb5d37b4a1c26208e1ac8987954f5e6b66597dae124da16896a5cd2447d2,760e7487d55ff81f7f4172e593a63846dc0c7a3b5d6076c02affc734d7eef59d,1968
8265fbf82c26f5f4ea4718318fd82549bd67feb2c7eee42d0a82a978fff7527f,V****n,P****i,75,F,3f51720e0f8582caa10a9d3b420035b0ab8f79c1d91a8160274db7ba754d7546,06bb8fae1b06a33390b7b19cb3ecd3db3e7771092845dd739af3af1cdd0ce606,ce501c105a0af1bf1c884129629185b72a450ad77a9644144c87bf8d025ba873,1951
a7885c0bc0f34d98302ce80a22db1f2e36eece420268def71da508cb274e2f65,R**a,V***a,29,F,be97b9a9fd8435abeace17cd2262af65b34974ebd421c057157e380640582edc,e90669adcbfe41d243a1ad71d3a01ae2f30b5341bffd272817079619cf259195,78c026195a426e36449e01d3a6bcebae17d916cd869411fb746c55cfea6510d3,1997
39d17754fbe940620f6b6afe39299cd09366b97c2b5a0806dcc0fc0318a63051,R**a,G***h,36,M,dc4628571693e380942af2054964560adc8ec4bb7adcb977e510c7b7643eaca0,ec6bc843f60d5f63694179503ded8fd7feda371cc2ece4f54809f6f901c0e0d9,dc329e48c46ec282a6c530312a2ace87939de09d31713aa0b73928983e7dada0,1990
b3b2bddc4a1da01906c583ec44330f267849113c6afe3d26e04eafb43be7bbba,M**a,M***a,89,F,6801186228365ca2e5781fa9270d7ba836e2a41a2bd2784d3f6c4b9ead00f0af,9074e2ffa35b504f00113343beac8437225bcce02e13ac4294fb4456446d30ed,0f9dacfd5542a237c46171c41aac012f6dd02d680e940ef5a8a77f61fae7a03b,1937
64f53d7e7225fc3d64f3f6540d1a810613c211b2494cdf30765f96cf586355c3,D**a,G***h,21,F,66a501c4cff8c4e5e1dbcb2e9d3289eb0b2aaa5d1c6ba9804aa1daa9a6c601cf,9d505fc99f821c2376921157d4c1868b087754800d9508e69b238546335a779f,7c908217f1f8e77fb78d3bf09813e9642b56ee59da92cd358b3c73da0f9c5a6f,2005
ead35841a79fee2737d8873b15d094d44e54d831f202fb3ddc4fa84ae3ebb6ad,A****a,K**n,36,F,c48d6598284d43d20e3daf436ed312a6daed27843933acd5970680693d8420cd,51c39ce321587b52b18c09c9cc661edfcb1b561aeda11e1933843197a293d435,2363092ebd3be27860b4a5d21c0fd2a4ec2800ab25a03d4427fa2da11191830e,1990
6b4d39719085b56327564fceffcd8e91f050b1fedbb9106f2295598bb7b964a7,S*****a,R***y,10,F,407fc54e0cdf4c1f5f373a5cd4b3703f6b8dd466c8cbc4b0c696bfceef3f63f2,5a2fc74024f185bdc74abafed221e41d6a7696c4aa802a07f816d0f323f23a22,46bba083ebaf5b5b103cdd198133aae7d3c8e8e4f0c777cd28a275d5f40820de,2016
9e58fcfa3c7034b07dc4f8204c1437ed2071d97a7600697c6fc980d5e33b6fc7,A****a,B******e,73,M,babd5f7d9c44d157145b80ecde36a6cb32cc4517db0ce7cc7173200e315b8478,4c4baa7e45a2e716f2c5b39950092b48b48fed500fc75b11931dc5e6ea1a0932,f629b4a820a4d0962ab87a6c78c236b93e920426d3af783adccb62a1e365af94,1953
4cdb726a24e120816f3083c011a185a0d34c978247e769e24001a6b122005f24,D**a,C********e,24,M,31ce4000300b2b7261a0e9cd4ebb383216a59f2c95e8f85e4c2591c1339f7990,69c8db3c860df18f2a39f57384a9921a94064507171694aede06f356833ea046,fb9d06adb18b4ad22b9db1ab4c994cc7dd443b4dfe1b195976ccd061ad92f928,2002
e33f0ee497a4e36763ef66313b36485c2a5cc76f38bf132368eadfc2e6527435,I****n,J***i,64,F,b75e7f3b3a1725b5e5e7d4ffa52b36e2b1ff2dbe2c7dd43d3bca12be2abdfa41,be63ed3491fed4be6357596780d18388070c3498c424ab8aa8455b55ded7dedb,e2679408613d5ec35feeeca4ce6429594de9be96eac0ebb425df5cf58e02e7bc,1962
5283b565c90cc536cabe0fdd947f5841872cd6c8449d1b96e8ec0de5a4e2ce4d,R*****h,N**r,49,M,b191cfc9638ce4d0682f85ea883953ce7c81bc660a82cb3add8e5b9658b66d64,7f97818b13f114c4e66b271d6878e69590da1f332d55480f3c1114cb96ec5ebc,2718141f27c7f07c07ca38e769964e846253ad9860256cdcc033472debf33fdc,1977
1fa22c4b51a16d10c3645a0087accdad2fed9ce11f93fed4665b2a953dcaa50c,M**a,K******i,36,M,5ac68283feb3321b3b824897418d9b4abb331ec8198a9793c4b9e5d4bd4462a9,9022fce942d7cf208369c0f18672eb8cd98dbf888d2888801e6356993707b709,0634a9616de5ebce0f8e7b50ea7ba9d5f90c29a808aa7ba98435c772c54a89f2,1990
dd0d4f009ccd8b20446938da00fde4d16ce9a707f7318dd1f54c3dafd7e07f28,A****a,K******i,82,M,b5b9cb267e7d4a23f45b454401b37b5c19a1cbcc5ee86c1212b6b8e4fc202d4a,7bd7e4ebadc9b79d0a118899e45eac3494fad780bca0d48edf5174cf95f110e5,469f77e4580be8383cb20fcbf2fcad3dbd7a756f07812c32fa1760edd275858d,1944
7d6e0117236bb59cdc989b4cc6f3dadf97dabbbefd1f8558ff0907ca3c56d895,I****n,I**r,24,M,9f82662a058e1e0a2b715e380a5b0d38d9eddb33e589edff4aed35bd30cfd0dc,659258ae05e2e84786847542f4a818e57bda897d7f71c5083597bb5db1055575,6a028f5250c5b49068e2751c1bfaa8ef08446a8f3a87bbed5ee9836efe8de34f,2002
ff1e2165246f8ed294c25e549e29a00e84a9cc92fd11edf62a8ee1ebf7515c3f,R*****h,B******e,23,M,c9346609525c7cd57db7b52f2338dc91ab65148fe7c0c26167d44f4bb8fccbfe,36c8e21265ae04c0d2052105acb99f90dd99d72ef20a64a4a783748fc4993fd8,26736da1199c600de563b16402b04609e41c25a020e4ea8a8ba72e664b7de3be,2003
42b4927dc60e6f0cee5aaf08dd15e3663c7afb1ce1c530cfb4c6f232b72ee878,A***n,V***a,62,F,b53101feb4ad99efe8f2e9e82cf8f597e18731a2a924c28a730469f1d0bd2814,656bea65cf8d43705b38d522e68577533e49f2e435e467bbfad86701e4aecc9c,9912b9c54c92c3a371f84c5729a1e684d921ddd64af7fe1743c12a43e6a7d0a7,1964
e6dd98c385a1e09d78c5c20b9d725defbef194acfa70278ea74d122e656c49da,I*a,K******i,37,M,dd6c5d199224761562de629c712a9a058ca2dfe645d486d0be1a2aa2509814f4,c9c2c2443d94926b7e928bf6d859881d2813a4e7fe431f81e58eb149d3138600,77858cb28722df02d6705044944079afe183973008f268a08e08ac3bd7cc5860,1989
bf219043426100ec85812e8a37d44447967fc2afe70788790177dd4e49f4d094,A****a,V***a,12,M,f2dfe7ed886abe8f7fd5dc696f9eed69d1fd79673a452c83d57fc473432dbe37,3b477b5118394e30f5b1a4460c9b0570cc953923076cb380431c803424b9515d,a0630c74bd795fd432b9855455809328166af11d624ac741c358a7bb777c23ed,2014
598f3ecd29618917be0a856163f8961e27fcdd51dd54738d4dbe36dfd365acb1,I*a,K**n,55,M,887b4c85ba87e3f6693476b4336975567cd96c7fefbbea459f217a4ef55987fd,d1cb66f6381eadd240983bc0ecaded8344383c03d0d451404e92a0ef8965b9d8,d4336ab2425f4d9c961b9f7971f9d830001658fef6f30e49a41d9e9b8e17efab,1971
55281da3ebd6f483776c295626ccdcd28aaedadd44b8081d903bc9062a4d44b3,K*****a,V***a,13,M,7fe1c55211cc4b998b077f8881d13516ec2f447c1e788a25be24e6c91132cbc3,9bc042c3177c180f1c0efa25fe83bc594d5fa0e8f8027140925f87282e34d474,06f632d160d7324d2686deab672fe534fcd020257af03c6a8337948132acf9ac,2013
bb9132d26cbca0e016df03b78092d28936b000d4e484bc0e3b0a154484a240ed,R*****h,S***h,23,F,fec3d6307b2710163366dcb195695fb650833c7385923ce8600fd30b601bf74f,3db37e4f7db287c052bac26d434f8df84a4ccb73b2fdb3418d096b10456825e8,0530f34fd214b75e7de72bd1574536b47ad8f32c8372c2ae4b0625b9ec210106,2003
ad3bdf275e916fdac402d01898ca3a3c574ac15d01c763ad5c76f9a772a79c2f,K*****a,V***a,89,F,c8f778ac4fe3edcd12b5dd2102439d5cd67407a1ac831861937985e806e84d0a,e609b63e183692ea03b5fb7f3e5c65082a5ad25ff9d581388a0289b593ef1f7a,e006983e32e81a942051dd5ee4c18c122b08eb4bfd714aa4b9a2e17efa91b222,1937
155f615a79cd281d2fb1d56326539c5cf86fe5dbffd9bd59185d970762eee84e,K***a,B******e,30,F,bb603fba4e339eafcd36bbf562ade4ee0888e4e135fecd8f1c378daf0dba6f3e,3f6c0b02073685e5fc5af695363c6f11a07372d0005a2c192c430628ae0fa209,40142a385fffafec09f272165dd09c9c3d935796b904036fee089cd0a36571d5,1996
55b87590861dc53ad69726409a2f86abb88e1592dc3cde72c26ac3e8760ef04a,K***a,G***h,17,F,163a4ee76c8af624272349e4408f867432920b3207afc57c88080da33c822cb4,1004355a004a3f14ba77d7f1c2e6f31a6fba81229af347f8ab1a24cf90b949d3,db9d543cf190cf4dce982eb4edc55f8c9eb81112e9ddccb6d3d4e5d7e4096375,2009
704f2f60253518efc14299ff656eb4988280160e8ddf10b534a049233fcfa873,S****i,S***h,62,M,56c65b8d8a75ca37e25e1d400139e8b9eabc952b518de9cdad9db6416ae39eb5,8528866cd31eb42c99fffe244c278f7cd8d900a0027b964fde5cd40441077cb7,ceabb603d2e6e5b3a4c0480b9af02c77a7797daa17c79acfb1ec0d9b9be646e0,1964
9238aed697b53737552fb13265a728aa7c4afa319dee6756640baac14e5946db,A****a,M***a,84,F,2281f7ae28a8a2f8c248bf80fcbe133bb0e75425d543912e8d8332b49a2fe699,64c2083f90295ea9a9c13346f686717a53fb47e5bd5cde1aa76714616081a4ca,b2f460c84d8e7d94abb987b5029680d59f16e2bde385d3393fc4da09d1ec4a1d,1942
b7f4fe05ab8c194a5b87b564906adf1737d96aca53ef4a4822b7b1e0b160bcd3,D**a,S****a,89,M,e6233c816ab18f1efe400a6ddb690c9d233afe2f1e71dd196471a79281e69c2b,58707a444bb201a6c7bfd575e41974d4f5980afac0b8f1673089a8979cb0a33b,5790f43a78ba851dee0dce3c0698eccb47b2b250a76df00293ec841b4ad5939c,1937
344b1186310b77f634c517ebc362e73d1cb88d8e5d694dc75479b5ded6baa922,K***a,S***h,86,M,a6d1696c02d1625f0161c5c15bafe43f46ba04ff3c80313d3482d0ee622a66bc,7d4e0b1c221b6334b986f92478b7deb2d3804f10ea56798eb4a9a513e3628a1d,f938e7dd245921f006e34dce3557fc9b00f8da4fd55ddc9fff7f5d80d8aee2d6,1940
f2263e28156d59f14eeba4506859687fe65b088df07c14a0ab56af2a77f09d65,R**a,P***l,13,M,e7d16a3039bbed428d97c6475374a51cb4e3062140b4517fe368b3c185331221,a51c3bf7a8fdffdf6f7f9ee44bb2ec132faf2a9ea0c5c634176a329aa6f3b75b,e00fa4fbea835580cf046c228861b71ab458959ba4a180233a620eaa289e7304,2013
061cbc880123b92060ec8d82728701002b20e22fb5941108a2d038cf0e0e618a,R*****h,S****a,59,M,2bb59ef1e1c4f7a739ef504419531ce2313240339aa22565afcc894407d702f8,6eb114a0dc8d7bb8614e8750a38f6df83e3acb919aeac58c2264d6255d0445aa,15e3ad57b8b44c1a03ecf9212fe4be4a009ecfc618c0c4bfdbf94ac9fd521168,1967
8a3b05f6e9fd84906e5ba274b4076218de6899ba8b20e9fc1d5b1bf6632e3601,D**a,B******e,19,M,add75be3ebd25947494153b318517af6e4a198e7a64b2c780ff296bc1362f3ac,094ebdf6ffcb1c8ee3366cadba769982e7a68d907afb37b8f429252c52f0c5c0,1ba06ad2e9f6928b2007a0357cc8c76334e9db83da08ce7cea252baffe7073b8,2007
9c98c8b1d89a4e55dce19251248a5b5625dd74a91c54075de00a12a03d978233,A****a,V***a,49,F,37d8a4b00ff699f9b93a73dce91347b0df0300dc21f757899193509945ca432b,8f3fb63c656d6beaac6108b586ab1fc6b01fbab80347776f960e61f825b32e80,be0cd10a20e690b5c29e26de988d9e08a82b301430c7dfae465b1b80161d84fa,1977
6e32a20f3d30ee9ef3961b81e129846f851af1ff41664d02544bd9b316c46e55,A****a,P****i,12,F,3bfed94931d982cf96698352d6bdd76f5a471525fe9f8ae634d435978615d411,ee1dc2309b47fcf0bf93794e7bb4195558ddcf3779f8bd0a408529f0ee24797b,e11e1540ef90ae6283a39876eae9c4ca3221847711f08ad92b0e85b62360a27e,2014
7ff5d504e0d5d5b53c0f96fe7923488af6e78f4e42b77a8240c3ceb9a75aad00,A***n,P****i,61,F,2eb2d4ace95e7e364597cc5fe6bd2a9865e99be826c6a9589050a5a824d0907b,2ed47a5b26c16dbe7ad528476542da0b39c2fac2c2bafe1314221f2e88c9ca97,77b5b8604c89f15ad7d6a45b18d13deeb53f415bde4f084a1bc7467769704465,1965
fef3551179d3071c36364f32685122bf5ea6d3a401fcc5707960d1986ef03b46,R**a,N**r,19,F,5740999c21425018b30e606315f5b9b59efd4d1605d93917317bf683b305e7bd,3c3e3825f3d2a2a8e2cce05b48e7cf7de92fa88d242200d2f9c77a5dbf9f95c1,113283b845530bddf1307489a67165e7f737dd16087997f4e92bceadaacc6ad6,2007
d53bf95834e2706661adf58091b3c62dd790be99457254b9d928c721b1549304,R*****h,J***i,76,M,80444c2c5264d085c70d821939ce0334fed51fff4d3439e1369f176091e8d6d7,b2fdd9595a4746c7db67043f833790e975a36d925f46f2641054ec347f533bd2,0b834626c969402b1bfee2ec4f8e22f268617026b3d1936ed52b266ab63e4cfd,1950
e118c8da2cb41a25eddceec8caef73a9a328651d0c4e2ee3445d67b04909d028,A****a,M***a,9,F,385da9dfb4c16f917cb8e1ccaa354d90dca573b70dc3c17acff75acfe49cd789,32fffac6ab8e3caadea2341c4d08d99079d028af6a03491c2f0340d75af20afa,5c65b3134e586b9993a60be6ba2b4d4748fcd0add9ae2826d12605cb33e40c2d,2017
15258cca169e4b6fac5a723b1441d132e8627640980bf983d4302cc0334534b1,A***a,N**r,71,M,4cb3a18296f109283686e63d288839b8cf694935fbbb3549c05076775a8824d1,b0a9a4dfe1d452c72478c5805099fc226bae6503f3c8b8fe7c5ccac773a950e7,89d4055d9b7906a2c84d41da80515f14f3419ff51e93a6c1db7787332f203a8f,1955
7f7a4a05ac7584dc445b403e3f3476be43426f7f0889117eb963af5f8bb1d4c5,K***a,K**n,28,F,2a605878127450990f0707dc0d39e088fc0977fe344f4c073d09e18834837fb1,acb4c4f5994b6b4aa724af9f9e5c92a8413068b30be2ea34b94f32d06512852e,f451c6bad83c1556e9b409cffd1f283f07bb19ca7237a81634eb4574650ee4a5,1998
228617b3e082657a58da30650b2fb1949a3b5e0caac340093eef48a1c41397dc,S*i,B******e,78,M,e5873fea4dd1097b0c5edf45e86b173c482268ac6cd13e4a2e5a50ca95d5ff4e,41b0dcd1630fb26191ba4745cb1a8e5ea8bee09b5f6e704fe7be1ae779c0e49a,037365d5699a82ed6ea340a503ddc84c273913d65226fe8f72744151a5bd582b,1948
9e61fe0e86b4cad7a455db60ce2f8d93248386a575d692ca20e92bff7c443b4a,S*i,K******i,52,M,672339dfc57b83ac5e16c47bcd1b51b9f2f6b23d6de44be95c15d1fc8f79f39f,e439bfc47b378edaa279b32ab0d01c299340e642c1939d72e1160525045a7345,24d5dd388f717456e76bd1c517c1463506367c001c8d8ece052c0d62009fd5ce,1974
9e61fe0e86b4cad7a455db60ce2f8d93248386a575d692ca20e92bff7c443b4a,S*i,K******i,52,M,cae70325dfde7f90f28acc2883e5a48dbde08b9295e0c0bef970283a3669bc62,0c5dae4b343f5cf920df690dd1c15efa6bb5c421400af5bc3a3a618aa960bd93,c07ba4d489541b974539c771a77a08ae08047c5e0242440026084a08fcce5c4e,1974
096ba8e06e5b018fd044b5cd851d8d10ee79e8f64899b03978fff2932e79b3b0,S****i,N***u,83,F,16dfac30e7ab1c39df1ff5c17ed471dbe8c49ddea1c1623d1b3bca22860ab7cc,7fc8d77564ce92f4856f0b348c1408081d2403d598a6dd786dc96e76a6965893,95662bfefb5e46815d2d79b2c6c65a7372771534ab64f857264eae303ce5b3fe,1943
4bcac5beac0efa8800c599ca0e0a00eb0691d3e6743379a549e5088969ca5bbd,V****n,N***u,16,M,7b49f957081d9a2ee30550ccc41a412d3c2907826b559d2c86335a64e0ea58a9,f0cd1865a828f4e91876aa0dce40b89440f17efbfd29453ff2dc3c997a8cb067,3f3725f7987261aec25bd9a461d89f58a50c2580227d53758d84c0cf52e5cd43,2010
b6212904303d11c84dc00f8f5c6098f40ef16b4cfe72e0e8f527f43238cbd88b,S****i,R***y,69,M,eb02cbe431a479dfe8f28443a9b87fe164cc1ed6460b5f1d18de135de13e8110,21ec92b3277be541837f8b61028ecb8ebc6a23a1fe9d6041506c64dd94146a1a,a6d79aa2346f685fde033206021d32213ed60e5f8696d708282356a9464482d1,1957
593ce4cd123b30ba32fad0c71fb333efde01434bb05f23ed38d0fc53ecb5ddaf,A****a,K******i,12,F,bcdd571af2ae4e426fcd6bff804af50d9bdabb226eb00cf0df914e1472898cfe,dca1682148696d3d5c7eb0df6b375d257a06f8814f18e0695451e9494568b1b1,7aeb2b3127a3f6f2ee0cf342d7594c539e58fceb0e99538e16ad1d33ac693d39,2014
b5153a246a1e7343adf87c0668deb370033227d6fa35ae78bf7eabf4f6cbc782,A***a,I**r,25,M,4628ba9bd203e87c8f374071001482f8d22c8b82084f2f84e57d51e28c380244,56af5828c04deee6765216876460144b81d370101651accb4e6dd02773a83516,6f87b84d12afca6d53a09fc2d071d5b0fdd78b77fa81d2dc5cb005681fd0792a,2001
ccaeb9c55d66d7925b9b4b257d89a2f3e2fcc223df68dd4a43a8b85509590cf3,S****i,N**r,52,F,11b93da46fe667da541eed0b92bc3adb3dec4066435e1d587e25eae683bed03c,3e974be785d0af7744b3cb68736520a3bd48aea6a01a7b258d7de7f4668a0381,b4c7fa23e5468366c27ab2ed6a29a715f5e80c5d75c9af00611e3aa7ebc7de5a,1974
ff640ce10d9c61738eb848ea0df849a567efbd0e814e49aa9d59b56663e657e6,V****n,B******e,85,F,69eda91c2a7550b2bb01cd3f579a3d54b3e7e7b7e725ccbc61ed3de7e8827053,0389a5eaed9b7a96b89e1ef8296d1d4ae5cc2ed86308a8af14a5aa110a34b764,43dee17c93eb2101aea137d065e193c9c9544dae1ae62bcd8eb5e30f1907aff6,1941
5b46c230b44c531a908051bb6c234888e249b44a92f98d515e82e9fdf1fb71bf,I*a,A*****l,53,F,bc16edb67cb2db586868383e521b5c6fa9f6e6c3126488a75df061f3b2804268,1ab396e14bec1857aafbc886a04871bbbb0bacb383d19d0989844456d9331d37,2550330b252e847806cf8156d0bcd75f8e5a2035ba701487c459183026bfb236,1973
ff028e62663a2d3fc2b4ac99baea8e4e38a5abad0e16a0661e0a49f39b6c64ea,A***n,A*****l,23,M,48d8199f07647b9f6c464f8d4c8e91f5f17d4f54bfbe8e8fb608b28a7d42135e,c1e84b397cf83dea060719a41ada89378217d6039108a31efd1a966e3ed35d81,c33e4e4017f6e2521e5a72f6ba461a1fc51da57c796ef2de2422a2bc7d7d5c43,2003
064818144b3ccab9eaad971d0d31b0894d006db9375ac047427703454f37f75b,A****a,P***l,16,M,cd5eebaa7b2f361e581ac3c9f7f82994504c9e8444c5be1f1fefa622f703aeac,ef675f69b8a3519f5790454f5565e082eec2d3fb6814576d7b5f37bd4e0947c9,9d666174376072fb7e15efd72adcad12093f9e66ce00bccc34a48cea0818b119,2010
d78d33086a6ac7092ce5210ee0bc93c09febeb9745177ccab0a40151aeb89c3b,A***a,K**n,57,M,63d76ecf60856d4ec09faa3897fbf4879f7d43ecd46ba41d40a76af3f852b678,7c4cced9d8fdddb0f8d76f71fa37917d3b457bbe1a9511a24df1dfa747b91bc9,2c0728cab2da27ea1279cb4708e6cc3f88ccdeb9d0656b594d9b5f3754427944,1969
33448755f9a85861d43aebd99baa9d4e0d7b1ced176c03be8cb592f1fba50da2,D**a,M****a,39,F,23b7a2fb6b1aeda579095b448d6a2da4f7e51411cdf24bd413e5e1d62db7781e,30ac68960eda623fc387bff2a438dd2db875013bb89645bf8f4f8a4da3131a99,b9fa877fcfe98e2cb9f13da8ac62d83d3a804180bc2bea508f1301e02d21cebc,1987
1e373aeda1556f7d6017e2900a519b40e81a9d833fb84176f353c5077e2b2936,S****i,J***i,53,M,11cafee86c5eba8498af506d0a9943d2afc36a4ab18fc80b50bbb4df0bd4402c,8984872b38db50e6be3c20f5e4c9fcb6a245265dee030fde46724086afabe925,8c452534677b37740e0cc9d8400f5def84b88adb8f55241dc46279a17b8a1249,1973
d38568db2aa153115ee25ff07b753791c01fb713305c8c915655b1a4d99f024c,M**a,G***h,42,F,8696bad2a10d62cd9d08cc8c2e9775a904ea41641e269c3620b709d9f968ec31,35a950f7bbaf37dc0e1d995c8da061107b43aba9d07187fa3b4cc23fd083359f,d5e71e2b0f8b76c4582acdb6c8fe40e188d5c21f675cb6223b55c52782bfdd46,1984
c8666e35e4376147daa64fbecafd2397fec3516cc643574c7d70e26fb1040f2a,A***a,K******i,58,F,e36ea6a9d9f9c3d34440e6e9350d432a6b8f83b7efe65643cc77c70bc8d14d65,06c225462a4c49bffb92614a31847bc660642b6b309026db9324b319240dcec1,525be2b042aae64155ed6bd9fcef21c40def6e1d50a15adef9d3fc33e5a8677e,1968
bba5061a33d739cfdd3a5b55460a8173c8fd1952f3d64c8d0fa79c15cea4a34a,D**a,J***i,39,M,c36233365a4cf36373b84545cc0b176c38ef2c92aeef71cb17633771889f5be1,3a9e4e764a74587e26102980931bf13d4653f543f23eaa04a03a228056e1ad7c,2db619250183a9a210a0e70498dd48fac003a1434b04d4cd97a13115bcbf97f4,1987
d391d51a20b5d10035274f269e7693ad48de80b4ff99b61855f4e4313eb28a99,A****a,K**n,14,F,f61689d9f2759a0730f0bfebbfd7128e18299ede025e748075255d80b54f31e0,15fe894b655171ac436e6715ec5866d2d5ca56b93ed79ca2860cd01e3afc072f,e9c5bb2dbd22ab16390c06d07caa56f63d86720dc4f814820593447413df2a10,2012
46c37b0969c071f44e483ad1af7011824bd31169e039a3e20ccbe748eabec60e,M******d,J***i,5,M,35dcd6c00a4552ecdeaa5af1b9617c9d814f1fe81bc7162bfc8e3bddd5965837,7ac2ee16cfe00b3d8cecd8ad8e57bd33b66ef0e0c5a3e6ab8e0b3cd8813ceaed,5509b86a3a15cc9455a9732c5d2d22d50bb10b9806862b32f611b68f03487471,2021
f71b2e5840bdad5b08e9e54f4ccc6804cabc003285dd569950ce5268022d6f1d,A****a,N**r,35,M,264cc632ea50d01ebab9ea0961449c23bc1208c44b97a95b5cd119bb2a5bc741,e1379f27c33b7ddd8eb0341199be88ada363f24cc408c670896b07c51f9d13e4,cd1b02803d96e7511d764a12468bb7bd2c9f817de73e68d5368d0253ffbdc8f5,1991
b7bdfefb74cf63d4089f12a9cb9200236d2dde0c566a54fe4ed303ec12724707,D**a,K******i,87,M,5d595ff7917f65a7703cad48ec752197f0cb5cc2e9d73269d9fc7d5733cf7ee2,95857ec113b9b84035022972d073bd37bdb5603738ea578a307c564d17719efa,34db21d330c58f5457355598c9ab2449719d01a49d841fea43043615012f6547,1939
8f17327a2f7fc8ca78e5d12880ba7f8e832629623047a94108519ba93fae2109,A***v,P****i,75,M,e6535e168090c196d71fbc3d641a1cee8040f51c132e36b5670b157b8bf91a2a,1659dce6d0cfd17721a1e9d65d0fc06b42b5d5315385490a305943f0ef46a24f,1fffea378c199739635127cf60b6dfda14639cee7a3fa8f615133943f633c323,1951
8537c2efa30e935deb54fe09333c46fc8c4a8e94c6a0d5071c78a160d734748f,S****i,C********e,18,M,5373b01980bad8159b9aefe194a670ef1fddde0a019807fc6759d982876f1676,45116ce09be6eac97b0c3c93fca35f96ae28b2262d0be2de58a1c05295bc933c,d6d2e1b0fc00e2d5fd8337ccbf0844b6ac3145254b7015b01343057c9554364a,2008
4556bb39ded3dbfee4f4134d238395f0ab4e5d6b6c3dc8ee1b93d3d884288e48,V****n,N***u,76,F,5958d54e7762ae33fb5733d9c644709c5cbd687ea892c1bff3f0977fefabf2da,0e3edff5bdc5629a8b82b73cbc9a3736cc6f5be8ba7bb748b88e327700681923,9d99df8c5625e98029b2728ac16bc29b364d4ba118b7708703330993a53e14d3,1950
8e26350544cae3f0f70ce8db62951546a2e8e09af01719b2917ac5c05e1798cc,V****n,S***h,9,F,f4bdf6056f881dc47688318d6d4e9396935ae84a6ae8f8e3524d3f47508cbd2a,f36ad9b429e0809b3dc125f58560c0787230ee8a478eb930c25a36f7d8a07069,f9d5c906327168b1052f257a14d1e19a38363d752ea2068605905f171619d218,2017
76164d843b4d1aba5114bfc16e7eef31d713b963ab20f007ff2fcd4bffdd34d3,S**a,M***a,74,F,6f192cdf8dc0bffed07a199bb363f24bce1c328611a0fab376008c68d1b3e377,b74e7452d58eacccc3c12056baa4bf959f6562f985235e28699f9178ed909d88,aa59b120b55eeb4359e81d8685939046f78581cee7dd3097bb34dd692ee4fee5,1952
07a0259519eb0a80ac7661f05be9b08e6a7684aca109db02b2fda0105bb44a29,S*****a,I**r,58,M,ccce2b3c0e66eb11a39de58fbb1543bdd03c21d5eaa05c4ccd85c6468a835ef4,85b45a89f8b97872a3874c7e23dd3c68bb0d4f75821c5dfa74eb908a38222db0,0cbf63706b385c2aa6b4f1597b0016fccad475ab238d44296e99ae50b4358e41,1968
584be399b93f9a946285e1bc0a358895e9dc8f301b445d214321f144c3dc0006,M******d,N**r,17,M,a915416101eeaa2c8894edcfa6d9692e0ab5fac3a0387919eb83a7fb5eb92964,db66f5a52ac2bda47445f9b3f584b833164dd12eb9d9230b90a2a4ccdd9f11d2,7f6c55884c861b18c997852187cf56716c9ef18e43ab0de6661c13c81e6ba13d,2009
7f9551c5b1ad772e43188cea0c2a7b521c53437c938aa9d0dc97c84254f0fe20,A****a,R***y,7,M,8025de7d093213800d2cf9a45b3ce94852176c4491d00006290176da6b5e6f33,0b1653c5681a66313301afcecf014708b53d042f212632a957c6ba312664e841,f96624c8f7c5f07dc626ba97b00ff0e4d06a5356aa3abaf07a07dac6941ec7a1,2019
d17c0b59d7288f090af93cf6497954750e3082831c79a5fa95c7bd959b3b8d7b,D**a,J***i,46,F,2294dcd8b8eb2c6776e510fc6b06368b9df05a031fa6e5fd1f3a305b3af71d4a,2a8d71cc8ada9aaa8bfa7df148726fc207bce1c786822d7687f78eead782c1ae,dd384bc42106407584b34d9790f8428e5b869db64670f0039e80f8d745dcb9bf,1980
92073a7e65d3d0c77d30168a3449bfee37f1eac6aa1a9c044d44f77962da891f,S**a,B******e,13,M,ddef24b2ddbec16de712cd9c5ff8cf82e38f4d71c297298a1e2ba94b5ec3e63d,7e22c36d5a8238d65af446ebf6241f3e9f640c76db3d274e087664ef539fbe4c,3f52b7d9b7938547379224691d679b969fbcfe15b9f12b710d67a33f084fbd4b,2013
dc3fb38aab9df1c81e21b57b1e36fec002153e68c6f7feff5b8aab07689146ee,I****n,S***h,40,F,ff52f7479c6c0be3ade02cd42bb92ee955ad5717738bedac7865323161daa8d1,58e08a6d4dfe4bf75b8d98b80269c53882a483eedba824990843b6b3da2a76cd,1e3d9f2e0ada9fccb05d42a533064bf377a31e416d6c9e9772ba4a2c7655cd89,1986
f74c7ceeba75df59fec0de11c68f8fbc5171cbd8ec128eddf975cde87f58a095,S*****a,M***a,42,F,df0f4ed68f597b83fb172c9712d43cb3ab19528171c31d5125ad3e69c751fb68,d27590239d412a9c1372e2c271a088ea0b8a05853a2b1a82fc83be083504e30c,b9054eeee60d04457ce8a862213a61caa2403cd01130adee905267d6f8274e75,1984
35430287391de581e621b9614f829be68e799590a1abee63f4e54e7644d50cd3,A****a,M****a,9,M,a155c0c4889b24ddff731f5315d50819f92edea96ac7869011495f0811f99abf,7b77bee1e675bf74d30fe07e6c6b69a991059109161e1888999b727d543333f1,ef71da133f06294e2d1654e54ef1c93304d771033405620216b2317ac94c5b67,2017
8debcd3aea9b924582f8e7731f6da70c6bc861464f1273b06eb3bf0c8e627e97,I*a,N***u,50,M,85e3077ea791a109c31ec3583f371fe03d1c83c6f1a1f1e90a1b1f89b158a310,972b4892d87550a14e5d267face8f1f03d73ea0d0f6cd581a1c4a8a16fc117fc,04fb6e725659192e7258af3c445b33b9d30688c6ce9f6253177bf19c33829f0e,1976
d97e64736317043581b903f37a496bddf921efd523efa3aa987e94c58f48e977,S*****a,J***i,27,F,14f5fc8056613a2b1d6315fdcba7350b0987c23aa10e54d2b505c55ca4561698,10a7509c0d59d128df0f195395238d515e5f9bed901a271dabb721e67fff69d3,e93af03a077470a0bbe936427949f5b5dcb7c1f4777e447bce23095a1fcfb8b9,1999
4c76b2e19e760c735e901272308cde7ff1275a49afd4e3debb2e5b17e0566d59,S*****a,S***h,66,M,3cf206cab38b4d92fc0811d34c19355a02fb51d3ee88a640722a032ca37de7ed,1b2b5e847dcd6f792e69da47c418fe04cb8031738e40202d36cc9cdef2dc1e9b,b1d53bf407660d11db2848b99f42e3956c7e129b1ae30492dee5530e1cb0f7af,1960
0569019098c7cf5a8cc47f9221abee18721c6e392b0b09c277db7e11ed6d7e4b,K***a,N**r,5,F,5abb80d3abedcea3fe4d3fca9ab3238616ef37dfc52063b09e17ea27d8c88bd0,4a98bcfb4aec5fcda6067237c010f98c1185df3ab379843df9bd0420fce9f8ff,0fb10ac023f75c9ce956d1165eb02e897a29964cc7d50ae69a240d4127a7cfb5,2021
63e1c2ff2767ca8ceed81263ce666870649190fbb395864203e8c6a17db4f468,K*****a,I**r,29,M,c828e3997811817c0194df7aa3d8996b7c91377e7cb0568d0b5e73a02773ddc4,35a2a9f9f528efb3b4b3102248ca5edf9dae958bed450655f5e1d62e6df7ff59,29396fd99dcf8063fd150852924d37d7cf5354193bca68475caed442e1275ca2,1997
805887bc8b269370d918c709596e579c62d93b934af27016b1057371dd8e9a91,S*****a,M****a,37,M,a2aba5db3263c866a8dddef2942ccd6917969ba9527f44d6a5a9fede3210367d,b3c76fe9945e97d9ff5c298d87b22a0fccb61f714d3629575ca3a379574a57d3,3b37125ffdd2594b39c75c49fb8ef293cd007fe49fd0f5e88c1220f9bba5486c,1989
fbf5b8c199215f7801b99016185d993187d33be787621de0ca07a2fb93eea6d8,K***a,P****i,38,F,6222f39d502cf52b711e1b52d880135eac13cd2d3d055319a721761eaf2f83a6,befa5735129def97f2099eab709f60bb53549c4b8407be226292309bcf80fd2c,8414f2561e7208b4fcce41bb83f35ec12e584db6394caa8a1dda52a0b0f38a9e,1988
c89bdfca99ea63ec8991db799484333a09c6141e18d512936ee2f54f743924c7,S**a,M****a,83,M,75f8e15baf02a430c6b188fcb41c6ebdf25ce799f3baf1152009df13cad068ac,eb68d4633b83ed618bc8cfe266cf9844322fa25c4ed815dc6b35cad66d305be9,01a63624bf9c3adad843a2f5b2aaad8489dd90e428caa7ef6a03f3b6fbc07e57,1943
a3eaac136061dfe568408bf4b992749453c2622cc1d9380ac0732c59d08c482a,A****a,I**r,8,F,a1274512f3e4dfc1e2c724678a6ba7632a0516d29e369ba50f55b35ffa601023,52aa1b14d8063bf289276ebe27743993d4818b6995a95cebb786e3be87687526,490af01f303709fdc735bc2a863753c73fba4a4a3d86658fe3f44ddc5d26cdef,2018
1d34e778618583a02af524088ab43b5749a8cb2bffed5bb4f7422270c1dcdaf8,S****i,G***a,65,M,a0eaa52d79af7db6ac5c6f0a1afc23c9b30b96fa94ce2a06b6479e4987d5bc37,e6da3c28cb22dc2437d0939af7106fffb8d59ca1a21770d7c807080994b1fa05,59b74466b4707c782f7fab3c0e77c022669ba97a71338798d477fcf15a949afd,1961
b786ef2de7ab01ccdafc62b6237ffd7516e5ed3d4a87df5a875b3a61c0a214df,A****a,B******e,86,F,6bac77cd43885cfe9f5c63e57ef892cec1cc5c20fe7e9880df2c2399651b5858,bdf417f8b2e4f134257d61495b3de4019e270bc9d7d99bb282509b79aa320675,302acc9a38ba2da0c08caa1b36b590340579c5c5f6f6add76795adc351091b8c,1940
3dae1d8ba6d69d9fedae34463a55d846c3f9cb7733b78e6f9886817656eeeed0,I*a,M****a,17,F,f8a22202e65d9a5ec369c70eb0554c746f0af011e6854cca2497140c6641f17e,7b268b182773ef3ff3a3eeefe3588ed354f3eab4b7d5edf919ac094c726055d3,1508b98b0a26a9ce9962eea3fbd5bd4fecae7e00623e664385a6e407d9e1c33c,2009
d1a1bf1d8dd5ff9e5e33bd3693b9717147d2f499df1369ae6c49644bcaa6d610,S**a,S***h,71,M,187ba4c2f4afd95d87ee2646f9b15a2c7d76c4f1588bb563fe47c2d0ad29d5af,d7b8ace2166fcd2f7b4f5a0821435f99d3e2a28adc5c4a05dfcc4434d02424d9,f5ec86e6266f6450322d923b66de97d485dea4eaa7a731b75706eb88b67d4132,1955
15baee0146c40812621a4227541741546d7d8843b6a2ae04b4ae10b38c099818,S*****a,R***y,89,F,df2fd3c0148a915d0c8e97aa46aaf583bc6d971bb202c863734dd3b6101e8a88,768d2fa2719e9023e967bef8297dfc20ef108ae550f5c59d0480d1132f8ebc66,e462d41590b5236c7c368f2c7ab43b7a36e23eb964d444b24142f4ca3049a0bc,1937
66f71a9732d47fbfc6639c3ffda1c4660aca8ce048f535c2c8b1cade97bbfcb5,V****n,N***u,45,M,baf0e198a4271089e8209c02cebe87959a5b81aa424655d2140c4054430c590f,c61a4ac15559d800ad235814ff21451ddc099266dd7351c8070927666a6f0973,3cd947785a60bf79cd10604154a73f04a85a67d79971b97c395024d62412e5fb,1981
977c3154ed97450c76e731cfa64c1b4071ddd7001d11e16f6425026abd815d64,K*****a,M***a,4,M,b7cbdd0b121de3086944aacfece77f93a1efe147fe48d8939c36a23eb96db39e,5473b9b86022598547b5c92be42fda030b689200c64dfccdba747590217d50b1,2184a6a7e6e6711e78078654ca64ec1150ad068d87c1c7c81715bfafe089ae54,2022
d14267f5fd25eae2d6e8c8f531d855fba953174b85a7cc48b52f9153331a1f6c,A****a,R***y,36,M,728c434a57f730d2ddc8f766a671d9386f3f1ceab42edf4a5dd82ca22cfdf46a,4cefd1017da031e3fd1338157dbfe5731febdb73cf5e1c961a763698926bd5d8,a7abcf7739c61ce13ad0f0b70b4f3aa270f3ed67cd2a01bab1df95a618c37a9a,1990
266db57c2806a8daee3f67f58f72ab92b2bb26f1e5e7a9fa54cf59737e06378c,M**a,I**r,70,F,cda898abdf2e2df24d75009eba223f7a69228772b7e38ef9ca6e0f435e4996b3,72b6719c4c787959200037395a28101877aef8a26a442d51c94bc6518321098b,834d75e6698ee5b06a4819153ec45b75dc6fe78766d07b0a3b5f1cf2320879e1,1956
09f49ca188dacbc0b7b44c0ec60a2c27b3010f6f769e36ca268f15943025cbad,D**a,P***l,31,F,878eb0b9ac8e224a3a19f78df7ab8458cc0111f0555fa1a9b334ff99a2a127ce,bd5f69a48fae8467153b43e0c2128fa7a19876cbd925765f23212c1dd2bf78c8,dbb81d9fc9dfe16b63bf87b17a90a54dc21b3ce9faddfeae8c9bdd8221d73d51,1995
63ff9a7aafe8e1502d79cbc2a0aaf193c7229e868ce267edd25e9b512881765b,R*****h,M****a,19,M,d20df67aa3a9df9d07f38525b6b68f143ac544a920dcd4d56f0231517779cedc,9715913a49bb56f67db6f0a76c75afc3c8cc0b0c54050969ea8477bbacd9eb14,8ff522ccbae33715619869899e2cbff5d1b9d51fbe6a577c85d36c5b91a7919b,2007
9c90f9d7d09cf46dbd5bc724a796b3ce1fd1c65d9a531c50bfe36465f539c681,V****n,D*s,61,M,26d3bf0bed94560ffb62fb4a174c1625a779cb5667a86f892d049f54252fa0be,36775ad4de57a4a9cbbb9f5d4603708034f7985034a3f29c7d4b66a49ef005c3,a6dc85d3c2d7522c6775d23972b0e1b674fb6d63e4c2525204abbe5b3eff7b9d,1965
07ff221d4ed12c40522469df67653d5682eafbbf9aa12b61b9627ded60759668,K***a,A*****l,54,F,3ee89d87e93704a26defb0e434b9b7709c9b68db1bfd3a31debe90e0f76018e5,a616dea79df310bd9aa44c509d966ce6b259c136ca8e27e5efcb2af8d1fac3a0,2d0b5379471539f3532ed6c9e066ddfd77b8f0edfe463074d354c6d0a74bdee8,1972
b6699f1f75b07aaa96b7f6f1ef1d6d58c2b00d2f311d23df9be2942ca0335ae7,A****a,G***a,39,M,0fdb0c03a074ab049f9c87efe2970cd47dd6e251c08043890810f207c5246c3d,8dee1517de1363d0326b153be210eadd6988a35285a5a5255402470074ff2ba0,d469f9896d79e3506d4cf4318234d99ac8cf0015579e26ce39fb665b6b055af1,1987
f759df6ba33b32ab87f746e4d41398ab4b4631ed372d9d22dd1b5e478ee97b06,I*a,N**r,74,M,d559dc149d3d54731501b59f24c666602877de4f7de0cede3d4ec34ff46b943c,2d5f88eff6f290fc49f3a09131e4629d4f94487a3b0b95c06530d5931a1b8ee1,7774f61a8cf2a2fd498fa1f0c6b033087943f0d3e15454dc98ddc99cfeed1ba3,1952
653cdfb1325933b24ada6db5a4afeff363cb0f52acd1f049ffaae98513b44a5e,S**a,A*****l,19,F,04a512943214257ea28f566240136d27e46887ba8dd9abef2f97efc48b9dac02,fedc08a316884f356c116868bb3abeabd365c9258321cfff61c8ddc9899e871f,da54dd891ffdebbb471dbc9754c1d95abb7fa55ab57f4ec211bdaf5909f02906,2007
f0316f28ef6214df53c678ecde337e63f431b074b6cbf48b8fc4df3a0b16bef7,K*****a,N***u,39,M,3d09eee14e96197bf6b818b624652c48d3f823be3999e92d220038d7fdffeb35,d8f8c04ee705e934d9328ff9dbd9c68c2ace8ecfe87c447bba8baf736707b6b9,f1b3c302d6bdc4f704affd68fed17b30b90431653a8e6cc0b33ed75bc8bf6fa5,1987
a500ae03c00baf216d49ec56cceecd33fca80f959f3217c46b44c80a7b84762c,K*****a,S****a,67,F,449e4f9dfb6f3e2a5506da696270ac184bdd3ae55e695c64ad8e6dc31f9946cb,ca5538e68bc00a9739f8e24882d57f8bf310bdef4285a6964b28e37903b865a5,6f8e7b9365e9ab9273053226cd5f57ae3449aaa83209bca138c3caa62c26fe56,1959
0b40c4ed7240e82b9daeb1d3d1dfec63f961836cb323b1a80f47700b744efddb,A****a,G***a,45,M,7b3188d950d7244016801c9e2014e6c7821bd582ad596c95e25c7af784ab43d7,47f7a34060516916f7a3b716657d333b01879270fe659ec8394090ce6bc75444,bcbc37cbc65445f47b47395f9f3039cead525d6f833c835678b8848105b49d7d,1981
a8424e40f58a8f17525741e7a40184f0f28afe975a639be8591ff86e6fea896f,R**a,M****a,13,F,68b9b0653c15f2910cb8b1ff240f7113dddb95ba404dd7c1f3d6bbe4c596620b,5e0a6462da4a725fb571b196238ca1e54cd32b1098950352afd3a7c06271ce22,2f93dca29ad27070132b01de768d6563e60d9e1b765496e199806c93a73e5d1a,2013
e2aecd9570718a8807f0e8649e84f841cbd416fa94f569737c9c3127f2702b4f,A***a,K******i,58,M,4442c01a7e1662a64464730dcc226e5f39e8615ef8606ce1dc53ed418bdc58c1,7bb4aa0a79dba0644dc6fb6435442c205f74c43fd7f7268632e54029e9bc07b5,987ad4d5916e3d0ab1149fdcb91e636edd33bca1aea9ad813852961f284e35c5,1968
76283bc9f022ce43841538ffe90bc219eb41003010b3a528bd62afc45d20fa70,S**a,C********e,20,M,8db631c1d35f3d5ae65440a50b4f76650a069474249f59835bfbf146df8fa7d9,34c8a5890f7e7a568975e732dfa70afa8f51f8ceeb0f6b409b21c90338f7ec45,b5531071d362cda47504d23cff1a66c8519a3c54b3bd7ac8451e968170ca7602,2006
822b841bc5b4a4264473129a06a5df1797f8e83229d9cf8d811f49f04330779d,I*a,S****a,72,F,acd621bfb70016d36c97ff983dcbfc287018a4e33f8aca23cc16c651b138d039,10789dfaf3d2adc41c87777f6b4fe05abaca642a02fff797ee4998ce0210a31a,ced80ea6a59e2c0358537ea1be4bffd3de817b335af04fa50bb8a277d3c06075,1954
e5b07d8face3853f5042e4ebd798387247f04be2c406bacaf679ec9de5db41a3,K*****a,V***a,61,M,3eb8ca3a8241d1fad2a69431c8a7630c25e1166da74d81d1c32456f9cb305ffb,4f48170056c67b6f1b461345d0d471ef0ea681a95fbfbe5398c6f09f7630ba30,d0d68181e82cf5507da32dd9b3418fedf55fefe204a0a41aff7300f3bce6ad23,1965
26376445980d26bc12941def79163d953b953328c691492cb9be226039995e6e,V****n,M****a,39,F,e5983876c9fea8ff92e9f096963a4be21a87a258dfd4c8563708e87e1019afe9,ed4628b2775d67c5a9008e5a0f0422aa35e2558a8de9c31f80770a23847f9c60,99b4d39927d50d446f1335f72ebadc3cdc01d9b1ea51be831550d249aa258497,1987
a95e4735d40f1b587fbcb3f12289b87ed52b2654c3c0e088aa4a07ec062a5a42,D**a,S***h,1,M,24f0f878954b946c5bfd6f85d0dbfcba02e261f406111d9796f1f1bc951392c0,7aef02516018a4cf5c594f1f3da6760839458272099af1724d48c1c7aa36fe14,05ade7619c2c225f0ef33c81c385539ceafe3316bfc1bf4a1702cf01cba3a81f,2025
0569abad026a1d117a57bdb86a2d539284d7be656b90a55283f053dc06bf3ea6,S*i,B******e,3,F,74df9bd496d54137343957493ce973e045313953a396af75a99506138724784e,37075db16cba70c095b74705795fcb63f13f311e013980feaea021b4b8367132,c880b9e6fca8b83b886e242bd11481537f3496cc0364d23d1d946101957734c0,2023
907899adc7befe7a3cf0c0e78d12864b7810bfac2e943f81733ef0096b7819b0,A****a,P****i,77,F,536db4c9842aae380cb47aca500b4609522518a6bef8cb93f50c5bd6984b9c74,4987be936e1dd885e7d936df955b76ac4ff52c6c861a344e091f4fe0e0f69468,9a64b3fa933cdbdf3f5b419930c424ca17d53095745410ecbe538f98a0d1e28e,1949
cef0e879f29d08edf4d347ea410c96d240548f74a599ba7f77bad47fb561d753,A***n,S***h,62,F,845c8a502b8a07952f1633cb07a9b9e05874546f1ddcfe33197a91a721ddd5de,17fbec813afbc80bc8d80e65964ffc42771b6f487acf07fa4d40b152883639ba,040991ba5a1a41e38c542a4c8f4ccd3f1a1d4a52b9156e6765be8ead6b831305,1964
43162d4ec9ebb8ca231a1237815ccd5f56ac1f07f4f470abc2f47b5de6c05c29,A***v,R***y,63,F,b19ccd88c16020a31e8b8464468faeec6b0f5dcbf8f53d458dc59d8f6b277220,df7d18eac6b02d541467035d60d358266531ad2cf0f78820b5d138d05728de61,c6f259a32d759e1e77ba7b53f513d30ec328e7a9bee3c7707cce94c0634c6b73,1963
2d65aaff1dc20486978ace9c77e94bad4e166cd3201e51cc01a636e375a3a606,K***a,P***l,25,M,9a2964b829374fde748753013baaf605637794ef917b1d2c9dd18ab95040d0e8,b61bc299a180bc821e488bda5ed20ffeccfa875ef9b7fcbcfad47d70f51fcb09,ae4f9f73a5adb11c14b9077d52a720f190ec0ed35dcf9e19571e0add55707c8d,2001
2d65aaff1dc20486978ace9c77e94bad4e166cd3201e51cc01a636e375a3a606,K***a,P***l,25,M,ffe77ab973518e2cfdffff02e2dd23de31e58b8c0090e3a75570b8f32d2a0308,e476a0def3bf2f42bc2c649531c80f2d0238d1c7e8bb76609e966828fd8be9fb,e1d2097b866760884b889f6213c9d0e2f269c6aa0d9a7fd7ee250e95c7bc7af4,2001
c3b5a3d13ab79aa38e9f97712a3550cd325822a0b9e0da7a393f66418d817c46,A***a,K******i,56,M,43806f7dc8bef1e9932a9c2c01ba8687c38aae018cf2681c1a2bbfe8b4eb1917,f4d5bad816d697c9e7302640e0a83a85b0927c656e40718409e56e6bde3bdfac,db6bfdf57b341ab49b3e57569cdc7c62d5a14d9e4730db3bf904164c1d607684,1970
68804d131b57c8e9ee1cf92265724a27b05a6295f7b18b2f0784c35a884bb867,R*****h,G***h,33,F,6f639c4172f9962128b71e8d7c9588ffaa99a14e8b02e32800f70849620d82f2,3957d14ff727066d1c5b7e5082d12a6837e3695282f8a8a7eb07e6ee61796b62,31c35dc6ca07d6f81ecf49e41d57a90405a17826471782ffb5ffa7b9386fedad,1993
d871d6c1b0f4950d7432ed3b0be98732dd480e982ae01be6db6934de4e5f7012,I****n,S****a,38,F,9be394abb53171faa375954ac027a23037ae527ccc8609fbf98a3a48cc2e1906,9bd0c66cd96f7b6ffc056e2c9359aba12d632e7179d6c10731a0e3623a0e6542,dbb741d33c0e0704b9fa5988b14311dd0edbeb68f26b1c3e31f7e7ae33424103,1988
6f3c941f2ea2181cc2e00f6b52049605c84a7c922013417e354800e15084fe03,A****a,B******e,6,F,e89bc8cb0e7237f6ad17874a08a970b4eb60f84e99da423b5c1f14177ab9c170,73f56f4b97a7d14b107e0672251ff9e17f05269dc1f2786004f3e3bfcffeded5,904746a6ff89fbe352a7d82b5b9ce693879e32eef83e968751e5c99b19a74e14,2020
c4055698ececdbbf112b48b451c3572207b84e7f87477ae3234d6886e0a66955,S****i,K******i,58,M,d101c11190bb5e4a2a5fa131a553a4d14f5ea99fd78a1850d1957c2d1c69c0f4,456ec2625d117ac2310281670082e4c7a705df91978ea9ef957d9a347dc60489,3ae2e92e9ec9e42bf3c8602b4f829761e7296ca17d4887e2dca3023211d6280a,1968
21e853f3600aad697c0928b58f515b7db0f6d7820db35fe3ca776dc81c2a0308,A***v,S***h,44,M,10dd56dfba705de236aaee4bb258b7706a11394cb90311dc7a41037ed678050e,b66d99e1bcad7ee46cae41dc157fadb314992c8ee89e4cb1c77b89c4611d5936,5b6a3901927e1af12f0f875f00025971352a2f9eb5a2831ee559328d09d27250,1982
787d22fbd7d8f4f807d556f710741514de00ae5ed4c5007412692b3c51a55165,R**a,K**n,45,M,845d433e5bf82e34549c6bf80aaad122a0858c6212cd38a8efbdf1ccdfbaa812,dfa4a34121779be3528958c31d072d097aa328a8101bc8d388e7964f3896bce9,4c2afab2668201801d18940f6b7d5618302b1773479e0abbf0e73b518d1c0c17,1981
115eb0a83532e3d7e985fee311137eedb47134bc794e248482a2b4b2e139307e,D**a,M***a,32,M,3238f37625bbddd179ef0915705828860ea2534b08763ff4e896a7a98b7087c8,ac4d409e2a208dcbf6ac5920b5ff257723c827fcff096a3d08263d730a800ee5,742e32249c6377216c6bedabc74517d38c349b21db11919f52f7a183e7571134,1994
ee67d323fd980d2c072c854faf365d934f6bca4a2b29a60888780becd54317ec,R**a,N***u,45,F,3628a8b0d677dea2ceab4db57fb626f856d552e2e91139c7b1bb94dade5e1989,97b328a44b95dd195b0a442e0260290c3b30158738a2304c9d231a480461c69f,b40842ed2b0ab6bdcac1ee706635d2057d5fb78b958e5b6631dc6001d4aafe07,1981
90b4e732ed7b857b631db1628f6d3aacca64e3954d38a803da76f97f588eaec2,R**a,P***l,61,F,594d0ccc22489559df9209c84f9716325484f4c5cb7c1ad9405f0c941a8bf8a8,e3bf66f33a0f5f1f28dfb7b1877135583a424bd04203d83571f08c35b9ceb4ea,e7c878671246f91b101bb6b6a2635ab85b15efceef62ddf97bca53704b936d57,1965
0a318eedaae19df8a0ef34543543c79f7678efbdc4a347243b5cee924c6e5eb5,A***n,K******i,47,F,0c1c881e189a67ed11bbb58bd8902b310fd6694b1bcf12587eeb2295d02363f9,6e0022a8c8ac6a7ea4dc2b3080b9a600ea86ae335bbfe4f36de22ea3b62cdd45,fc578ede12a9957785706674045dc6044f11f1e67dc1e8d0e74cb58e61074a7c,1979
66ff10bdebab942a3691e4b67ccf38b283d06a7e95740612404d27f022adc272,A****a,I**r,21,M,27c56e39e7d7d92cb9edd6bf4eec8a06e40d3b5c0d57639e5a9c20c02ff16d13,f38ebe2e1638ed502d212f14db044ac62602c0a69078245df93456ec475a967c,7b3e2f27348867c295774a387bd52fd03adf330da67e030292135e711a58b83c,2005
8d7eeb17523b13f7485456164878aa94f6890cdd512f8fbac513f41b96df7037,S**a,V***a,80,M,64dee03bf1e76a2e67c67cf0519308df28d5a2fa1bbf992164979648ff7f378e,93d2410c7b6eafeeb94acca2a86b6b9f04f6b92e167dded2e8dd5260d47491f6,af346ffedadf63d96a2a41410f476b4e731acae535a39a7fb306234e6b43cf9a,1946
05463a3a1fbb6b50a9556abefa2e1a227ea751041ae5bd646b3654107f4dc09a,K***a,B******e,85,M,60a1d6054a0c04d237e426fb2d9425e69d31d9688f2002a20e92c14c194d01be,2d4bb81fdd07b5f62296db11ee2c1ce1b2eb2bdae723d5990b67c91aa4a601ce,6a9bf6d02ba50430ebff6299e17fcbc665707464fc8703140afe2ce2d3d4ea7b,1941
118cbfc2ad904ae9c31a9cb4db7ca94986da909946c3fa8ba6eba16d91125e97,A****a,C********e,75,F,96e0c94f99c3159452f2de657850917075ad1ccf95ee684df4f559c1ac1bac05,c52b30700fe23e0dc2efd9e99dbe76eeb164babcf3ad44b77a89b30c645c7573,4c3026c582d1fc7bab714d694761e490c775dcca6e31e7ea2e65a2f02f0e0891,1951
118cbfc2ad904ae9c31a9cb4db7ca94986da909946c3fa8ba6eba16d91125e97,A****a,C********e,75,F,fc79c3b12f5428e360ab51d89f0002ae72717137034271c684a2f561c8979334,5a93c342e94d4a37521cba216abf2b25ce2e3d497dfe881df6b088eb84556988,ecb0c0f26941554cda33f34dacf9b50e6e5286144b299e43594ada622aaf757f,1951
d5169308ce3fd20e529e3b94cc846e5723dbadb54b0c69af7ceb2713f60c1692,M******d,D*s,36,F,67780d9dc628c715af0db5be010ec853f818c41f9caff53a77dc542bb827febd,0f9bf9780dd61a0b9f2dd363588fd4e89b9a687f8034d7f2a6f70b87a7cbb532,ee3444fd92d8faa09aa8aeb6cd7adcff1a213f776cd4cabddc8534003f044235,1990
95ed3a25932715f1de8783452bb10dbaced0de8e556476eaa3187ba6fcec8432,A****a,K******i,19,M,e9c80313f7c0c2f840f9c5bb5f8f868a202db67753a02fbecb19385c4ccb3894,2610c319b71f3a671a8f56a48d8001288211dcaaecbb9fca0b9e6e40dcc6d394,48bec4d83eb6a851a8a1dbbcdd4c752cd9f1213208ed62ea31078b2be4054720,2007
872c2d1f8a7597ddba7c1d468c0ba7268feb945671e8b5048128902ef9717b02,S**a,V***a,20,F,5d3509579f795f070e4a5ed8bfdfad680639084f3731b3a2705d05b647470b07,aa1c2b70cae8d716383c4d6cec351cec2f7e850c461a1287dbc8087797388090,13dcc8e012d0122f1f262099fc59066d446327a5be57697b395bf69d82f71020,2006
026dc49da7e9c746a052556ab4f5c8c3997712675e209f5c5b02d88c9d88a063,R**a,N***u,57,M,a7f33fed726c20d3fce5c2e04343ba73cc9ef398d142a7bdc1419f2d22ba8555,4ca12daae3c1e9dfbcade2df5d6592bdb8a9395738679ea2adf03b34e893f110,d4124cc31c3e4248f02f398b49c2a2bad54ecfa74608906a6b162da5ad55b169,1969
7385cb41b4ff57a2e077b1415c143fa27d71e171dc3070ffecf9163a958bbcec,A***v,K**n,18,M,e7961b3ff9b2a2ba64f481d4e36f9968f6ae0645572d1a73bd02e2bef526eef2,99cf1c4f0454698662633dc8b473458bb37c1fb2e5883ebd745af4cee2832f14,1360e77f47ccec338528f6d0935b50fc272661be90ca0b6efe636f773af3e74a,2008
b17edebc21cc08a65ee5e9d2351ba6516801c1d9148f4704db88bdc77da0c865,R*****h,G***h,47,F,e04e42c470dfe76a49fb7d854d61ce1b948db6812031db55b6178dfa81e45e1d,46b3245d1052eb2cab5c975ef69c9fc21b88ef9665e341decdeb996a2f71bd04,42368250bbe86203220c1986005f11cf1f3403334d044ac8ad27e5f01e9e540d,1979
901b4abcd16372fdad9b63045a7a38072dd6b35a12c3b1e5d20a92e268b94a39,A****a,N**r,49,M,5bea640e9b3d7774f0c3f8b6ccd1ebafc4a4e320a09662bdbd48790794262b2c,555282434b4650ae7536c15fd460f426d850a303229056193855883b56111db3,8222b66b9be5d0b67b3d55e9122ec6236d2a5aed899269a90f5becf69b268e34,1977
7b6084460742c67cf5d01ffbb3d49073946d33ade4f6b271e63e320f18a9b4e0,K*****a,B******e,14,F,6ec98bd7ee36ab077fae26dfad99c6af6dc672cf68739280db52cb9e9c3d1e35,b21143f1343dc82d45b2ee3d5765f5aa299a57fbaf80db62a3a3577ad07bfbd6,4f44a15b4287ac9da1ddf936ebb13072fc484e23782407f5827ab2e99c0809e9,2012
0edb4edcab53e7bd142d39aa994876b6bcbf46d9c86bce8f32c853a845f14602,D**a,M****a,15,M,0db7219207035353ecc60e4838b2446cb9cb04deb544e5be9cfcf99b59140316,7d3a09cdc59b0a851e23f02a3f2797bff240704aecc17550c77b2bc29a08199d,022599ba96ec0ae4f29dbe98a83cf1cb96289047e9570c4cb48774c89b218e18,2011
4765fe1a9979b9cb07210c8658de014c885340cc5567e18d8fcf5db645dee09c,K*****a,B******e,31,F,942a1722d35c8e18b7710457628c6ede618e7b601501920a9a510668f1c9cdc1,e9eedd728e254875c108d3aaf6481254e2b9898d6648f0f67a8a539a0e796381,8f2c53770ce35681c59654c6322379473617c8659b4a43840384a7d498e4aa43,1995
7d9b9205eaa991d8de68f47eaf6e4897bc0e9bafbd038c8c0a2c69e4f77b4a6e,M**a,G***a,1,F,92dd9985aa1287f1d161cbdc6a4a0efe23fd7f883bde798c07380cce3812f814,abfcaaef1b870635c0e559301ca9891f39a980fa7ecbdc229adf563c6bceb5fc,4bb6235ca28f8675e853b5869a4b5be6eac925ae5fc9d48216f493b82140ea88,2025
bc5fe68e5cdf84ae711dfa039703f9dfacab766b8680db31efd1b4b74e8768fb,S*****a,B******e,54,F,baa2fb06b2e4182b949513836a215590bafd441a9467e34ee052e58b8c7c8972,ac2e777d07275992206315d2c8eb53d6a00ed3df4427d58710cb723658657527,628877ec9d1451b0d9566a67fb154b2258a50b49c8fe4fc642ae66525d751853,1972
79ad6f8cc65209e03d6bd64d676dd8c72064c7617d7c902e0df69b282fd0e97b,M******d,D*s,3,M,dad82301a638061540b912010dc7a836876c39ea9a5953ca81357e76238374e9,b990a22eef3afdc491093be2d19f71b01a70ebd72a89936eb93eff1199579aab,4a9a066122182c3f14f2861f8a1e14f665055e7bb88e3a627b4919c28e5b33f1,2023
4c3a8fc84168a8bc126a5ca3af6e3f11b385eecb56dde50d00292dcc1c94ddff,D**a,I**r,16,M,e57ed624538f92daabdd1c3f790420c0bc39578e9b7e4d6fc0f7f31c6a7cacb9,f73db683d1de26bbe770fbb48d1b65af992b7bf668d8314c1c507eda64a497c1,ef4ce33bcf1c8cd5a5e948d53677b2703ce3d3b3e2b0670c13b9b74e13ce54e7,2010
4efa49bff9c89314e81068129ac6d30efef6f560b1d61faed6b4b18fdab4e2f5,A****a,S***h,87,F,9c2f7aa0736076a9a7b7b334e6b6f6a66115b3d87ba2d04c2d540100a9b84e16,729141e6de951c00b69308d2a0fc2def3a0a2b5d4d7e3ffe74737684ec3d34a2,d9d1e3bc69659949a2b646c3d9a3c27c8fdac7c1f14c0cc48683ccbe8aae0ee6,1939
9520ad3d7a70d319e14e25c5b52c6b6257fe2f5dd6bb98d388da154d09afb415,A****a,G***a,57,F,fa134df13c2d046c30a4576e2f3f3105a36955cf91f75f878673ff1e9a321540,1eb69d27facc896966fcb6ff7ac136154f3e3840d5b17d4322b0f4c7a66cc8e6,f870a046aec845151d1f36abf4c65aa615cd95fa7d20586744597e7f2c98f087,1969
3d2940729fbff8538a600d72d32500444e43f8339fa9e7c8d33d7a7d1f4eb42a,A***a,N**r,75,M,90ef07e499631183943716c5e26059fae3bcc6307e5b6861a7cdce2677dfc357,cfe62cf8f94a881fcb5f1e7dde88aca976cb6328748a2f0d5fcf3f40e6666a5e,47da74814661a94c2741762c39ce7a13a48c2537275397c2d832dad2cea9d30e,1951
29b50a0cf1005354bee43ac4169f609fce2718c926a49545f42418af74a1306a,A***n,A*****l,12,M,689c8abd34f28634919c6eb9c9ff241c2a5d1dc48a1139e3531f251eed3b54a8,bd9cd14067ea6780fb5df7fbf02d11eb59d667184f3a17a5c14766ea2e464910,2821f62bdf4a84a3b9afbff6fc8bef72b54f049d23d536b139336190d2fadb54,2014
4d998b3801810d7207ac5cbdf2f047be85ce56d77d60f34745e71004b9840299,A****a,J***i,74,M,e444e37cd5273d57ac1ecbe3180b968e192fba74894a1b5ebc3bfc1fb70836cf,29a6ac74ea9ae6e451b826d5ab4499befd9cdc73c329987ec0303b135fe46282,43fb8133db273eb5c208c604e5235b73a6632bd11f5288278d30e83c6fdc8e99,1952
a0c14a5b58b318831041a0da4ae6ad5e5c47e2a06ebdc9e3c8b149b595d8a682,A****a,M***a,16,F,5ceafc0a5876a70db668b8ff4efdabd5d984da61587065f922f9453ff2e82aa7,679c36968d141f689075b08f4428d64399227b99d979c76c2adbae7fe5c43af8,da3981b12c75f9f595d9ec275d6295a129eb5a4553fb9ecf70b36479611ea9f8,2010
5c2ee892f9c113da083b5f93cb2cd85c59404e7f20884cd0a9799298b91cbc28,K*****a,S***h,72,M,3d96c86527d10f0a487d9504af7954a9cbebc4c748fa4f07cd3ea48c60186df7,8e1fb26d0d55ca9cb10a32fc230d675add1b8a2cf17a86e54bd6b4a120ef0fe1,52be640e5b26c49ae645be7259c419e7412eef85da8fec39f07a6dd41ffe00a0,1954
d28a5ecd0c7360caecb8cd4b87c981d024e1f3f4aff9164e9ef19df5655d5133,A***v,C********e,76,M,e8114fcb56a2a34892c383f388358f54d26e721e91acdc615bcc37fe1bd3cb2d,6ca4045cf73ae5f7fa1d8a0c2ae7b010db02c470a5e893b64ffaff59a78b4f03,234969d381378c8259ff79da721560103affbedb0a4bc62a79e74e3671133378,1950
034a8767c4c3ac3a7e66f47328d7ce04d1a01662e42fff5d553dc38e95c187d5,S*****a,R***y,24,F,7509efb17994be98e861c9c1f92b968fe92a200a89215fe2e72047a3a9824fd9,485609284459b4747c499483cc08cc21827227a1d858c59521d6d13fa46a5b78,781fe8a79851db09559e6df09b519fdc146003d81df535f9c037b4d7ccac46b4,2002
5e7e23a4ca4cb432c8a49b9a8ae99d22522d1ee10d3b1f32eb5c62ce1a2b8e14,I****n,N**r,28,M,870b9229ad3a51fb52b78554d012e514c936c05c698b95f0bea05bb125531083,6ca55396db7985dd4d6f62b83b9dc5252a61a5894b8d8399466c19b6f45ef769,4aaee51413946d98aa14cd2fd38412a47ab4ab55ba74df3af255ef12dde85e86,1998
ae639e6b01fba028430948040d9b7b6aeef60a3c8e6d60187ee09508d3f8410f,A****a,S***h,8,M,d9c519ee9b58fa4b9f115e558933c7077cdabd3875f9b0d18c9178f7415413cc,6cb2484d26419cc5f553c8cd5e8033ac952f4dd73377144578c11e56a025cc94,87f3f4ee2477034e8305d0e99d70eb08b64c4c3ef92fd748d5094b8f36d3b88b,2018
cbe5fc42338b5e6c4656bd3f5c2e3e902808692b9151f0a698341e4ccd3180ba,A***v,C********e,36,M,0e49001e809ab718275425983b4ef0710d0b22d77a6b8ed3acc24052f872ea5f,97a57f4966435fd56ea5ff73551eab8b839a4f6715fbea7a6d6643b82a671cd5,e41c2c72b3cde9d3af887f5ac594321802f9d9bd6fc15620242641c2bc7ead90,1990
ae37fa4a6e4efefde12bd52af53066456a5c1b5a8b5ad036317a0dc0218e0db1,S*i,K******i,8,F,c37ba4b20895d4d1c8a31be75978722ad6649eeeaf9fcfb1508ae94be596027b,24145f79724f6ddbf62bc71e52e217e4f260820647a116889340ed4e9deb6071,411b39f852f646cb8a8ae2e1c8eaa155d65cb0a8a8bd0031116f733588e78445,2018
2c22b6bad0b7ae1233f39277819cf073169243594ec9d506a6429479a5cd323a,S****i,J***i,58,F,edec41db3dc02894954646b66fa960c64a7934a9db56b6f269af5ec826ee1f1f,8fb411bb0717d2ac95fdb5c2d93d73a2374810b4c79e43fae81d3a131d09fa75,a242fc41d2c8ba84026323d47c5fc34905d8067a615328c29ddc60af78217517,1968
9d45c506c68e3dcaa91fce413ba276f0080cfdb813fa637eb649e7325b0a106d,R**a,M****a,60,F,44a5f7cb0ff70e57612b48f1985fba4726d1970c227a37f1161bb5c8babbbbc0,84d24c1c9c4f3b7525147a594c823fffa61c303aefc348536512a268d1835b4c,cb2c95e00a4fc0fca2569e92d74f28fa53c6d7759bc2bd66734b932c99eabab6,1966
2eb714a730c43332c390684df9ee756c3ccd94a5e12849dc35429ce1b99f59eb,A***a,D*s,50,F,066b24e56a49d01f6c08bcd16c47ed1769327c3e1b744831d9bb5a396c921bf1,c0f16415b811955a512a9badf4f0099b5b2341228d3611fb3365f7c8631c0e98,d0d34b2fa0bfea52dfeacb0ae6cf517687714c6ca1d0e328f8c4e275fb3439f6,1976
9585827735f88792e9359787c8c5048f41e5c39fad2e3f57fc925ebfe01459fc,K*****a,N**r,28,F,3d43b8796c0e19b08bdb45db71a7136d841f9b8e86ba70db0565b1c36d003186,3839bb4c60a86522ac20d80641ccc4cdabce4a7d7e3236b082c0da4410fbd886,c10df894d98b17afe21cce9f8f6aa34358d24340c04c646973349471390a06bf,1998
1da5ced675158aae1330e1b276fb9f70b0e2d9ca7441caf3321cabac534484ba,I*a,V***a,41,F,69feb5febec130383858445f22fadaadc25229e6736cc38bf0f33fff935dca68,93efb1029b180702bec4a6b8a368401e431398839b87509b231eccab548c1906,e0b1dad3a3756a90215143cc6692346836b79164f5142770d57d3e0fb7a91b7e,1985
984e6bf675c3775a7207205f3101cf0f21f6b264d95d6966c29af3f0a427ad3f,S****i,D*s,64,F,6b1404bacfff6434d6bad2ecd6104f170a32a11c2b3afcfaea63aff7fe510065,17bff43b381db0f0702f097d6abc25762d2019b5dc0021af43c0b12cfa20e6bb,49f2019004b0f4f4482a3c11be669785dd00c967e6605db0818c399383b0b734,1962
0c2667ac3ad287d572e2898ace23dff926bf2ae1f6c450ede0c679b75f2572b9,M**a,N***u,27,M,02ec66d7d6dbeb92c3e5954870b8e50b223a8f9b74dbaa37d154ea43c84fe82c,45e99380596bd83056b63c4b882d96517fa24d4d2b6806e4853057b5585b20e2,c23a1d726904368730de29d57bd75e1ac6928494ae6d0aff995c18234904fed8,1999
73ee0bb4a2c155aeed1fb6586e0965012a9fc446cb63b2adee5ffe3f0a8f5ccf,V****n,S***h,63,M,5dac42cbbc53adbcda790cf7a733a85ace14c86b14cd6fb9d883c8fe3a3d3cc0,a1ba1c46bf1c95e59a688f2603af598df1c84818b908649e18e98a6857e64622,94528a6618471228915cb692447886f3051e536d9096b8ad5ccc7957136580cf,1963
1b3e3bef08f0e2c0b93896844bcd2bbbc4d15afe9639242d07f3867c3c09bc66,D**a,D*s,17,F,9d40729502bbf0019de26641b7620142b0feb3814e2f97491f4096962b977ef2,418249e85f6e37a88808e6049a2303c7077eed972360117c9996ab7b24a60189,64eeb86bd8ed73ee8a0da34e07533ed6bf7c58203158ea9bce045836c7be80f8,2009
bd1e755fb2c2ff5b803402c8a67180f47bb0bdb3f74dafc9d067f60c17e60f1f,S*****a,A*****l,73,M,08dc28e58a8886e13ca8a7eaba26bd429dbeb37c9ba021cddb4ba4a51eed4a8f,269fc158e85c8bc391fd90d258a388bb2c070bae1415b277b074eb0c79ff4e0a,a7cc53a93df803d6f265ca8cfb45a009fa1ace8761285544155896819f6fd051,1953
bfd6fd9c1161a22d5a0d714bb6394218d06a0ff0f1d4247bebcc41f14731a617,I****n,B******e,33,M,322020d594395bc3c8c764672dad01c3f9ce4c54b1ded9616277345ec25365ea,e030b1f90dba04019aa8164a1892d6bff3763e45e695dcebc3a4ada16cb01caf,ad8d7e038279728b9b9af252f15c5a45e9a1b15d0ddfaddb69d8c91445a7be66,1993
c24a4cc8e48a711e05b9000492d505c6315962582b12654653e312f6c676e504,M**a,M***a,84,F,bcc768d537a8854c997630a0b12f8a2144261d1a8fcafb61d08f493573c8a628,851da245a54296570b62bf131ed072326241aa99b98fca6ba637c3ee1be19cbb,a39899a206a66810f3a18604a52eb09e300883fcae9f650775be4ecc0629aa50,1942
7ae8dcbe94a54464daf80d37c16be7d84c37baabdd578d32e2202f1827705d86,A***v,B******e,77,M,e1e7970673e9c156fb53f6d3229b0fd4bd54e5b928847adc6a792b6c00e6219d,5c37925dc9faed10676830eba62984d607a39d0ee3930568fdbc3a618db8d123,d7e687a8b5408bc2eca523c410a6509d9aff611deaea0f60fc53d3e9d714d990,1949
02d9d27ae05319a4f21cb92e5b6fcf3b4e27956a143b05e78c46a8aece4ee338,A****a,V***a,29,M,cdc081cc47c7a000f308b6e9c65f810d8f605cb6d93e59f4c49f582de698e76e,fa01d57a8552c6ffb9f77d6c12665f36fa6bbf061715a81a9e4db0e4672a1ab2,fd7002f24d5ef37ec74ada8bd61efa4c8917c0f60bc47030b65a009d6fd3392c,1997
fd4ebc9dc6ac0128e148d02b89e1e098861fb5ee6cfc889d7d3d650a78290777,D**a,J***i,13,M,17230c84b4f0a5b816dba3f6d12160b7ee17dbb4cb982aa75c71c1eb3f6b9a3b,1fda39923920fed9243c51e44e89b4f1b4c6da516ad6984b11137a37a79e6847,c00f75d4cdff6ebcbc9e045b478deff0de5a0dff2c3220bc0605e6e23e9adcc9,2013
32e85bfac72838c9e1e8d61e6a7f92ca881fca01a47178a9543a24f5789add45,M******d,D*s,46,M,0bdf5975645129dc7eac92b8fe4c5ed2776a49bbff82642e645099546dff8fce,944d141f8b2f86fd0cac3b342c87c4e227df017ca27cf078c4a086f4717898df,55248fe7ea3d1aa72778a4d7661abad1cf363efa8440282bf15ea7cd01691425,1980
569541aef05a35fd51845055d14159e660e2e5e024dfbe429a608c06a6d6fc15,M**a,A*****l,35,M,13135a3724b637ade111f5d5e6f47622a328518e47a9eef07e30ad7647118210,2ed6d91a28330508b66b353322e57613ab8cfaf0bb43ad524b9ca652ce77b53e,81712abec2432ffc84c3d7cda51a26c521dbb0f2c1919287cc04df65ad7ec9c5,1991
841d6ff4bf515c14ff1194d854071d819eefe7528f5a4bee5df999ccd6cb44e6,M**a,D*s,6,F,e80ae7408f6fbaa120d07d073eae920cd43bd2e020966750f5cd6a91501dfcb7,4aeb05bbcf3ff3c8868660e1c16cca6d1494ed1ee166a15bbe89331145552344,fd2aee20063dba21c4692e2c7b7890647014eb899254078ea0df8fe511916fbd,2020
e851077501cff6e3779cda283f08b1ff8ce02b3d044258a6f250445dff32101b,R*****h,R***y,82,F,c70f2b1edfeb87a950f3a4c31672dd2410629109b5d11145257c78534fbc440c,31f394608c16e5a2d5e169def76cead8b069b3108f14604495a4103f4c663847,7654ca801744b8774e967b076227bd97b7e9f51c03a682fbfd820a62e91d95c9,1944
fb80277747aac668145bc47a70b7ee1c7a652955c60fd434859603bc2bb0f212,D**a,N***u,69,F,58b3a1d30a0b7cf0f446704f987b37479a293086dfc74deed0bbee69f63bca73,1fcd08ee0104958551f4b94187a0636fd682e384de5781b80a418093264d2af4,6c14df191a297f499d9ca5dd179052c1ee32fb0ac961a0bd4f788cb9223f32db,1957
ff58ff6e9d3c881fd0fc0583796835ad838ff999894f79473af7ed3bc7d1d189,A***n,J***i,47,M,6207d03bca1558271093f70bd6d35e7f31c6fa28729ca390356abf7da16d37d6,7130296958fe69f4af7d6c19cc6f9648b16af74d90180fa62e212513b9794f23,05ada28d6858864aed029b176ebaf0fe8ff1f1a761df2183c6b8838cf0270bf8,1979
9ace1218d596c69b7238faa697878d47b85d4c5220f641a097ab72a8eae1a1bd,S*i,P****i,25,F,f3b7d9b3b942120d6ccce591dfdf75fea6e191df6eac3e261cbe392b81ee94f4,1d90a28698ea6aae8651f8abf6e4845119eeed8d1f185d455175cfe05c5bb555,521eeb549a52c799716650c17817959db86f3de98e9f3bba8b755dc36da480ac,2001
30e4512135119c357868dcfa2a810326ae9f8f4c74a43016116bf2ba33458b3a,I*a,I**r,66,M,27ce329d7cf6413e6193f6a06d35f0b54c84a26eaebf173b671dac8af29efbf7,0b792a080a0c0e3f1d98923fc5856b7d135901c9c1541151769fe15f6e242aff,5d466ef2d0401dacb198ce28f6eba0a2a3407c613b5ab901c48e01630ea4c69b,1960
ab64cb415612e62b2e83997f579ce67fe17cc0a0720320eefb864759ac62606c,A***a,A*****l,10,M,4853512c6e8979bc03f2830cdeb0a3682938ad26b28949ce799b9668c794f2f6,f50407de0c9215288fbeaa75a34c4edb6ce84c98c008ffafd96c40b06522f87d,e01c90f9418b5cef40f9a5a70a04e168ebc5c273c8c8d676298f077ce78cb83b,2016
735846a90b8720be80c983aef65b04a379a43e86c0f4a8ccc5310b77f7271dff,K*****a,N**r,56,M,11a08a5066874ca3fbca1323a0e5db9333209fcbf11ac392bee918eb2111a078,7a3da10a8df30b36db15334bddff5f534992e638bee53dfa21cbbf9c8a760ecc,465062afb7680aeff3f2aca882001b26b2f58358b0cf8809577cac21a647a356,1970
4427ee72006f5d38be5debb43fc48845c717c0008a0d66298cdbd94790bbb371,A***n,D*s,30,M,b00026c97be7ebc42cd2ca76b9fba64483c10aa8c21710d8099b81bf7d1cdc75,3ada8ac6a19fc66badd84e5f1465ed8de4864cfbeb4babab035b212d83bb72bc,39556b9ac399ac51f2b3b0459faa4f93ab5fc938ff4446752796ad331d22321d,1996
85b1c6da6ecc9c6272aaf12175e38d769f901504098ef5eae84e114a02dc7cea,K***a,B******e,5,F,0d8aac9d1e611ff033f94050e8275b1baca2a1cb6b8ec431875dbb567ee0dce1,9f5bd612a9a3666d4c4f68225dd969dc56c6c8b1d5cf00be3c3ad250967e2702,641b24315ebe2f472fa49e7ecfcfc6d48faa46319bbfe1b6568e768f9c72f822,2021
4a76a0a822fa19ba6b20e826f33fc95eb053edaeac19cc599a149f07cf27156d,M**a,G***h,33,F,0b1f4ea3dbc6cb3e5e41405dfe0408545e945e9ae1b85acd9a3f21cef221f85a,d7d54980fdc9cff9951eafa1bf358b3ddeb3e67ff8d83663f38a5f2d7b683512,59abdd20574ffff87b07370d5b7345b64e0c3224b2198adbf9ae2423c873d8dc,1993
2244667f8f0e743ad64e69773549c10f24ec562186584437d06aade905076416,I****n,K**n,65,M,b35b72c9afcf142b1d3ae358a3690c5125a694b777e7e5ba5b3d092b0fdc4cd0,c1324eeb4fd49765b16f53caccb93f23fa7a079ca03c3e068c8d282b6fdf5941,176c93a7de3c469a58ba1ee4ae7b0af27cb4179403eafc7f42ed1d741f123678,1961
39d1daf0321a65a7a8989f5b89cb63730fa04b1f78b6cde9b2f3502eab8f0d3a,A****a,P****i,18,F,fa1fd1175a787182deb79509b8cfafbf1c5a868b780fae49fd5b309fceb3e7ad,8f9efc137a9828635787b0337a3c947c2fd644a12b3db540ac7400e5ef603c6f,6c7aaa108d171636b8c55b38229c3d058c0f726af8f273d39fe9309b7427d431,2008
0dc9794bea46327cf2144b2ef6a23e05eb4caf4e2e093699f75cef32e0dcaa78,S****i,G***a,49,M,73d67edc8e595779c9ce1a2d3512222ce4cd68563e66072b7d30611eea4cdf2a,efbd0b4d97459f872a596d773b6443d1d5ccd9eee5f1d5541e578079b0eb8531,24457f271d580072872da9416d809205d880ac637cdc3556b27d1d057c5f27b9,1977
d75a676921b0b5ba379cbf71c9d5375969007807daae094e5449add02f6f5e55,I*a,P***l,11,F,7fcb117b82cfc79d37b5720ca699d9d8f7fff4112ecc0a3a66a81a05e569ad42,2dcf5ab1cc68bbc021c5147e85299502d678f53e5260375b1d693a6e5d23f202,cf52aad4d49f10891fa07b9a3ff29a37fa69a31182bb1bf2926a5cfaddc35f6b,2015
9c2a76d8a61fe2469124635622acd7267218ef36954ebaa68819b07cd5ea2c59,K*****a,K******i,85,F,03623b9cc0aeaa917bd0c837d6e43acafa2cd9b6ac337f4b65fd29ad47c03529,0100399f178d30278f30bc150a0ac5e89f006b233f7fc5976b0870c6173c7a72,5294e749960db3ef42624b9439c03455bd3afe6623c8d74e28a9a22a3e4cbcbd,1941
63fe68f9c14d380c2f19c9c816ddda65f85fade6e22e9cea4ceddc45edabf834,V****n,A*****l,26,M,af38922b43a2f56759449adacffe040fda6b6e3bf22e359eea0097d2f0ccbd21,2f3089cbdc9b814659efdf3467e6a6c41c4cf20881fc150f7cea8fd466358b75,854c911dd0cd9b0ed665e402d5c1c40e6600135c1181c724fd1ae0be387fbefc,2000
39d03c4167d7676d221533e473f0d21870452dfa5c4ba1cac63e2c5696ebf8b0,S**a,V***a,63,F,bd9979faa7ab517e279db3fba940fa3bc87855f10231f615cd37f9c4f4fe544a,2f741acc842f615063df44c3f98ff908e9c913c4a97aa344221c6aa2157d2b37,48d78a19f743780bb41bcd0b9b2b0d3d791eda80b047ab056aa5eca4122043e2,1963
2e77403b154c0332d8319f95bb2066431dbfe4a497fedd7c54a96c2a45720147,I*a,G***a,89,M,47c465447e385ac56078ec0727e89b62f7a15a384d6140a82abff3993576f359,9de38e8a3550f069b95e1ee6ef1e874e1f33c42d246e5ff5bb6cc8a520bf984c,02632cb7aabce883af915d8e806e3b9925358124a932f8e3615fb8f8bc330cc8,1937
b50944dade76ec98abeef33d1290c664cff21210c0f9ec364d41618f67e11f83,S****i,P***l,86,F,cf9ae6bfea47b64c8abdb7f8fcfebbe9ae327e68fb30a872feb8c71adb0e29d4,5e14464397d0a0c7bac508365c3aafe9ce5a76bf771c5c134d67d6e7e8f665c5,e305368568fb3fc280914ad2f44280111d1b5073b1ef8da2117bdfdb316983f2,1940
f12779ec165192850ceaf9e0c2343ac911be53ff0d799c90335a2e2822061900,K***a,i**r,59,M,81a5e0e52591131b6a61d8fadf4633911115d61b4450544286f118835bbaaeb9,bfb3e6808aec0471cff081add7231e451cf3d880017af7d3106b1bc93121edf5,4a54605b1b34ba6e00234d5f21e5371471b72b87a855f3b033b9ff74d3ffab13,1967
f12779ec165192850ceaf9e0c2343ac911be53ff0d799c90335a2e2822061900,K***a,I**r,59,M,dd33557e06048f39f9ee0c1356de94eb8204d9fca6fe053668750ffcdf828208,a7bcad94c295e1eeebf2de6e2da0a617c3ccdaca89c4dc53b96c2ec0882060a2,c080c7ce404b21046c856a248e7fc58e16e2fa063d673205a240af65793d8dbb,1967
afd81ec419f86cb4489130cd42d84f23b6fba17ab902661d11149968be4e16da,R**a,S****a,27,M,9043f12d5669fb68bbf1dabfa0ab72faccaf03cb8e8ed21f4b100d4281bf6d37,b00fab141083d4d4eeeb2801dac004966eb325fe2f218c28923507297bb37e57,5321393a3b8533947d8356b02fa046b70b23e010387c8f27b6b099e6410bd0bc,1999
3d817a3baaeab5918782cebbce2614e3be8b2aa2e4a7d6573775ad000da95c0a,A****a,N**r,49,F,ed5785eb5779aa217235acfcf16862a61be78cab699aec739755682bb19d426a,45128eae21c6a70f134fad9d038e48cd0a0717ed4d4b5d6d77b3c40aab7d009b,08be6d29c51a7f7330291fb015cf649b467f895babfb3a3c60b7aee1302c4a04,1977
69fd58484aa6c379bc58b3399dcf2fa5c864da1db856d20cf157bb901840fd88,I*a,N***u,77,F,c53d35779afaa33e63c551a2ee4a8b8691048897ed417098f01b4caefc3cd333,0b20f10126e2b141a7fdeb6cef3b98eb485986c157b28b09443009a4476e413e,459e0fa36501b54c7fd5afbf8a4e6a8693f90598b118e014bb1760b3177e3348,1949
4247c8365843695e9cf30d3275a93985871cdb957c8a5ea6dd92e44287754911,V****n,A*****l,33,M,b3690ec3b73177412ffc96df372a791ef9581a7fcea99c7870e88e8fa82237e9,1ed4be56a3ada01379440d44fe6b8c1f23112c35474b2baa2951301225ac05a8,7d05c47315f3a32c20c7a076ce434201a2da8681b9241f29a353bd0540983193,1993
a0c25461e64548f72466c7b41f7c1ce11519b24093f5c3c8768a5d448cc49500,K***a,P****i,1,F,8ff1b8cbfc03c5f3b749d76a0b1ccebd13f056564c7d2c0c367f75622d9d6952,cd4945abccf5093f43da4c601823d0fc562a68f30314a3e7eeae58e6c8fdba8a,b516ccf801ef093d6e28e2b95683cf9dffd278cd4951e4234a32d37996639a97,2025
c70935e216f396d69290bd6a36aa1f5ea38bdf31d34c313050e37f1f42d428af,A****a,G***a,21,F,1f03027db1155c1083753dd4f2e55b7293f63d4337038a4ba5dd7fd0e6fe4fc6,ea303de6e0838d75fd6c7b7ebc6f83170662d4a3a58ef5147f49bf083eb8057e,ec621e5e43439347aed1a8204058382d132cefc25def73d046243de0173e8901,2005
39d0aaae71bcfd7effbecccce4fc4b1af0677da8668619a85134adf6118f65f9,A****a,M***a,55,M,827deef5d772532dd0f2fb5313a92c138ff06ab50f8db83cb19159311502bead,d61856e008103308d6a2e8b25ec3dee85e858a3f632fd9bbf19f2eb684530cb4,bee36effe39b6d266b49f11b5e401943bedfbfede5bd1126b8a1043e4580f100,1971
d852af5fb259e5b86aebef43fc2da8fda39e2fce74a88a7fe83002d7f4381525,A****a,J***i,6,M,d8537a6f528ae6a9c685eb0f63c0979e60acb74c7fb304487871e278c45364c7,8b31c03e5656943c59e5d58c8993922e421cff82b3a273b878f50f076db2bfe5,9ceb6ba7ad2b4ff2bf032f810a5b0c8670b99912f488befbf7d4dfb2b35def84,2020
42a4adc12f6a6b629595cdbc85b85f75d0fefab7332ae95ad33ed9b6b9d44402,S*****a,S***h,81,F,7761d72cd5f4a59027c753f93c6f9b4cedef263d001553d8e6ea795923786e2b,1ec259a4065f30cbcea9c2826a5f2733080a6393a095d124cee25d57a2334bae,83fe0652594ae4b79729aaf1a884eb7fdfcf0832d5d90e2684b2ffc6dd9bf595,1945
ce67dbcfa56c14cf28b1fa6f7aa2fd32ec5afdd38c0115d7968aacde47d34093,S****i,S****a,69,M,5eb6d6f2e8af9f52a71712a5974011d9ddfcc91d447f8da035a53ba3c3273ac9,2068e2fca54b5d757b79d83822a9f4bebbfc4639065a2e20967b2ec105eae745,0d2609660ae5284712c514814e8629778e1be71d4af7c3013c46b9faf7d3d58c,1957
35427d11653d19121bb6aad5104836b131a0160705d61475fc6deb66880d3286,A***n,P***l,5,M,16188c7ab5c132ad67e5100b57e9de7b1f6e3d74e19af8bd75c187e6c4fbb1a5,16a5769542298d8460becf5fcf5fdac26d4b48c05579940d2387c781bb81a155,d0967bd3ce5de9d78850a30eae1fefe11333dd8a26abdfe429dab01caff82087,2021
fdff1477af852fb0e86fc129c5b2510e9c5f6a722608ded739cdc6277962b28e,S****i,D*s,3,M,01b9aca2c79b191376ae8814db985e303a803617936c0e31984802cdf83f895e,b74d166055bdcb598000c8a3c955fa896024dba5da37e49fd6ca26868038787e,9a9492fdb91270b669bdb5f3afe30f45b4004dee0849115974d57ac6d43f5742,2023
23096edfe0abf9f8d591840eb022bef4f878f36e08acd9a50919bb6e550f368a,A***a,G***h,53,F,8a0a3415d6b93c46984193889b7832ff2dc1078ac2c51420354b95995df85dd6,6caa04eeeee21151a5a06e61db269f9d3064f543a31066d3610cb03ce93eeb22,2febb13429e597223bbfc8338ba4b3db82fcca3206e46231cc6ada5512440f20,1973
7a60f74e7368a5af4aa4d5d61258aefe986a6347fe97a0e1e7ab5fa6bdac9097,S*i,P***l,23,F,1e1f3501d5d19dfe748820b32597a1d64ac35858bb3c476217f2784fe2940657,b0e0597e95f94c80194c5cf6cbdc97840ec28452444e0a7fafccc6614dfac5e0,e63aa93d3ff05707d93963570cb530b705ee1bde00546d77695ebebb546d1e21,2003
914fd328b6838ba3379c85bfac895fc6f0440b603b55ed4f057733c56c04d6b9,V****n,V***a,53,M,bfd7fe787564c1414cc770da36934f2abbd9f62bd4695703153c4766f6c35eb3,08d25b1b1f3c074155a52af97801f34a371a45102282ca6b85756044283adeeb,438c35b137b8bd2b246b5637bd69690004d7dd6dfea58a723d8c628e57e92391,1973
9fd51ec914cef483b78ad7d0cf66c8a67627bf459e3aa221a595a5cb7227c499,I*a,J***i,37,F,641551e912ad001870ee2a0eaebec1e8499bee0c1eb4bc5e19a11c7e155fde84,9bd85e7923a9a2be32dcb776ccb4fde759f47e10f6649fba48b62a33d77c28d1,c370b53ae23d5ea99c2d8f022e187c94f4da121707dfa0c8c3bfecaf06df70e7,1989
9fd51ec914cef483b78ad7d0cf66c8a67627bf459e3aa221a595a5cb7227c499,I*a,J***i,37,F,1e4b1de7872bde9eed6f02314189484c7603b1e4b4f424a00f64067b5b184e36,59e7d95288561df07e609ce13a3cbd47108d06eb82591332e24ada0c85136079,eb20d1cfc79c1e1b9d1702a5f64b5d04871b7613d6261160f1d9c64f3271b1b3,1989
577f534d3e32239b8eb94d07a02281854cd5d6f47fc625b023d174f30bc35199,K*****a,J***i,74,M,0b6b586306fdb50094fe7d13463cfd542e9be5c3a728ad56ceff49af2f9c076f,e0afbc8b2e913d5ee1ec0c5b60d387f1efde580207d48a3e55c79f0d0437fcb6,86a9bb212c1d2f900b4e95b3150fc0ea99304136fa89ec71a51583c5b36a868d,1952
df490a5b11a24f7f47963e5c60c3b5fb2df213d92caecbc1ba747e8f5f8a111f,K***a,V***a,74,F,f41076e6523ca1a977a8414ff8efaaec9e6c29d5f2fc941176d52caabbb01bda,ffd62a612028b050668f36b235ff911c0dd5149c0f98f9dabb341b80cb991c5f,164b77d90473c5d7a8b41096297deeeb47457ec6d7c8111403e7e5b6ee7f2c7b,1952
371b7666042742641f5ebad5bb9ae90d66d95a28d6bd7de403b2b21d16dfbe26,I*a,J***i,83,M,f7b6599663b1a7c27da8cd2ef620abe7d33a2ca3272a75a3b82ef1ae53285b47,7180cb52801bf9e37852057fad45a76085f5eb809717ffb701b799530932ac37,118a13070e74b8f0db6f9e71260f9bf1c5ca7ec6f7cca6307c5bc1a983dc64af,1943
6c78ca347eb017af2b5b06207cb1dbb8974d9429ed43b397a5e91b4af78ada20,V****n,M****a,17,M,74328ddd1db468e95742d79c016b0f2d56c50631728bda020d5b6fcb9726bdce,e4c2ab64bd58982e3e7bf23afee3cec74cb7fa229d146ce14a8c76b49c979598,bc5a09ebf43fdf4fd365946c1131c814c0c3801ca33ba9a1a7b866d81772d3d4,2009
499e7285cc098ec708ff0827412797bc0639092672141320cf102be85b3a672f,S*****a,M***a,85,F,18c5148caa47ce384b8855282e1a1c05c1d4018963b6ded0df53d2ee02317dcf,756e6631dd185e0577311bb54393787d08a402cd30e1456d021b5e1919f84f33,ead5331e80007495709fd567174a4ea3840fa52db6e430b49d815c01995cdbd7,1941
985284b17b79aa5ad71275873e1e5188a1580c89be7585e6da7d01340f3da8a3,A***n,P****i,78,M,ab351e41cd974fa03f8e1468955ea8bc922b58926dd47421481770170f6afcef,18b2f372ef64d42e960e99526a8cba924e4823ca816017c63d8727c076d51d78,8551d123d523f059d364a00fb2f73358752bfa9e084f4943f9f71506b9d9fff0,1948
cb63a34e951c83ee61425ccfca410cae16bee83cbaec915c07c10ce5ef44a375,A****a,J***i,73,F,68d0101ddcf1c12386cb3f845e278a36ff343c0cf4587047812e3741eae64d04,5f47652181518286263af380d4de7fd47bbc1231fec5c8f0975b5e83b5c9dc99,67eaabf7d88835f2250113ccf8c133a18c5b565fff4a001869de65cd253ffaaf,1953
4f298002003d87c1d612ccc5bd08710bf4a0e8820b936ee256fe2747d11f2c86,S*****a,G***h,1,F,08d40ba13980402c0e48768e6c47ffdd5238f0d1e1abd77092e32966356d7d0d,ad9ad6ac0b09dfa725994533d6efab620b9a7a3913aea6d60684ca39a9cd3129,8cdfda521665061e62ca41d2ed92c62cb56bf4020200f9abac4a947b67daa9b0,2025
0f5a2737d09644d601988355ad595c8632f69d1dac9092664e89a85390bde8e4,A***a,A*****l,51,M,2f879ab8c17f68d704bec8d6b6fc20be63c32c50f1c94b52a2a15c8621642fee,e3c263f1a56ddcf03b031e579a386915bbe2c23bd66e082672b86fd26d42bdd7,6b556bb556dcb69efbcdf88e015bf9306359c1b150eba7415da9521a4935c4db,1975
92929313a75069630a3f41a498062f3b99dc58e1bb7aaab8b084ebdfa4e98f0c,K***a,K******i,45,M,3d1566069f13dc5609543fa78ffc2e5b9e2736d6c8540c30639323a397c1edf5,e9fdd69b7879f680f78755bdc7bab76e89ca8904cdb24ebb67f40f6357a17356,9e3afc669bf1bda40c5e38cdbfc8c814174df4e4bd652799c9b15beed5be07cd,1981
be4fe960e3eb053eef64d9f63ffc71c01720523d03da622f41c1d2156e78d667,S*****a,N***u,77,F,97d65a7352aa44c13d3d2ea48664bdad5da478038a6c20cc2593602e524c43b7,2a648e693d8f5f758bc06be3080496117f7d7b333f1269777b251a0297b512ec,ef2c1b8eaf25b43cd587d3d0e91ee6ea768274a07e440de3b42e8cc98db7156d,1949
8254e5f65f739e58dff4687ba91c57db5738d08a27dff1de585616105e009b8f,K***a,I**r,4,M,de76ee8c23f4510ab61d532a2ce004a5632da8f94bb63222fd1c0afab2229f31,bd33d82e45bf74ee07d1d1180fe2f3236e8b9c5c3d90cfaca32efc5bb0d6d0e6,527d08733f35f2f6524ad8ef61ccbe8d02c9521921a02f5ade8a8cdf9b342be5,2022
b126a52f3502ee36d639ea4ee356481f58bb7dc6129dc08dc71d2f7e6d19b1e9,M**a,P***l,62,M,c0c2feaed742530f6b7375a0bb4eeca3f5d252a6298b21c9af8e2110b7ea7ee7,5a32308e14f0ddded72d04a73aac9756d243428b0d14529c4508470deabce4f4,b74daf382537f525dfbaafea84bc95eab6e82b5c6096f5dcd8b2e1267291c3b4,1964
d2d103f48be2ff0f5fc94d7dec21c6e07325ec0b483c03ddd3c55ceb699a3fed,A****a,S***h,65,M,0baeff531a71bd6b78cdb63280f14d585f8f0667424594caf652f307f2761c0d,716310bd79c08598aac2d350afc432d4ff7588bb58f8a6e986a3bcbd51718bbe,4a36c07e00acece14208f37df3ba63a08538e6f8b3692ba571f3fb82661e632d,1961
b65304c929ac9ac90b919fca5846a082845092de07e4a41e87a5f1f26d69276c,M******d,R***y,32,M,596bc49716c74e7399c4832ff3280c435b27f6e55ca4f0f94ef2ef1f9fa6044d,d91ed3702bddb11d513d94a33da4cdd13ea64240ae99b5341b13fca672e4d5e0,17c4d285664995fde069f4126afd57ab5d67bcbc7174f171889a171c38f92287,1994
8327c2ee1689aa6dc970de7411a1fbd55b93f654d304f70be74eabe49621e002,A****a,d*s,34,M,34e5d45a62045a5bc808c4d73b011927d75e3ecc82c7e25bd9aa5d3b8d18d60d,5a78f52593d083254846d82e2eb0fe854e838620bb15faa83bb3d9232db73153,5d67e75fb95ba879f3a7edf747b589159e350c8837d1a5e4c3a66562488dd7e9,1992
8327c2ee1689aa6dc970de7411a1fbd55b93f654d304f70be74eabe49621e002,A****a,D*s,34,M,37028aad0cc91ecb710156cd2f31fe863f75cdc15aefa031b14356729dde434e,d7e22af30bb6637c6b277799e6983f24d373d1f721506f217985b4b6fc096b44,2b49e827254b6592b10cb7b059a1e448ccd1963142c101d79e2085a39cf86a54,1992
3f6a683ad204b51fc2e60f68bb5a7c0b55a743193570ca253ca7ddb9756d5c25,I*a,p***l,72,F,b66db7d8f45f02a3e15de38fa35692542a80d50d24e273f4aecbec29bbda028a,6dd029a98210b63909243944632b8c53e43548c31d46827f8fcda561a97cd3e3,04539e7bc75486089b2b104b88776877b9c1c6ba9131ae1a93fd6150d1b13652,1954
3f6a683ad204b51fc2e60f68bb5a7c0b55a743193570ca253ca7ddb9756d5c25,I*a,P***l,72,F,38a8344ca5f3208e9b2df04ae6d4ef5ad68064188b8e7969a6dc212b556a013f,b4168210a0b08001ad5d54c68742112f3b6933298355fe056b7d6d78ee0e37a6,b68b3df78eb8b36a234f689dffffe0304f32ae776e71876ae190bb8653ddabca,1954
0d1b4b4a2c0c15d93af2d65914da489e3b953c3c4619cba1b2ea1109bb9aff73,A***v,N***u,39,F,9ce70ae3dd017e2125dd875172aef9ace06312713b4e56c05561c96f1f2f129d,e6714f01e0560dc22a62a60b8504fed9a70d7c8d2752fe0671b4a559dd8f24aa,e782ddd56e7c6f74bdd2a6982c35c9ff97eda085f054e61ac95180425f66259b,1987
61f8803a3134263d8bfec218adc0e2c08d82dee956fdd3bd3fee819009604317,M**a,P***l,26,M,f6a2c58cc35d281f499a359a1ebcd60d6c94ef68237070c871e4ec6114c40a19,a5994ecba1ed94d8ec3c1cf48e08b465efeb971a1bd86fea01218dded07ef959,30a4c5cc33306752a99016347717fb1f3d161195ea4e9e14a13081187cab211b,2000
db08aaf372fd832f574ba708a918e51fa6ba08576a45004fd5fe14fc02ff2777,K*****a,M****a,34,M,a3dd467b724817e7cf702ca24d27e06751151a80d5e704d8178612545946a855,57c32ed2e3d1a6325103d1985b96170bd556608c07ac6fa556d86280960ffad8,6c1f7d957a183035da545d8000fb6ce7dedd15cb0f182996cf59cac5cf4c64fb,1992
3df0ca3aa41da45423c448fcd6c02003313434efd3e96b4f104f37b1473cad68,I*a,R***y,54,M,a2471bc18f77658a6aaaba75a910fa240667a8c5d0ffd953533302201b887e29,c33afb335925e15a6b2cc9d2870976bf28846e64d5bcb8a8d8255eeed4f3a094,d0cd599e8929a4ae3f3c01b78ac71684cce7e6b74d117f6768150decddd4b23a,1972
9094c77a593be04899eb35577f83fa243760abe605499bf6ddf9b98c71ef4060,A***a,N**r,3,F,26f3defed38ea1a757a42e4034d283af723cdd8b3b21af7f4b6645f72abe87ad,745c8db4ec9122c16541608b4fa6abaf7292ecca175aaa284dc287525cae6ad6,33aa139803222294236119fbc1e6d49266e031b9ad00cacea6707d9f47cf5bd8,2023
9fbb20d09a8d2e8f94c0e04ccc255fa40f119d04321dc7707023bda414e03c8f,A****a,N***u,50,M,7eba8de053188288e112c40fcc885972c4c2c8a1fe8b846bd4a6eddb3bbc73a0,7aa54e07f8711c90f7497430eefe5c604472c843a3fc228a2f1ab3e7a4fd2777,4d0ac7cc27d7acc683b0f5461905be9156cd6b4e77d0f6b3dbfb9cd4902f03e6,1976
8785d97a49642176b602076e8b51275a505e4a6609cb0c4d13cfcea549aa83b5,A***v,K******i,12,F,6c24ac4187c5a4d5695530711ac90710d17dcc6732abbc3da1157bd203d98496,55eb277adfbec2ae703c1e20583227c74f6488536f2f417880f1faa09f3ceb9d,6f3baab5bb7ec27243f8ca111063100759e8221cf3d9c44a105df5f543b90c15,2014
e9dfb2b48762cfcee48cc9c529caa8770eb7098d475585da5e1488755cbb697a,A***v,N***u,65,F,ce77471f7f34ede522ffe1863d0efaff833d0802fca6ee4d602740dd1c0279d9,1a5986d445e860ab642c378fa89b4c990aaacdb1c3e46c4fa8fada881980a404,89e23bf1dfe4aef39516f02217e0446058fa52eb29e04d78e00c6e710e8bb2fb,1961
63d8b957834d3c5d1d565a646a77c1b965e326cbfca4427273fd69705bd5a2a5,I****n,C********e,54,F,adde83506465c11ccde92814c8e95a63676c0250facd0d7ca1cd95071c2d1087,d3134a0713ebb7d6f3e333c94e1043f88b6eec3b1599498cd8350dc2dc63e315,125bde05258e455bc1adbbeacf05071ec83bc43768b953a1762dba8ab6e0722e,1972
40c119ce6fc328a5c7c2fd0a572c20e08caaeb8003f3659b6a371d8a062fefb9,A****a,P****i,5,M,5ef095054dce31b73fd4191173aa87270186ea5cd61b139f11a85f6d6c30d9b2,d90e657c9c0770052a05c9b3180b03d92b6077645bdc2d77a5a3cace44c2c34b,6807be21fed37c1ff50792b168653bd1c365db24da9ef5bc07898d9f2f51a9f1,2021
d5e46f8f6f34c1db8b2c01f2e697621e6ad4879e7ef40d0929df33efdd6d3d67,S*i,P****i,57,F,d1e3ef6c7dc9d9f04713f0a322624b9bf19981da56a0e32720f131bed2eef889,3608319930f9095dc3acd9ed3cc3065fff259a8c62f16274907b5cd726c9ab36,80cfd476d89d13157826a66b201740dc2d14c529c69fcadbf0d3e314031f2e98,1969
e255fff42d012796b8b2676ba669b10d353e766255863af9b3194779c89cc49e,S**a,C********e,17,M,6b263aa809078291b6ba2a16f53bcf008a7a2e46899f08b2761d95723a618313,03a5b5ba2a87ecad421f55b958bc78682fa986d5e4c88930c5b82f26fd9a1779,615215556793178d3bb646527a29e255d818a4214548a77fad6519a1499bba4b,2009
1b785ebc8f4e10966f25cc0ddce41c34d6d52826425038d97b29a9ed23cdc167,A***a,G***h,47,F,29f889cc7543af698310e454382ea9d407b6d4050901d4c81a1cec03bedfd7f1,82380f6d5eaa5abe4e9753cb9171b885e69190d432bfac4c994fb596ca7c06b3,20ea4ef8265597a13e28f23d934c1c83b47d8075a9b6afee5b5f7780884bcc95,1979
61864ff2276be466a69ab1a9b45c546576ecb6da65cdcc0c9639a94034459d6e,A****a,M***a,23,M,5b5f7356ebc0de403ec6ed68a89947563750d77fbd9e7e79c54da36ffcd80c96,26a2c97b8bbdc40638c15df83db519f8181b7aa6b45ca200acf3942900ef0ad8,90312d565c87e475f51f7fca2e4e4fab2dacc5ddda9b804b2eb3d8220f50e917,2003
4b6c0c8b02b248b3832fafda3719d14a7c12256e352e612069e6a9d139c72f0d,S****i,M****a,79,F,f1b02904a5843f5fe407f241a61d53d41fef899c2f09223938f988b682cc06b6,1f564762289078a709f62a441ee18ab65914abe6db53c6d8b769aea36747f000,ed9f7c3750e5a10c8c61c87f8b19d01a82865245466a448b62adcf3b2ed87757,1947
66093d2b239e0bdd31ca172796b9b3cca911ae9a4a01ea90c8182c5460e6a94b,S****i,P****i,85,M,adbbd4865039abd20f3e9163116a90eff1a2cdb38e34cee797083a9ec51b705e,0b32202331b6686061d5aa39534358f7fb15eb0984b4cd138000008388dbc5d6,c3677613defd6e143d1c660e71f0526abbb9d6c1a158a831db1af7eb3bd38c9a,1941
d9f2821e819f4b76ff2098e561f0ea6512b3842a6c364186884817b0c4fc8f32,M******d,K******i,14,F,584ebaa0363e5301c06c33025c29e329486b81f68cfaefcc0b470e0e83f57afd,4289d599ea0dad8dcf73bb923709f4193e206532d5109db3c2892b499a7720eb,2c92d633bd6cc5f7e9ce5c9517db8535fd0d28fc8ed885c71d76bde807a1da76,2012
22d376ef9d59991a42bcdcebe35f5a88750b13c18736b4849aeb338b61258bdf,A***v,M****a,66,M,20bb91563e3f03ca4f183e2347136b60099cce8e3f242d243e2c9f2de959b5cc,4e7f82c97c5c0d565346b3d61fb5372159b7702d9fe5764af4d9f4a875d48984,17d8c5d17bc37567989ff47433eb37655dcfd521d9f934adadfcd0371a42a425,1960
d401b2a732461488e7cfa7b6fa9b950694995088c4e9034b02cba29e3ebd2e87,K***a,J***i,75,M,3c9262625509e6bd5dcf207e0941f940716d1a3eb8eaf726f479b282ec6a0af0,322615dce2dc3899abcf65ed35e708ebf9b894b1ef18b486392ea8041be26623,7567da9bbc1cfae161a1dea260bd78c11ad604ef1a6c40c77a8ab22a257dee3b,1951
88b590eeb171062401b7dc6f8c9cf7a208bfdfe4114377d292879157d2a2a690,S**a,S***h,51,M,cc6dbb3433df2742403e8ebea5e38b13710153449589d118cca44c63b365b751,24793e79903ba2f8bb8b4678de2db059a919ea92bf6b01380c26219731353a72,7ec0ba61e7592167666b0d33b10102b47368eab376ececa93472af87ea0793ad,1975
7a8dbeb399925db31777ed6db9dc78ee45725d2407faffa8b8c9caf4aaf355f7,S**a,A*****l,38,M,19483814fc374fafa3c2dafc2c858e33c95db0121846f75d350e7cec3d54fbab,0981418647c334e6e219add30454d43ef341bc63192ba0588751ce47635786ef,05ffb742a61c4843b78812618f04ae362d816da747b13992d2e01f98a447c4f6,1988
99d69495beac97beec4763da5b36d3cabf97004034c7a275ba792ce6bd3933fc,A****a,V***a,64,F,4da954d24dc37d8e470fc83122bf013f703c87d47d8ed0f37ef10298cd7f9ef4,bf71e8f80b90ef6769bf97d81c79451feb0cceeeed109473fd252da21da163c8,2e31f04ff6e00e0246e12b227871a1ad1bb316d2d058fad27b600f6f60f55a89,1962
ff7f8d23c95cbc9eddd4d3d6ce12f5a43609ad5f82983e1e322ce25ebe700956,S*i,R***y,38,F,0cbc2f8c52644e2757b08130396c28c0348243572fd9c04cbc091d3011b62af8,ecf5e56a312002a57ee3a5940588596781bdac44bf23efd81d371ba5e3fb1402,303c10690eed10df942b5db045c8327ede0f6eb5b4e2294e9335b4c2d654e3f0,1988
2426b0a2227ebf71df01c02358fbe2e0c013c32dd2ed3111ac01227c7df8acd6,I*a,S***h,50,M,5a5465050b793127df6d5a3054c9d7cda39b9f37f053b8521c61f50d08abf345,04dd992e0f62e74a059ff89ddd7291b1e9362d0998da6c9447631b6dcdf06288,f4288e7e855eeefdb9855c5dc1ffa3cc76689ad2acf4c56601e99fb2c6c15b2a,1976
3637cf9c2a0f3c442d1fc9871e196e275b5092307c15aaa343430617f1846df4,D**a,R***y,82,F,c61fa14bed0c039a7d9f74d76e170ac2a45ec165fd311cba754f4a40a37c804e,38424e12c101881075ea8d0dd08721b6ba19868d1302330c1efc3d82dc875728,cde1b6cb9be265ebbf43b012a27aa7717d9a34a50830c08369f65e5045341571,1944
c8825a62bdff38dd0a66384c87a053d4c10cda8640c32505017564104dd13cbd,A***n,G***a,30,M,b7e9159431a1a733c8bb9e048e6085d714aae5eaa9a61f2035f2805ddcfc4e18,4bb7e54fca43b811a1c3c565fd18883f7c34649c44770527b32874171e7ed3d1,dcdb94498544ce31d45bd1610e135f27815d7c6db1d44b6606a2d0da5039c4a3,1996
b63f0c822b6e830ae9c355c7894d5c011f41efd0b6667b3a0d2cf9230d8bea10,R*****h,V***a,79,M,ba9c23acdc9c79695b912cd28b260367ce59324a4262fc45abf3d1250eb9ce1c,c5046f753cba54da15fa4ea7e0e6ce376025069a3425afc499706f3e7b575a41,8290da15b41e936dcb68d8810da2a148319a4ad72886ae9c4f231a66cb92ed64,1947
0179073eea13ca752a402c44f3c114d2f7d66509a2002d8ceaa4c35a155f86aa,I*a,N**r,51,F,54ecc4ec9c48bbb3473d6a22907941925108201672dd4623037cdae54bccb243,e22caa4805495133a269ce410905298cf428a1b64c60dbc56c8952537330ca83,4e19b5df1206894eed02c257efdca62c8a581949352d25bb03f8b4e45b3d0576,1975
7367c04f5225397375bd5fdbf583232e6c813b63fac8efd4b7f203061fd3d10f,A***a,G***h,63,M,745639912bcdd6f55f3bced34a7646f4d41c71160ed919af9df74658c40008c3,3203f037c9885c4b81d4506216b984fc898798fd646aec30804d5e41208056a0,ce1772f5b6bb86a5d59b24b5178c6c1aabb925c066a066ccd28d8705ba93b940,1963
255778825079acb5b763b6559c5fc45e24e91da572163fe53460a36801cb563a,S*****a,A*****l,52,M,dc1a8a98a7f7e210dce8e866597245b11e5c4439834910407ee03c0d6b18fa12,7a729d0290f713e1cbf08ddc507999aefd1423ce446853c36a540c6c7c48be5f,6d66facbf38290e6b9b02be0c8c80395e50f9709632dbe5d80e55849480bd71a,1974
6feadb7c95cc2e3f9370a95695f60c3cf12be00f42aed9c65ca83917f3d05d15,V****n,P****i,38,F,315f368351d2d18c70ccfad244ba68ff0bf27f15a174fa824de65923c0e43fba,f8236fa3959c26fa24a30ca9552d92c91eff0ccc521e1a3854e91d4bda9704a6,2d5ec1c1c57ebe4f769124f089686b69e5337a5c56579ba942654b5aa5090961,1988
3d686e842d77285c197c6e50a56b5426bbb37bfc344fe8b5849ff21cf82dc6c7,S*i,A*****l,88,M,7e7e57c3416e1bdc376edbd598454a6e8711105fcb1e3730557f5c35a3786b72,a70e88dbecbb6f822ca86c51c6c11ba2f6aa646eab8b126cba1155b8c8b47324,4996c1d46d0362843b93db68b44ce05796bcb3c905f42fed27ec2e8cca8b1fb5,1938
91314f1d9954d3590b630c10c25210147c25c03f5de992fa13ccb44bd184e7b0,M**a,J***i,79,M,5103e76cfcc349e2ef9db3937c0007f5875b4b37b029613097913aa72c9ee0f2,93da3887cf900d539e3396d1e070311446afe9cfe40f46fbb5f39248d6957aa6,4c314669e588c52c6a07563d435bc0ea04e5470b875257eff12a1384a190a57c,1947
2a07d49e429c2a72609ac309847b8ad89662fe1042b4aad685e80acd098888f2,S**a,N**r,30,M,7a42fdc747237c3ea211e1cf9fc519fd5808eda04745aed3140d4dacfe9e7792,d8310fc1e1175e1d522e65431a5ed0627cecf0a7816ee0a2686008e9d20b0cd5,98512320957d707f7508f81ea4d35bf737d4e55b9537017ecc078de444080313,1996
ca29a5adcbf04535698637e03c37e2b55374da6438e51e5e9d07af5e72a5a7ef,S**a,P***l,51,M,33921b6dd2a1a329787432c1f523f7532896b1140e9f5fbc43e69915ead462d9,6c63bcf561155bf18024077491612e3f0d33e2dffad6c35de37852dcda62f1e4,e9fcbcebd823978c1239219c264c840f5a256c0a59ccc23121a65fb31c8ed39a,1975
d73e5d2c4c0077f0ccf3bc7e6444253869a547ad76e2384dbb077ab6f1f0b439,M**a,G***a,81,F,fe278129d2b5f56eb53d673ccbc38c44929ee151b096dd7187ff50edc243f72a,f3f4ad5bb84bfa629142c7a362a5b0c9c6ba3ba51c9dcf2f1fdd02194988e194,bf7a9aa53ae2e57dc1caca22559e0eb03a00eb4847ea5c62cddc3073aaa7164f,1945
bc683045521964cc94c27ae99da8e08e4629083220090d5554cb70c1e97832f6,S****i,G***a,5,F,566b98f59fe73e91c4a08a35008e73985fd2b9c16c94bef20c7d8cc31f8f37db,36b619e809277b449d3589a866fb9c3efed4891932552f16102407c5dba82d69,1a9c73cf4d86395c9472a2246f3225766c8967ac723c1cb3cbd57e9764b1aafc,2021
79033b56d853693270e1b765fcd2c2250f8517228f25b69ce7432d748caae205,I*a,B******e,29,F,4d60d0a6bb502c669de6d05a5701439a59b2575908e1cd8b458275bc08644e85,a5ec9087f133f2cf18b9eea55d7263cb8d6deefd201a0689d8e24164a491bc2b,c888bc197f0a9ccd47bb1231267ee59c0a44615958d3e4049f15f145d935eb17,1997
9dbf68e071e2c1bc37c5acc4c1e6272d719672928db5a6393249fee4ee9951b0,S*i,S***h,4,M,8e56654e733030ff62bd93ed1e115ed7e7b92dfcb9e2bcb5f8ab767294d52bdb,c50e6bea6507bb1b8d4c15ab382415860fba953a3c9dbafdf73c07835859b3e3,2843e4eb6fd2399cc85ed601c18886041b93335ee29dd0b8d2ab27250a10c267,2022
80bcebf41c4bf5f4674440fa55601c0d61d8d8d07e65ebf851a5d01d7ed599ae,K*****a,G***h,10,M,b778a5b76522ba10ef4ea04ee6840698d9de1ec3b50a376c63165967c2acfa12,af4a03077fb07df746b8eb2a3ca76e2dfd11d516f8025784f56a4bc89e5b4b7c,2af7707a78f760a85690352b8919c0e18772cc7efd9233a51a7a67e795ca7ec8,2016
127d54786aaee6c1941a732885eece87c3ff2ffb3b58fe9b4877dfbc618469c7,A****a,G***h,56,F,06d8bc5937c359274b1ff29660954f704355a66fb9714d64a917b23fc02feb42,a5482a918aff41ac24742e47a292124b58b654bb5903d1d6be0821a5ae32f21b,98980555efb27dcf6f6ed31a33482e07adc2bf7f7b8dce501c2a556e410ec40f,1970
a58c687e9ba1fd6992e0c8487ce8a80ec79ef86339a3fbef968c0fc235aa9dd3,M**a,M***a,17,M,5b8144db6bc0436d3168c36211325507d3ff1d82853fcef4afbfea0f860e1010,1ed618ed41db42136088e2b011472e46a6a396c499bd9abefe035ef994b41623,1e2df802d64c5bf009023f8db6edd1582e1c0aa7dc0463fc20dac843cb272c78,2009
76c9a5786955d7a225160390c09be56b31e2086a34ae6fe299746a3d1c115e95,K***a,R***y,74,M,7b2283c0909759cfb657ee7f24a5b9af36151de01332de65ad32550494552f16,c4dcff0c9655f304c37b158239de06f5fd897242417b58ebd55a8d2bdcc1ea25,0072e1cd4978af66b242fb7921587d7ee58d0c667a1bfb8016b7a62c1a110305,1952
c69e01f1f8c5b49bd6cf223cf519595b36def4bdcaa285f1453b19422941dcc4,S*i,C********e,17,M,e0d39146df12f2da15063e9f8e2ee4e5ab29b6b13b98cb30ee0e1934511689af,a55e2b8305e6f8538f7f16458b9137fc443c788437d96663444283bb6afab8d9,574da37515534d7c926d165505fd177cfece041843ca7f945f1c323f42d193db,2009
744d91a3215c2e077d7367ccc23bcd54d683bfcb0b98cd6f5b8d3e627b607f99,S****i,S***h,84,M,e8860ed7dfcf0b5dca5075be07dd808d7d962fca02f81834ae07b624a5416b6a,4f909fbd3f04153dd90ba37e739a1dd3ba3eee164cff4d83e19eb2d4c0512bb3,04dffdc55c69d3a8c05028a30d33a79b737e3ac97017851f0cc6239cb4bee322,1942
592a57960e97968130e17ea1674c5e746a86ff2626425d1c4d1c0ac8160ce884,A****a,G***h,88,F,c58fdbb559c1ae72f89d2c56db2d0831ace5efb5619e3e97882d45db8d830964,675aeeeb59e6067ff9cf27c865c2a0a6deabfe9415838b363b8a39c70df6b607,377711e7a7c0acab43b44da4f5191e4d1565b4333b748e300e8d1312a5db4186,1938
aa9c9a278e9daba47ef0f3193096eb0f169d60cf374d56e0ebaf28fbcb5e4004,K***a,D*s,69,F,bbd93f8e724be4d21b7b39f8a2b6979e1a68a99f5d7c83944a6d0d7e6421bc18,1bfd1a9ab67e1bd297b25a8fd90bd9d0902f8098cb5956de06240125edb719b7,4863140f562e34af0a577c7717ea4cf597bfc05efa2f26901b75f1adda0fe4a4,1957
79c820a505253bbfd39d11060b3c014f0ed2fec7a12ba485b2d05b9009afafe3,A****a,B******e,34,F,64366322dcf5108475b0f66888082fb3d714950352c995d9b67540ff50884c9a,2e6d9319f4cbffefa4ffa8bb7a0ec430ffe3d9c135489769e7501ae7c42a0ce9,542de9c3ed10213e3baf705c9a734eeefdba84444e337a8f805e0e3fb54e92c2,1992
3edbb9a7a8d4fe682bdf56eb3ca908210d2ca4d7594490f3350111cc9419055c,A***n,S****a,6,M,3426b9888772fe8898036a0e56faaad2e61bd0f919099bf39181786a29d2dca4,9f885415ef3b662ed008798ab53dd49bb69565362aa45eaeaa94e35916e9b8a9,4aa09cff60077fbc51892cb6f99a87cbed90070a0695bab10232cd9462639b68,2020
c6a585d0daae307ac216d4febb8665d87f55a5e48b317045c1722955ad85e9fd,K*****a,V***a,53,F,d48301fa1452a2d4c0b6b5a1db356f8b252ec9aac59a9506b10cfd71e3ada013,f3144c6b1ae8bb57522d94235e0baa4b3e58434f42202fbfd939e128c0ca78d9,c9f9ad1fa70fd0ea6eead332e4435555f0a7fb16ded8d00ff40c47fde5fcaa58,1973
bbc7f8fbd1e5e76ae39a26c70088e9e41e77234870df5d7022320b6d6dc4297a,M******d,N***u,66,F,5f38f899ef37a1669fe83a1364738244dd09550064f3f2cda14d1d063b9b5c00,73e06d7422943858b2dfd15e86fcf2f533ade303721d68e6d9e7508b63bd790c,ed6d184bc85181055f01454eb27880941197d765799215556d224c8e0c699874,1960
54ea7cded53f3952244526e5fb2f0efa0d1871a1bec73f5f12883b6444b9b590,R*****h,N***u,77,M,0e22da8f9a5319c9d680c0be6ac849417b5c34ffb4c1ed5c0ef90f589d36cc3b,84bf208159c1579768084a183389ebbbe635aef114cb3bb296408ef8a1f7ddcf,beb82f5eb71a1029df41bb20e77983152ed8cdcb90786e1ff15cc69b41646df2,1949
69439960bbccf2a6815cbefbc75c9ef207538300e4957acf44d36871752a1f41,A***n,S***h,43,M,b26b1c63c3504d87e75526e55f5c6304a531df320815c4b2a6d045819f81b733,b8ecdacfa53b253f9f7f4b74a801bd8da535205c2723e28e07a36de31e1b13f9,ac79f4bd89c4dd3235d992e06a1682bcf5667e4640f5a9db5a8814b1407f5dbc,1983
69439960bbccf2a6815cbefbc75c9ef207538300e4957acf44d36871752a1f41,A********h,U*****N,43,M,6cee01dc470fd478b4796c869b45d540a6fbdd9d7a4d84d24a3ecde843b25029,39cbef89e4eebd0a7ab3c56367fe484a2ba7739f187fe3cca5b8c72683d0f61c,7afd0c819cc87bf476f510df8fe1e8f454b1768190e76460f467f3466be1b1d3,1983
e93247d4c362e782ae8d64757943b2d5d2103bfe447cd5437b1365c123f041e1,S**a,N**r,75,F,5427d941942509fc5154ad9f0cb8025ee2386d49c4e41bfe7ee744d8794edfc3,4590e14a2de3166039562e3fe1eea796b4c91f027b26272ef11b7f99c3f84706,75ad28d6a18e2e2247b7fb98166f3f8796b26d88df20066a2374826b9533fda6,1951
b7ae89b9f6d5b4e11ff640cd3149ce3b84814718d81d025ffc84f2349f06a51f,A***a,K******i,23,F,3d2b1adea7124a6c202de60b4774b3d0d5761a8e49a2461633ee2234f7f1b73f,2348c80564cf9de08a0c32e033f9b5ddd473a8dd6aad5a419b783fb1c28b8ff5,dc9b632af343af7c2e05a64b1a5314d858817186f7c8f90de090b9699b03a159,2003
611287edff2d9e602fc6312c5850f6c8c7f4718408f7c4e4adbda51ff8cefd15,I*a,K******i,55,F,7d3682cb6c924453d7f3fadfbedd098c3cc3ea537aaa39c3dca83c3fd9370fae,8f4af66311537a2f168cd419f465c0cc681b773825ed6def4bca98aab8a6c885,ccc09ef6bed12065d0bed35abfbde3c0abc4bf76c993c3f8dcb41ced4a7d27f3,1971
b72278ed23f19a8c2b41b0db55b5add5857f9d97941bea9a91953a4dcfdb7889,A****a,K******i,80,F,91c359ad3fd150d4265bb5b591c2f6a7c37dce8bd6f9a5b03d82600aafca8a9a,18682a551e3e8a4129e7d967446c3886f213eb9417de3cf0743c444d7bb702f2,cc6744f39004d4ae79c1de7831ce75a72de27acd7ad8dadb42b4ddd28911c806,1946
d63e39fef866b582f833b5b8f1530f88b3f009a5a2a58f85bd8084715dbe2dcb,K*****a,V***a,75,M,1ede3db3fd8f593606fc141dc9c8b1358d290a217553cb0dbb3800b1b8d6f723,6ebb173744d04b4fdd8c39f7141d27a6804cb845d36d540c2f3f958d9c999fe6,16e20e4de286dcfcb97f339ec171c3b2925b14f0bc3118b6d19e52f034d025b6,1951
2a83efe6c04452bc9e1eac7659666fc1e2ef8b35ba2aa9dbe5e67d44c035a4d9,R*****h,M***a,16,F,f743c52a4bdcf836961cb03b8971e352821a092a7da63eeda760157da0c080a5,54498a15dad51b081344c1ec78bacd1d2f20264802c4290c52de41d2fdbd4ccb,65ded7bfc5c516804769e08a033fac81d8e7720e81c5a87c71a28fe184d40260,2010
67bd11a206eac494c3ee8e3d36126c731ac5750467ea07b569f985a27e5c9729,R*****h,M****a,8,F,c705b16894bd86857899713fc399da43c3e78094e4bf77168834d2039366b838,d0e4a923f05fc195220eefdf4cde9ec545ee83e370cbc2031a7e909d3ecd9974,0da0cb2fc8b3fc4eba256f51e3ae1169beeaec5a8e6e6a504183a4b53d106be8,2018
61c7785b723e9eeaf6effd5f5cef092f29f2c1764a0738be4ec9ec230c0a4872,A***a,G***h,4,M,3154f4474708606cb2b13d58b0550c7002ddc179299c5e9011e5fa9739b47404,e265e4aaa129c35f2c1c37f48fc70c1232e2ada4444091ba48bb4f87d7023220,af90f07a398c4129bfb181e5612e198d1540f4c2cc400341a3336c5026924046,2022
c78855de749f50c7f98e978b2cfdd41aa62ab578f4c1a64e282225ec59b10bc2,S*i,B******e,4,F,1c7164f3bf8e3b7c40a119e309e1ca3ce8cb933f9e8eb0daf19d65ddb1f876c6,600257e36f2c0347edbf080dde298730e0ac8c4a97c0433a55f2d29a451647b4,1476521c88a07985c5e19661fdb1356f6c8991e06a725e32a91f47a44d05b1ba,2022
0126b502a0b81082fcb039c69dec0c8ab60882f0da69575c4be3913c1e687a64,A****a,J***i,56,M,a863b50591e5db695abf9803b99beb4b1d36901b460a0835f579743b66fa5126,ac85c0dd539ecf405f19457d4aa66afa1713167f2d213785b808c32a876139af,2c5e9a3b8b46d547bae1feb99d7b1ea1aedb8381c448d2524012e92595a5241c,1970
c341214938cd7c5edf253986538ef88ba218fc4e63ddebde1dedabac2d723091,I****n,C********e,25,M,c45e47902b2abe43dc0987590a72c031e6a1b2d18b52ac3136e1b4ec3255324c,5afaf2e7f6066b79e4efb3e2ebd623bbb507c3a21fd453421a63c900bc4163bb,12b74c46ee8610f81f413e2f51c0895fdd72c7836c81ed1318db57b0bff15bc5,2001
7b3d44d6828e3b78308e415c43238352b0b6f56ef167c891dc1c9bb0aa38c364,A***a,J***i,67,M,05bc2e4de1f96bca3b682ddb98102aec661b65b8f017e35ff50d11ca5eb70145,5694c7013eeb0dea2a47bb7c2c1b48aedf63db0e5c93cbe972f8935414b3aeeb,da8e4cb5b871da6d14cf3cc833a5a334778fbbbceab70f692a791edb48a89c58,1959
eb49cf07d670d5e8e2869d263302c841155d87405b86b994f78b0fa699b8c2d6,K*****a,J***i,67,F,3406e8bb53b101e2124473efd2a1852cb3d00bb789136ce615373db36facdecd,573716adee42c86623fe6d4c61f3071c72f9489b79c41309827e986163c53bc8,ec4ab477fe30d414d25aa6126b2636f54ba4480a735cf6757f4569995f335646,1959
a218dd6015610392215aa023eb5eb9f835fb61615c114e6b6baae96ea2126248,S**a,C********e,27,F,1b0064979f9e6f45112d09dbaa69ad8d32abb5bee711f86b7418d586539ef800,2e3f2b10311b0a77ed017c4ae28c07381b6e92cb8846c14700e97aef3f641278,0f9fea4fefa46122138e9ba4936355f83850e20a2ae13673216eb49df63215d9,1999
1ca865e5a1e1372e2cc2ceb74207227ffc8b5a70f33c3f8703ca456f0945e90e,D**a,A*****l,32,M,721b97c074d2c484cc345be1a99de9c887d6f7f5f52b5b0e24e8f73de47193d8,2bc367fcf44cb260e20f5d022f531789e6ad4c6520d2ee73c520ee61cae6c09e,16f80be00ffa2e78419644d28fe7dc940dcb92657965b880d0ce805c7e31fb73,1994
95edae0cf7e42aad8885909c537182f636aeabc79386efbbfd48ab71b16f1d99,A***a,J***i,50,F,fd0f04aa76c824e5e624722b9babef77c9bfde8b62df9c0425795dd70d5df990,f458c6653b5a106bc054d3f3c8078f2257841aa7d671a1fd18224bf8db0c3c1a,919351c5babdcc70ab2aba75457bc7bb120ac4148c52bdbd1b28fd49eb9209b3,1976
43ed3ef0874d6ee44b32b0f1e731d476502d43b7c5ee43f753207e3498887963,A***v,M****a,61,F,a7a77a823944ef2044f907e24daac09f48b5f73d6d6c18c8953bd677448fdc88,ec5e71acbab0ea6ddd9282840e369ed9a824d7517274ba25505d33916816139b,d8584f94027bc44b073dd27d57b91a49e339428ebb828d3e218688adb8302236,1965
0bca6c5dd27f6abc1b172f53c4a98961b47e5e3518cffe6d4b9c53693deb5008,M******d,S***h,51,M,b5c9019c41ab4ef1ab9f2b2c93cb39503155c53ca93ba43ac04ed72d9c76332d,e0424d77e00475eb6c6cbcdfd75e4d8b402ed2636eb4737f868f93feae2a2562,8e59c24bd9105603c8f0b1fcee9edb30fd270529afbeaa80122006186a3d0a0c,1975
ffd7386b5130f996a8724381641ace5b1cff4a853c1553378584a30f244d5d3d,R*****h,J***i,19,M,0843674fbf7fbe8f7d5e3c7f150e9327ec3ea13950fe8106637a447fa2aacf52,1da7d4765956bf383b4628aec8b9a2d921acb2ca3ed146846c34dd2987cc21d3,4909a7886452ce7e7951b1ee6b0ea4d84a1d2801ee99b5386225d98543012d37,2007
0fe9c87d67d0d3d8f69523ab40c94dd9ab57cabbd1320007ad7c147270cd1ad1,A***n,S****a,21,F,94a25db85294dfcb2e3b1dbea7bac51bd622fe50752976f3cc936a18efeaa8cb,2cb93cfe939931857dbb21dfa5bb318c7cc06f52274fb2e3600ea0b35f70030b,ffbbca6e67734c2e3d896d592106e763d8c0b5b10792fbe5ae44527c27f27636,2005
844bcfc3767694bbbc1892893b5dfe528b050cc8a7fb5cc5533ae56387edd1ca,M**a,G***a,5,M,d9efc07ed2ae1d608a8b86a28e9110522d9947e99af275f653a72de6a169a93d,c52e51ce5a6980a0ffe72d2d652dcd4863bd7bdc0291dd07c13750adbb1f1fed,526b528cd8bc12474118a2a6b6f53d207850c25cf49fc91d36cb8536094ece31,2021
604c9afd067fac61e2daa8a506a2030f2d8c48a0c123a8b1750c198b0cf829c3,K*****a,S***h,82,F,01f2cc32863412fcc9f2a0cd99b7f1a446822dc4eeb4139fe9678566ed42e88e,2540ffa3b03f8bcd56b6e210abf91faa483e854672a66163ae21347ae41a5fac,e8e48b9bdf2fe29c68a97ab5763e70a557ce6eec94e1ce443f8fd793c66d95d9,1944
097d1730f877c5e910f5789d79ccbbb12c982460d0c24d0f57881d9f3578c3cd,M******d,B******e,42,F,9ce0801f93bd2c04313161abcb01bb838fb3850a8ef9e597c83d6e4265eff113,c3f6a9837173c3a337874abb83e107562f3ba44268fc16ed4538f6ffc3b6b041,007fee4561ae91072a51947db8c5055ab7b2b15abcfb57bcf5db240b783ff626,1984
515ee739d3b1e850ea87009babf136b0542638289a3c4aa231c50bec8a47e40c,K***a,P***l,61,F,d7843f6b7a172ef0a52081699e339abd2a9202766c76b20c8a29530c64e64320,0bc81aef755ea03780f963bf115685367112b85e6c0d7327e81e83ab88302ed0,826e2d54eff561ba12b8a2911c4c7bb072fe14bc125fc6400b1b3c06774a989e,1965
fefc9ce1762c0616d7c02d0e6dfd99410ef8345a88008eccb14c39c4ad398983,S*i,G***h,22,F,372017c209fac46017c4d42df019c7bebf47460cfee929ce6e1ae11733faaa6b,312418f1b1428fcccb03ec5004699be283071a194eb3c7bcbe4a68b806ed0844,4888c8dd640c675b9a5420c5ed00d9fc34db96c52abc737959b26c3349a358c7,2004
6ae0b575caa42797d196009a7bf0f3c591a43b1d0c7e9d8d5731f683a28182b5,A****a,K******i,21,M,8a5d20cc7c6e6b8d0f385c9746727712d663550958421e07b76bbb76dd7f4313,dd9fcc547d69f7c39c3a6e4601b0b8aab68ef46acd8628dc589388d07de2eb38,15e473a34cb4ecca63452979d13849991b5e9c96bc07304b97e2c48ea04e7f93,2005
6ae0b575caa42797d196009a7bf0f3c591a43b1d0c7e9d8d5731f683a28182b5,A****a,K******i,21,M,5e2c2d75417a55f7118ef7a4ff182b516580e56a0fa395c70e531e8861105700,14e734b6c94d003cea4e3415d79240dc6b26ffece1814ba2ed46f2e5e133c9f2,23142d5df3ddfc4a4b4ccb253bd9936603b0696c0c056d88d44f84a1ef681b66,2005
8a476547d4cf963e230232a65adb7a9aa6ed589ac5f4438a7f13da335fe22741,A****a,J***i,70,M,8bc9dea99dcab428e50409b1897bd25d971372a69d8cd212a6b41fc419938b51,61855d261edbd6996c6630d792778f94192211126c6e7096b014ea9c1a57ad8d,dd14a5d7adec1b00962a0010b64345f78d91c566e3aa432ff60fec7aa249a381,1956
6515520768c95a5f9eb8e00e887f960da5f9152736525f43c985a851f5bbec35,D**a,M****a,1,M,08398e9531a27d06a162e87d3409cb3c4329927a1c46aa5d4b8ce6b248c83f04,651392c77e5d3200c72e95705435a79df267133fd742797773123352efa5ec15,e4f765e1518506075cf5bdac2e01fdf302a27c68048672be9df57fcce55e6387,2025
fcba60f55cac724244b245a65498aa46e73d352ad9540883c0139d3ddab15a1f,I****n,N***u,5,M,d6e7870f771e3ccb3b7545ba8ec4f89a737932a3f981f78a8a736bc6f3786cc0,4e859907785e32230f3c63466754e9dcace74e62704f6fcc5300f1efa5035443,5b047513f42568058c0a74f0aa029b5bf80fa040750d3f86663e11e2aae1c06e,2021
1881045f69a737bc4f4dd7840b4f9f5b006fbbf3f4b5a605a3c66ddfbdff5ff0,M******d,B******e,12,F,ea046f874ee3ea58fe1fcd66ee7362fc49d7b03c4663c430dcf0ddc6d82c4fad,511c76b3dfbc41d112bd046e8944f1d072a094a55b5e36cc60fe125fa617b80e,3fc7c8490a02540337f339f09c28557f195442d6e90e91a9e82f3a8ce3bc0c9e,2014
1881045f69a737bc4f4dd7840b4f9f5b006fbbf3f4b5a605a3c66ddfbdff5ff0,M******d,B*******e,12,F,a13982a3feb20e16bf95d12b7ba268b13203ac4f9970be821b5b49f8dfb4ce61,9e202c9d20f6794497c2500ca0fc0de4966a42d417b27ad147a928302af0037a,2f20f8c913211f68bae87ea9cea5b2d7e2bbe2bd20fa403fe2131ce0d9dacf0f,2014
1881045f69a737bc4f4dd7840b4f9f5b006fbbf3f4b5a605a3c66ddfbdff5ff0,M******d,B******e,12,F,a95ef358fd670bf100e0716207925716dcdebf7b60440b97570373b8618db9ff,5f68fa0b9bb53c4c76888806409016c1edc36b1947dd042ec2110b51020d8644,56ec5b9acbf5c8ac267fa7e3ec984a4a29264aa9ea6038c2f5378d1df713124b,2014
a2e1a6df1b20d75758869362fdcd51f72b40da14a5f7f80910562c4e736e9993,M******d,P***l,46,F,54208924507b84c5f3ebeb198c5170213fce6fdd7bec83086075cef7b2cc4302,33eb7edb44f262df5e11f7bace693b2efdd1ea1ffc537b1ee438b1f9cf0655d2,2a1e9f52e0499201e74d294e8824948b648e038719b1dc2c8064ffb0b76770f6,1980
a1807f6186c536cb15f0948b636e884457174bd4c2692684959ad17b212b2efd,K***a,J***i,34,M,20fa701f7097151748f9e0689550a323dadb5099ab2be725608a14e24e3b409f,0799a1fb028d540be7619d28970254e1454f441b1f3c37c2d0c835b038992d12,b63668286d324ae8c79c815b4ebcc9cf87ad6916bdcb762393fbc6b43a152bd5,1992
8827f01ea81cde4c6fa53dba33d2ae9301c138d84422893db8d51fadaa58f6e1,R*****h,P****i,49,F,d21e739385380019343db0e6dbee653975a7d16aa1f2d1181d8b490f5123c6c2,0ad615309359da64233fbd04bd4bfb883e2573adbfe8a4c4902fb4b3c12c6992,fbed8e8e06a727302995ca799bc695d98067a815ab738a857f3fd21ae52c2031,1977
a8c00815d9ec2a5b00e3d2176256b131f1d75099e67beef8ccc3e2312091c8a2,M**a,A*****l,78,F,eb720f0c78ea0efc738a6810db51dd34dd65f9b3691dfa807dd5422efa4ec902,b19fc0b7e845319e1a6c4531b77bcc681b03334f87c4b4b3b36b5f61ed1b820d,9d8de516faf68c97396eb3c818ba52e8c2ad7ef06efe0f1d1e349160549ca09c,1948
7f8a4f8fcffd556d60cdd9cb6d9881c5f0952f211e879052948e285011a4da4c,S*****a,J***i,45,F,6df4f4b25b4cebe67ce6c0d10f0c4a31a152c43fa31a6d0ad8beadc102bae751,036b045a295707a9b06546d142630ed30fa7a2bfba0da1ca5711668795316cb0,d8a388660430f5ff0a6d1d877ee3ccb28c3b9c7dc72627c937c1e935b4d3a3a5,1981
739aa8b2a541b46e473efc1cbf3aca0a7c136e4a102c437bec6d2a1b70486e84,R*****h,P***l,27,M,119e929622cb7fb65c05ffbf5089eb4b21d3d7482c6c07a76ff959ff48f2f20d,174e67d0f2c6e06b639ff4f7a1034548d665fca17d9ecdedbde6c77b5f451430,dce3d61ed7f4fe2e86369ff451c80e3da3ad1e76dbdc76611904747f95f5a526,1999
60a3b7a0fd4cf4e8dc1da079b82ba46eaee77e024dc64e63fdfa76f3bbaf39cc,A****a,D*s,73,M,dcf2a2d9e24bd44c458a33565c25cb6c01e8cd2724bccda1a7b59534bf2c5577,31a7c2e25c6cc89aa69e0936ab3b2245ac40d67cd156ace8db7fb0ac510f211f,5496438b55fbf19d503e9ee0c9601642bbbf237e2c794588594cce92de4c6d92,1953
78e7fb09b2c2605c19cddbf9afc895dfa1b5324af74fe9c25be10e02854b5c94,V****n,J***i,26,M,a0090c30e063c860c0d1a26f760bde5802b11ede09a48e02f83cdce1f086373a,c996328fff7514c152310698c802866b1a0f25c8daadea2d318a1abb15d11c75,a3c2c768ef24185987cdc7870db3d3a34b6df9ef181bc0271a1cca643c1134de,2000
b9c3c485ab3ab0dcda11120fd6a81621479eb013cec7b53ac5b9f8cd2e0006d5,M**a,B******e,47,F,1413dd24392c1dcd4d51a41222f09f8550f978e56ce051a38638049e36f1f66e,8abc582778e228fd077478b442a0ebad6b384868000a9efbc2edef85d9d733a7,b19c1c38f11b85cc0465b104b1676f432eb8a580b8320deff514f08ddc2ca795,1979
fe806d818988e5ee16e1ac60627b5143451ad44b0c85d58468127ae1e68255ea,A****a,P****i,86,M,caec4d3c6e0c9955ac087e830dff6af9b49cc08c3e84c6eee42ce3d111f41736,667d07be57e00abf7f6e73bb66e445e0c40a31f47615600f696060bd88defef5,60f536d50101aac6d02674d79bbd3b0c6baa35691d1cd2e3c7cb4e6e5f77c1f2,1940
a5a552c1a898df14931a32a03de945a5846a4ebb3638c149f05dbd20f97313f4,I*a,A*****l,56,M,b2df31442c9db8793b077e03907256e4895bd77b5ad51b4478351bd05ddb8a94,a4ad7c12cb948de40e12b5bbfdad4e28d191c34de85c1743048bbbc525a39618,02fdcc3715d2b105f0cd024e8df0d7d7261da98d03d0f4b1f66f825180243d2c,1970
5ad895f805352bd089d1618e6d92731687f52b9ec12045b5cfe70faa0821e0fd,R*****h,B******e,63,M,38aeb6e0c1a08e96b248388879abba9f60dc279b4c60cd5e68efdad8fae7629c,43a57abe73c5a39bb0539bd3a50fa7962d52c8790c27a5545e407d0eed2c9197,00375994ec55a4738a12445b1ed2e4d47cc671093f95a9417cb05605258d65aa,1963
9d2990bf14adf28987ad0230c0d32cf41e5dd7c9fe67790ce87de1a0d14dfc34,I*a,A*****l,48,M,74e8a91c27e469abfb51d3c78ee08afbc14476b18d4916c3ee624e331931d1c2,e46492afdc909a592ee180767028b527d887be281e46db62c97a093877ce732b,44435b9f4bf9b6ebee1c1f74baebe91fb9daba67254041ec6eaa8408d268016d,1978
f1e921ffaf861ea372dd545d469e4e291357c01134a401015942fe6a92883e31,I****n,I**r,61,M,d366689b720026943ad2702f5967533d97e5aa6f3e9ba4ea3ca51ee920229b17,7707126fbaf336637f0e2316fb4bda417bffe24cbeb0ff939651c02de881771a,13d9f5e8e7271fe5a9abd5e8441b9e60d0ae020a6d16a0db50000064b9cdb5ec,1965
a79cd23231a9a7983a2b9cb2a13760d4086e8888a47d3e599c0f66301557e938,A****a,A*****l,81,M,53b8f78b441202e58473d5f2561d1dbe903fe73b5056612c9df995c969f986fc,2e746481a6534693ecc798c7adcba178b80b569993206c0d9170dd777a368552,bd84e92914f57644b2244fe8fcd8af6a8250b04d6a7dd158ce8e4e88b087cd67,1945
381fb8bf617b85b1500be36389446b3dcb63971f826b60836e4b32f6d1d2c80a,A****a,K**n,26,F,5c08916dc8ebc64a3028dcd9532e0bc2905478db2f966608a622b60c0ac04cb6,46128cc36aa5c80c082ca03d1c7812aa7de2cf3de2a9fdfdafcbdab1c8376282,3fa83970406c24fc78349c5e95b7d132bed8f87df484e2bd4248a820b2dbd830,2000
6c969592dda6775eb2d96d83f8e2d8e54a67096e4e750447f35de345c8b4d564,R*****h,B******e,36,F,7eab7f20fbc57aef891ecab4a1e249d10c9a4de136f5e70cbe25778aa5fb23c9,13a1ef12937abe635dda22935e6cc418537fcee1f3fc26bd88ca20cd0394eb2f,037e594e3c9a1f11d607219a3ade1256107afd2a647b4ad4671bc3e47cb76b49,1990
e23805f15d55defc4d934dad892c28277fe160cbf109b42ffd5c83184d60fd42,A****a,R***y,1,M,4a39bc48025168cdef332a4a8336d791fc2240d81c1cac4f441b542771849907,4f06d4b32365183eb39855d5ab0b0b1a75b278d2fbbf306868687c9dc53511fd,cc6ec9d306e6d8ecaafda797ed53255d72dbc29579af6c68a9bc0a5aa6a696ae,2025
5601c71b94b41720a92b86c2520a6d04c5491ffb8752f889898611516c318484,M**a,J***i,8,M,85ac38d269580f0e8484ff54bc36a3c1f764f4def1e89b79f3507807e4b374b8,78256c4178036151bf52875615177d11e5f1c3294aa20136560db076413e7a7f,ba87fda435e6880140cb1aaa4597807a3a99ed5bcb5314713f4140e9acb97ca3,2018
8c7e78ce2506ea4d78bc86b18a33d554c25531cd2650792abdc1dadce5b98a70,D**a,B******e,52,F,05723b124770f66d8811b87b8ac0680edca53364ca9000b45190e80924eac5a8,4c98b3888214da92d38d6895b21709088fe8a318a73876f88b62ad172d0a20ed,7d88bbf8a99f62e8d9c2b74b9c62efa1b87ab9d302d71c926189d71090a7d425,1974
2a8fcf287fa1e6f5228499fe1342b2862e5284695bd138093267305e7772a4b3,K***a,B******e,79,F,973414d2f212409df95bf940e7db2ea9fee23278eeff3448b69751582c9484b5,0d2e79574d4c560f2e0492447a5fa78f53aff11855b950a23936d4cc6ffe0ad8,077bf2fddfdf7a42e0153010946c147f02ca5aa27db5894954b44b4ed837eddf,1947
1047b7c4faa338bb338b8d60b66d9ae0e7d14f1ec9f747437882f4f724a283ff,A****a,D*s,47,M,e740961a7b7077dc2f3fad3d6e269bf9d1fb5959b9d42e4c4d97dc94405d460c,99b002a6a10e921acbd1c127c738d418360acd08cf192669ce8a4a768b1bff61,b2b7bae6dd2de68a9b652ef080699b8b74aaaa4a30431d0fdc7f6f00e0656e51,1979
7aa176d0a5f6a996e7fe57dec83784416fe6d898c98ce4815d2a6492d57a6472,R**a,S***h,56,M,09b7f33e36a862ab38686aaf2e2096d04bbfdf72bcab0acbfd2d34bce1974800,ce8798b532c1965871bac81e7e4cf621b10ab598769950e372d8a76c329f14cb,1a9a7568761a639743588a7c34a082ba02f27b5a99d735212f653a2a1a793927,1970
ce3b655d194dc290107d6687c2a616fa0c91e2c687bcfc3ee7015708b98bbad3,I****n,N***u,86,M,ae0c7696463ee708fee80f434cbc77b6188e677c7420cdb5ff6815a348449327,3515cb97180f6d74fd8f7a8ec0d4be5ea662bae7613bc812adccaf10f3179865,0f080a92bc5f54c340cfef0d8969df3483f3ea8a8e50aa756e7db4a688c9c570,1940
fc778a3b0a051b6a7dbac813a765eb1cbedf5c6b026fedc4f1624235fa41fa83,S****i,C********e,14,M,bfc9f03d50492f66e0b04f18b3fe85f632945685952662c63d9df47cea31f27a,4e5b94be994883b14ad7f8b01b18bcd9e3cd18864708c50dbf5eb6669f96a715,abfad1bb2a35aca832855816b668ce20cad52b3c29fe41fc0271fffd89bbad17,2012
5f42312a213a917091439e08d41d8a5f948e75823347c53210a3cf38b485968c,A****a,G***a,28,F,5c5406d1b1c339c94a0b42b19b82d1de0a2a7117bfdd47a7fc91182d904b8340,101ba361dc8a11a6db65a7089286bd97c79c70d74474e60d66270d9dc5412b22,00f3f20056109ce0bd5aa9a3f8e3f32ef8deb77401263009a3e50d40bf3add92,1998
2fbfa19e0834526a73f088118e54ac518f7fdbe8b02a8d6e2fbbac494cf0e908,I****n,K******i,87,M,9a528c945e3742bff27f3c055210a6275d9936771ee6b0a842173df9e201aff5,99bd6db8cb9b8baade6ece9ee80fd8f5003bc6fc86e599a6dad6ed531ce414d5,b4739e96ef51ce91aaf40415066d2d166685b9c40f52b9125ece35ddc2b40d6e,1939
b53cd664d3caa7d3461db14d746ee0bac972b79bc4dafeabb23ab761cbc4dccb,I****n,N**r,78,M,7ce5f61fcc6f626744581659a53277327fd497751709655d8254d5162a0af295,a6bee87cd05cf2ace54373ef9614570aea0efdb22ee327ea540c3abedc1157aa,1aa8bfbebbf5feba728b7518cf38a479053034ca46df6e6d0c0eb3722fd0074f,1948
087737d53c036a362ce2f12cd82b3eb30fd7fbf7cb6f237d0f2f871b13b44f8d,A****a,J***i,88,M,fd81b9227c40688cd0c2469a91ca44ab91cf226b0083f7be44aacd0196b260c8,82556b096cf9d01a599319cf5ba3cbb8e17cdf24eaf7fca812d69b38aaf84f68,44dfe72885264ec0583e15609579944feb6e063cdf9c3affd1d9c0adddfe80bf,1938
115f110efe2c65297179f84ceb6a5154ba53e08f2d9b5659b5417adaea4e61eb,D**a,D*s,2,M,94ecec27df09067c79ad276d09675c58ac0d0a8774e0ba3a9e87c75938688cfe,9d9076757b6080c29c580880de9725621c3a2d11da962798ea20e718848ea782,c309f9ed5572063376863c2a87c7addd45a50311726f389cee8922efdc28375a,2024
a04db1b85ec66df8d551e8c37b9b69bc4e1ff6bc91c7992d9d371ebf4f5d58c4,I*a,B******e,26,F,c0b3478631a2a8621c2a37510daf2d5038e574af75042ba29708d878034b8e63,d7c50576d83ca90866c3487a13f2d0f309382876ad6d720a1b1c93b8f4b6e115,066498aca94ba0ca78fd5fe5ce16e1ac64a34abd05361159d6d8826b71c7f2d4,2000
569f51af9b49caaa3c5638289c4dda9891ec6c5c121b463f46ce6a31e2fbbc0b,V****n,P***l,14,F,4a1d9ef303d0f78475ab15e829706876bb9debbd5bd685f02ef09736de40f5f4,4ac61b6561cc735f3e3096872c3700ff0053ea33df7ed6de6b3e50a2a1b884b3,beda29e250ec0fddf6db9fee3665cf7048ac4fe5eada9847326076d9045a344c,2012
c754e805cc58c13693de3d6bbaf4ca473b79a20bc39a95d391a14ba226b28c30,V****n,P****i,59,F,f0c2a5a6ec629f820781f7bf3667453eb95ae8eb7264efc2b43efeff89cf24a6,02e0ca54fff486f82992e03b6507a3fac9e82a0c28a6bf8c55ac0ea66572c233,7b301a07d8022fcbaf92006f9790e4e5c3d0302bc06997b2e3548e54dd841738,1967
26e8f177c9d0559c5bcddd66fd8a5419b5846b1e893ab28b0401e38363aef2be,A****a,S****a,56,M,b55c3d07300effe2f04546ce19034b33b1571ae7c96938e265dde5b8cb4f1d54,1a6992f9bb8b1882cd649dfc68cdc88e0a028581bfe5334ad513746018f58256,d64734b6359744c6e69ce861373a126d62bd1185c9af1c9c6ae0e5b7b4bc0d03,1970
307ef25359a956e71b2b17949d67638d87854f2a69604f7c7fb24c7c745e0337,V****n,V***a,7,M,7d157d5d81f2da32a838aa794550366aebf618d991f84ea18e641f9b494c23df,9a0aa60f9d5182050484b2656e9dcd03a3408ef47da90e09195cf798ee60394e,0872a0fff17f75c097bb7780855746a8e48a776288391dd8a2f165e78b3f989b,2019
c7d426d2210ced26b6729b9feacd755a815a5fdb9ef6ff68620fbe61f34c9dd9,A****a,A*****l,3,F,527109cee2d294217f05d27a48bbac4438da72d6046154eb4de27fae2b3352fa,a32c0934739ad499d6941d800a3756c3e2b14e0443e65111d622b600ea319bf5,957569d431e433cfe96cc153610b841696ffd19338901d4c590e12ad8088d332,2023
b884baa483ed63465490a927aac29ed841e361a66c5a8011fbe8724504c76d4c,K***a,R***y,23,M,9a30ef0a6fd402b52e18b1d3b00d7b390579bde89977ed53b533339340ca2f27,5d18b1340ada13731cec4f674ca23a57dc1d542c387ecedba1bf3bedd58f3709,e55bec97bfa513872751f1f0d86736706bc438c42761b16b9df9b2c70dfaea03,2003
948c642d934afce920771bd5a02275b5d2fc6c19cd098bf0008da286c5cace5d,A***a,N**r,18,M,7bc0a21e05a9ab9aaa6932edb6b40c8a85a6aa0a90600b25e83e34e0e44a9875,257099a7e1b5e995262bf3b4a43ae2469b81c209691d2aae9eb48401c6c79145,e053b32de0f0fa124fe52cf4d1d9c8802b868b08d4e24cf441f5904be55557bc,2008
dbc90b3f962553944ff9d721bd4d6d97b721296b17cd8c21e256ac0227027b87,A***v,A*****l,38,F,d7a11f1d2ea66b461d7b050384b8bbebb53224e48c34c4f26a8c0f58c8eb8dd0,8bd55179f7afc9754363677a4cc4c8a205402f37c3e70eefcf8081bb92317a0c,bd4b51657d2b5e1a44e14abfff140cdde319b1825d74851aded542bc391d3160,1988
593f65033553cc9263a6f922ab699d24cb47baf62a49bdd5570b86e0427c4df0,R*****h,P***l,15,F,bb9c368cf09133cc538a1c67f205ababaee2d49b6e1b745d6164a782a70c5074,a0565682b265e1dab16bccaccb31d0670699aa1cee63d827086787707dc2e62d,022ee7a7770cfbc0a4455e496b00c638584f5b84c5adbe9267a29f23fea968aa,2011
222944dd62e3dd9a67e7a30b4bd1e9f2df5bc2874da2fdaa2a0c9d0dc0b3c6be,S*i,G***a,64,F,eee193cf09245ede31b61e208055e22298446d46387b46461102b0cd362a05cd,9efd0d17b3a73278fc932a3c15d5ead9f801259b48efaf1439fd865c0476da4d,2d0fd110afa50e02fb706452d3f3c4359ac5100a69f7c612a6eb63e74a359385,1962
80a3b499ead4cf5e7b5b7382b62dc6ad33c2e8f46067392f2775751cedd9bdc6,D**a,A*****l,89,F,b596b0fc560cb279654e793c40625af3e27238b06a230cd0018616ee67301354,5c5660c9e65a24d8f9c7d1fdae28dcfc97ea037b246da95765218958db755a9b,5ed6fea9e2bad332ad86bc024a0f80c538c10b9dd5ff96ef2ce43fa784d37d8b,1937
3fed7f1a1fa568aed4f480389cad30a59aed89b205c6466820181ca39ef5dc49,K***a,B******e,28,M,74229ce07340995ef2608259f10887df481a1d61fe62626618b528b62010caf9,8bd5f690363b86af40fa631333a738d1450e32dcdd7269de320c396f8bb2f5bd,456d06e3218c900ce8a4a82d9e4bd14b384faa54c41633fd2e39c7d78ad30ac2,1998
565ce148b4243a51702a5a651d7d76f23e7f6e6cb0f9f59d6292fd6d7bba9035,M******d,N***u,74,M,04d2db750b3fd81770940273bafc448509c7d4824fbae3b93333635b0e7a4e39,760aab1249773985af0b22e3b018fdaa06dbdb227eef62204d8a5d58deb39c29,664b37f5eaf3e2901b9d7fd53a8e9d1a65951e1f9862b9aca3a49a260efdcf84,1952
e9074183e4b94ca9c3281c46e701bbd0ed80985875f1d5583a3e824b8b577e9a,D**a,K**n,39,F,d4eec5df9b25c8eec92570af70141df8696a4397327b81fa2c4b762985044fae,a3bf4a76325977029237a23403879d0e6f43c13cdb50ae859d05df1c36f309b8,0a664d22e287a58da712987dac383388ba6166ac345e201221356a303cacb4c9,1987
0e313068dce20d1ac040c00e54c27f768f8f2aab412ed5d0f51094152054fda2,I*a,K**n,57,M,4d2ee77f341542fe7b16ca5a619b70ea3a10acc6ed7c9692021042784d211fba,878912fa1c2b0cf5ee508ab98a61441cc5357785312b079e022d4afcd07173df,ac38fc9d94c2f0ff21660652f58c064a9c24e23591583147fd1bab6d633bdd54,1969
28f3c2a8d2b4e70a54c280efe2a2d76a3e7523064fd65364d23f0a86d872cee7,M**a,G***a,17,F,784059942310c55729edf41b1845e1b31051d3842dc7f3b4691b0e2a55d7d540,1c7d2cc3a46f07f0e8107df87bdab642182696fcf5d3f6f0b16bfe317562feb4,be6847e040eba9089475793923fe04d30a3022c05f42665d2ed6e369a5d64679,2009
28f3c2a8d2b4e70a54c280efe2a2d76a3e7523064fd65364d23f0a86d872cee7,m**a,G***a,17,F,347980683720f3a976682de2571781735e99954b5d620c9e38cdbbec4fb1230b,44224ef215b7657b0ab8a43c2ec2395929260dc8ca0c70df93768a17c70ad3e4,b5d1d1665520a5b1a864ca909784374f4ffa7e25110cb1694afd42ab29449a8c,2009
d86941865dd04287dc46753709a6c0e929d3a9239a2d9b325840e3799b238186,S*****a,K**n,86,F,fb685fb873f569876c0d7b163e3e891aebece46758ddb6b15287c891203e3ed3,d3eab22d6e2590e706dd814384784499a47e3b68419fc47e0fc84f185b766c7b,8b3cd10a067568438e95896feb895472310215a42dfebb7972250eef78d1e141,1940
19298fd58334c2576e49a117e7714d5a8dc0fc9a1b9e879f7f8eb13fcb898319,S**a,C********e,44,M,3058718046f3b635e2f399eef1aaf6c9774cb6ad7894a8f981d1ba52b415af08,24eb00f7449371d61da93d22a43e23afef8abfed77c8e350207f37f26151deb2,394173bad5e482fc1daf2ed2fb990f65c790011737bacb2c2378cff1aac740b3,1982
0bbe39146e465d40ac72ecc5e7bf8732b8d8f3e9844746b4294f1d5d5071d467,A****a,M****a,25,F,488aa3338acef674b890310e823340d87463ec92fb57c97fd4644b4c0958ea75,2c03680fa0557fda5c1b2625dd06bcc758d3b0c35977b12b45f8174af1237bb1,5f99d850f49c28e4c09611bae50a0106bc088b217bc44d148300a97b624ac63b,2001
d271929afed56a5e82b029e4026d5ed9c8d61a75b62eeb02fe1ae33c9b7e9114,D**a,J***i,17,M,7aaa80749239e97f7cfc94158e2cd8409bd4bf621f4cac3a59c6515398cec5d9,b51716e322f73310a5a97221538f5d0dd46cba1893924fa8a89ec72a5ca1b20d,1565f7389b441a27fb34dfc385805a0337fdde3104059af76db9117a7773ebcf,2009
c34c08c1d9a4c7f2bfb10683732101b1221af7112c810547556524f8b020442c,D**a,A*****l,13,M,c1970b81eaf9f40c180907b137649df7814bb5f05c9985cc56f72ee186b6d376,395c779f549aa2ada1d0bc77dd8b68b83b5e6e115fc5ae290ae48eb9314f2fcc,eb0828d06f2f89d3cbaec66da566f34e3a4932ded73da4c03aad82fa181e730d,2013
cbce6411448934040ed7d1dde13cdc5b1476b8c4547803701bcc1ff5d7a66ced,A***a,S***h,84,M,cc7fb3cc6e57effdaf2631ddb8374c6c27120ad9b36ad7878eca35ca168e5fc0,4598c67df662b078e1542a7558c276f1f27dfe25f3884e1fb9aa656336a67761,149156d956f955d1d4e0da3be95c070a9d981ece795b0bb0c1ee963dbda05d7e,1942
45c5d55fd120cacc537a3e177578661017ef7f4ed30529d36e2e32418fbad865,I****n,M***a,25,M,f3b235459b7c07d82cc927f463057e5bb00be55a3791012eca1d2c627a77bb37,59ddae6e5c095d59cf3c1706e18c061a4f3404ea1e4a8a6eb5a5e8cd4e1815d8,cc7df9a6e97344aa4d063c16330b7e167ba7f1b9e4ab06cd80f35f089c5452cc,2001
075f6dd5d6befe2ed58ab07f2ce22efa55b8c935c798f1589f004e1576553551,I****n,G***a,68,F,d70977c0dd1356d5d07bc37d8e08f08cd156aa917f31931a9ce5861c26cfd1b5,14d1dc59f711fe4bb47806bb1feae3057b716f768aeed1d887fcf208bdf1d11b,ba5d8076e8adf37b4bb17f0f609cf092807ddd52e6a389fe2a7feb2a1fb40839,1958
d54ca21a7e99cdc0a68fc67076104d3e857b9f653baa2eff2ed32e9198f74519,K***a,D*s,10,M,db9fbc934e438e48f3f690563b84b08bf5e99ebc248fffd2190bc6d9dc00d7ba,f7fb9028c635992100def839d76034081105d5fb44862b9f6d2ab338001ef82a,5f8fc016512a111f7537872c036884a64009164312edfee0698b615c50cc43ad,2016
5c36f970d3364a3817dc5302d76c0b162dc93001f9c4ad8994b7995b4db046aa,M**a,P***l,67,F,7e282028e833da338b91fc2dcb0d86bf1ec3dac5b34210e1f37cf7fc90e39425,e020dbaaecaf33714c1a424f7de06953c627b2d6bcecc281ae2202fb97a6dc5a,b7baec84190c4da2124c2a51fd968e5b47508020ebb49dd364b26a2826603061,1959
5a5bc2aa18d8d02405bdf0b910a1b3dfcc7795b4e9cb7f2d366eafa133988e27,I*a,R***y,18,F,c180dc58b4b8d6cd51d6871b5edf13ad1251e73a7a553e4d8c68cb0c6331225b,acfc47b87d1621d94486efdca0c8d2e89c6abd1758b61e11a743f52f2f2b91e0,3d08f584480a58cc0adee5d9c6aab9d09995e7d82669fee470eb9dafa79a60a3,2008
9e9cdc2bf4b91e70025e63cc7ea079b158f64e6d9631a7cc43556b9c29593df6,R*****h,P***l,86,F,e3cedc588637342a43278834f0a44669a7debf25e8a6ff3cdcc0a5f947be1a08,d9f3952f5066416ba15ab5815506851a2e8fc056035a885e7d2c664804cab52f,2c6ce05d29cdbfff03d348e47bbfbceb3ddc15a469c6b04e6b2d04d30b7407e4,1940
928e103b6e0df6c379eb4d766f6bbab3deb17a9289c0f3adb948b876017a207f,A****a,K******i,34,F,8409f89192b98f090b9514bfc30e856b00a9e8dfe60310986da05287f850a5cf,2018b2b2a82977fb2f041f5bc6690281bc06dcbc8b1cec9b8faa52491159656e,5070bd3d0a0696bf470d273141ffdf8370fe2fa9ad5886b3b06bdcdc7040e55d,1992
62b0b9ce01d516bf00b0225b65d7ddfab72fde5e2502e45ef408410c282ff651,K*****a,J***i,8,M,3834c0413dc69ca8c531b5108128c82ecaf240c09ea0909752f6edf712e3de71,19f94ad56261e808546ce75ada21875bc10495e0d85fde26e33dd6c194079acc,d57ffa1704ee050e6d7b0503f5f3b085bf7ecb935a0c1e666e0cdda64e5f734e,2018
f0dc16ef2ccee2c0811edee2f0c602b0376a7e022cd5e8e7e422a6f3a12862ce,S*****a,R***y,40,M,e7995a01212cdddf4766c22b91e3a9df3b4292541b7baf5ebd16c4ac261774de,a3380343e925d4cc9367429b8f65dcf6c4874358b571e6f392655407e2c46250,2ac493e3562d1b00738240dcb9815dc2f87d5a98cb8af33404e9ea96df9d2f11,1986
f63341a0a3770453c3bc9644a8dbbacb358b386f741e193ee5563efc3f07519f,M******d,N***u,83,F,e175e38aa95cfd820e3ea4da72d44f763cb0e8a11acffa869eb86aee280cac2e,14abcb017f8dd1cf4f497b8bcd41a47c8f2f2232b704ad47c0acd7c61e05f205,dd6f77e91a77c179ae359f9f7de1d70fddde9185adccfc351a03010fb8b0702f,1943
208c5681bc690e4db8228e625243cecaf4c054055da89a2c23b381ba28f94d56,I****n,A*****l,42,F,c3089b54597b0abf2d8f90da7a68ceb9f3193c4988c390ad0405590bdb92a27f,d33f14be8a08a50f45609fc527415e72e1d5962e5d6d66419401ef9c7a5c05e0,3040282dfa7f23b63993e8d27546c15f8bb08adfd7306a22bcd06aa4f2de5e97,1984
208c5681bc690e4db8228e625243cecaf4c054055da89a2c23b381ba28f94d56,I****n,A*****l,42,F,17ed9c74ec62b37e74814c5dc32c22bee3b0bbbd982c637a18137f54606dff96,933d623dfce8584b595bc783b477beaf74f699f726e6d44e5107c858a9e0b8ed,b5a418a7dfc4bb56b3f1f6bf608dd49aa4cfa222189f5e641f7ffdcb448b7e32,1984
03175f6d9373fae95f71dc8c7d95e3ffa5e79c08a1daef004201db6dd42430bd,A***n,G***h,41,M,d986dd7f4ab80507625a02327a0efbb212a80377e56204d20922ce86e93caeac,3c91c3486aa05b10d52c25335524bd179932ec929def439902895f0e55c33f15,6cecf6d86efede3696ca873d90c360eae9204b0c8600114f3a4731c437e28da2,1985
7f99da50ad19a494319bdc53c673ce72e1234ad854bd1169498fae6d6e9fcacd,A****a,K**n,6,F,debeb3128dee6f86d25908e3f20b0620cc5c2a3ae17760e86385f1955869dcd1,80dc71f10f30622f5fdbf7c62c0910d6134d86fd6b45d85947b3d198aba44689,fae82b72bf1999c676535f712e9c32a0906c8a04dc5891471a88f9a7a42743f6,2020
6cb07625c8ce61e7fb453d4f324e936581ec3f8f5a9910869e86bf2226480e9b,K***a,S****a,52,M,b62bc3c79a5b45fd216401ceace3c460a623c03da41db4fbc6f5d2e559a5c7e8,aa1060f681d3e3f98bdab64910635a864da2943d6f709d16dacf0e7cb51f64a5,9113d03ce2efc2ff862dd8957db70a5e5bc095e71674fa7367888a8339c31d0b,1974
07b5816b6b729469de051b69faedb1ac6ebf19a846845c130c0eb96ee1b79a88,A***n,K******i,26,F,e14439d04bd91b288fef07279d81fabf8578a92b03dfd225bf25286c57472302,04da9ad30a2889569ae5df7ef1838d6ff25e0c99a6eb4f4d9c68c6fb42fbc138,cb887778d25fbd0133ea7de7ae69fc9b1a6cd79bba53e4958b171006b0fd4509,2000
e0ba46c9a9df42b0b95915cf67847271e0c1452452258c8ba5a3f37c7bc2a982,R*****h,K**n,64,M,946d8c8af5a808928ea9bfa81f415b32baaba2dc4fdfe9478a980835ce18a47a,dd2ba6a63018a9dcb36befdb247fe2565bb2895d929191df773d82cbe2d6616d,e77f78f606a5fff70b6b7923daac92586efa735b9f5daf97fe275af14ac9936f,1962
1dd0605125724f7eebd995ff19c52b2f2905c2d93844e0e4b51f05d27ac3567e,S*****a,G***a,59,F,c32a5c022e6ea379f93786848dee0e5ea53ecb8498ab35d00272e6b5a12efd19,305f8c9d777d6f8be1b1c8445cacf24680cc5da76b0264d8f2f1f7ab715f64ae,40ccaeb1b855d00a8101b2a4995bc425d9655191ebf40a6f2b38a2584e6c3413,1967
21b69c3f33f23bff6682534eb2985655efef5b8d811c12b3598bd7c5078c22e6,K*****a,G***h,56,F,af3f90c42f563aa0b654b6f5dcf242f05e9b8c0304566b5ebef9d598c599989c,4556ef54e246e0ac93b9da64ef59296e3a2b365bef70321c63c5ffe0119c1df8,ba9a913596fb0f3dffd058bbb67d301dba9fffc84f288d719c9c54a3536f322e,1970
d7883315352f12fa20d6c19c3f82874e6c989873552679c898d43df7c276fcec,R**a,C********e,59,M,73e512b4cd22f72d70b244b56e63de75580c72fcd693b142a7e5f759f8f85995,26d3b4008ded5ea87537af13c8dbe07a9c1be4833bafb4ecb5f7515029a63320,02f27614925024b57fbe6b309747f28c530348afbd10d18ad04dacd50eeeaee4,1967
256c5e44719e844bb763f553a8626e4a668b28e4f71e8f1944f4c2ff6d097c34,A****a,C********e,70,F,5bf459afaed961e64db66654875bdf1372b0d876c7c7dc76eec76dd6e7dfa1eb,d64c7e3b06629f4ac08916cc1bf6618160450954d047d0c275ca034fa413761a,73265e0eb7d564e50d6abd83e7781366ff5e6370ba458807ac7b5b7059f7d378,1956
f4133d1257c4df22d1f3160f167fa0b82a2d16ffc2fa6076b0dd622aa9284cbf,I*a,C********e,33,F,349fabbf23c306f133fe19bdc3984d21e9e41143a5469f26f3610b772ea76109,aca77b6e316aec3b09f99f40a8283fb971b48a2626932723e5745aa039f55557,7393ab5296812081040ff980c92277a461c20ed96817ef6e1231eb921d622143,1993
27473346c866b66de92864725e25b82376fe9bf6c8bd24e4ebbef139b30151c6,D**a,P****i,53,M,2a4144a4c84c062a7d809e6f371e8f0d301a07ecb2a511a5b6832817c51a57f1,66b1aaa88eeee2aa2d1846b9a845c8df8b2a93a03c00209b163a53c895d2e453,bedb5db4982ca36987d966b9f4ebc1627de53f3e594d834034deb89103be1a4c,1973
39a84d8257ff5af51a77290dabea70f4a64af21808aa574e6c1a76e5256157f5,I*a,G***a,22,F,07a18e10376f1bb226b1034e460e68879626421904d1077e876bd58805405202,be6882954f191393de63ad348b843ed2a1a4b9652251ad5c25e021bcddbf854a,69972d4428c04f68f97f0eb121387f6366a73159c0e500fb1cf99f0055656b8e,2004
1418c015543bf9d7c0f0f4b223b053fd4f7cb92f55117d37fc1beb484eeab47c,M******d,N***u,21,M,c254fb15d9d9644f9d2aa8266b52f3f6408937717bb88231e6283cca0987e855,a517ae1a5f471f4fde5d9ae6f1d98e12344d42d59df03e79c0b4003ce523ffc5,4f95fec2e6bb5a546e5ad22b8ac27619cfe16b77f20d891dde69c2374f6b9200,2005
735f21cdca87c0a64318bfb65954dce82f83e32d3ff22912bbbbc0b1f5b03625,A****a,P***l,70,M,0a9ada0a7f56c5d8cbe10397f369037ace29a998976f40e15a479b04257e5ae8,4cf0816f2d71010efc60dc632810e0602b4ea7fdb3dabadd9a86d75607b855b3,257e320d6a08206b388bc786501288de029d895011bacbf3894c2550025ab418,1956
735f21cdca87c0a64318bfb65954dce82f83e32d3ff22912bbbbc0b1f5b03625,A**********l,U*****N,70,M,1623e23a9efd015fd571ccad8596c3b59ef12eb908daf3581dcffbead24ea9ee,856c652ebe70c42d47b146225992fd2aca996bafba6663cbb4b797b6280dadb5,0fd5bbc228ec2aec73e8e7ba50511e3ee4dc9b333c5f77d9a82b6695a1deeff7,1956
a545e943ac485660f569dff7d7ecf2fe46eb2c3d114a3957887cb48579a1690e,R*****h,S****a,70,F,7113021b8b3e2703403a6938ecbc1dc4cf6cc127d1f3dd81ed5b51f979f2296f,7c39437f7b1f570d729fa16745a41e3c6d32d5ab95e272a15ade290e63c51ea7,c37220d8d4c4d7753c95a68004968c018a3a68a28dbaa5ba7e7de2c88b8f2223,1956
370a5d9b1e3c152abd94138f869cda838b8cbfee5c965e3d0343efe0bebe74d5,S*****a,B******e,4,F,a1dd57a3eb0a45f93d7dd67b84471451bc074c15ca80ac6d0768f3883a127d85,7eb8a0d52a78c92f64b7d156e45354b30c21b7551e81e81bc15b2e1acc614e1f,8163c14057cea288b8e3edc7150c3f277ef49aa8d440a14a8ff4b5a2b70f2ea9,2022
cd605f21ec12328c2775cc58f3d9ef27effc5e4776b6019e85bf0321e43c9109,A****a,M***a,75,F,0eb6f4b2ad9f9a4e0f006bb9bf26558b76e084d89602bebaf78bafa8e24abed4,78b460e33e5d2179bca10659ab88e3136771658a9c67e57cf8482b3f5630dc6a,c2e59403d71b2cfa57fa45a9eaf6ab19c64e541e1b6bc2ed94e1d080cc683874,1951
f319b5c2f49b3846b9c68c65bcaa5e73547f13dd855f35cc6aeeb84d81bf632c,A****a,N**r,62,F,1bb121a71dbbdd0b0fb8ae1851808369128cc964168b65dcc11f310238077bc9,65f57501f606071cde25d2898102d31bcc0d445b7d6a3400e5f5fed1886dfda1,5d4cb2d7cd03e077c297828e485d2ecdaff534a0e08897ea133d9634d570c82b,1964
b4af8df90f7c139522006c2df3055f56b5449990959736ecce2b7f2f0b9f52cb,K*****a,N***u,62,F,57f2a4c534bb4b6ab752acd3629c368326ac2274d17ca85f5b1ebbf447c56c90,2018c20ba03566edbfa6d55c5df8eb7175a7078098025f46689c2428bf8f1572,fc12037e0d58e6e6e71422e8ca38b019bca368d34838c26342684075aea9489e,1964
7a73ce2a7fc78ef30e7d3767823226ec53bad36409ec5e2d54d4373e77bfd26e,R**a,K******i,24,F,9f88295b1d3e357688a63e3224f5268ddc6f49e898580fe9e09e271f835da11f,2abb1b67c467743ff81248e9b1d0f41805c5e827da940eaa37769428db2347e6,e5e5c19a71681d89d0d6ba2e48f42d14839f8710aa84cae2a61a0bf8be821c3c,2002
d27c1e98bd8f296f816b5428e2c9730dbf01a9c74b665c79ea5c8f9eb9b85e8d,S****i,K**n,55,F,96f4a8f29a675b8fa21d6a82e650ea415b37bb03f6ef72563568617311c24c23,26165e690266dd5bd57616f6287aaa11fffafd597516258d095d99624a65b69e,e001c9e0547819a886ad167a3a565e3194a0a97b1fe17f3811ba6456e687e90d,1971
92e8e78de5ea033f2f0c07afe5f92fb5b2a2d23595888da275d9af9fd7d03490,K*****a,M***a,9,M,0b5c4321748cbf6e659f5f5a4dd4d3d52eeca5f7762fba56d093f38024f4fb50,4ac76ae7028cd41e2881d0ec55987f169e9a33a6d7655df374d1b3ec14fb7f35,f2c05516ee415b2cc467f01a6f30747dabf8341d6f57de7162a9f44758fae7fc,2017
459b89f1c1c07e4eeab0dd6c7d5c40bea90d231854870ac2ef30273e6339ae40,S*****a,S***h,3,F,4f71d79072089f27b1b814f1679491b8f08c1ca9d8b100072bf1ec43ac417c8b,4c874e1b5b1025d06f9a35a5d0543da88825ccaaacfbc33403b54d0cc8a61cd7,7342b58cf92095fae7375605a34f3a03b1da3820620dea5738673c42ebf4c8cb,2023
dc3fb10a20b2a80fd183dd93345a393140379b4058b39ca9e9d52162376b3443,S*****a,G***h,31,M,067c2f2de66df8bfb0d4865d7a16ce6b470b2c0a61fadc34120bc88478e40846,02f75ccb906787f49ef56993700e580bddbdd636136ca929cc5b400be221c06c,4bede47af4a73e6204e19c834bcc3fc84855c22600f7f18fe88d0cff19e36403,1995
8889ac1b6cee312d8700accbb812d5b60e9510e9a0aab6d7a683c57667fb35ae,R**a,I**r,40,F,3b9b559e39872cf9822cf01331bd3c33445331aa58e7dd5f0c36ac6d21789410,8d9fef7a758bfd70fd08b5b08c329f67066e2b6614db57ad1e20b5a21277feb7,a3d124937940b13a6b5a121466531ad0d8bd88a8d61e38835826263222453eed,1986
7bde81ceef815801710f2a7b7226291fa7a3ac9bc92133f1b2fd6366feacae51,A***v,P***l,36,F,1a3c01a03b91eba92fd5aa38ec0d1fbb08aa40e597bfb5f04a40758e99124469,638348d07df3e9496d9e8ab526de8951868481c9d1f3e6cb9914568b2a2b7197,eda5d46dcfcc5f916e4afe51bee478e038fd062371992eacb58bd06ee57ceb2c,1990
01dd0810ec8caf414ec365ceabcb44be661bd149b89ea50852836ccd9386f34a,V****n,P****i,24,M,3cf824ae60319b68eede3ea0c05f0b031d2145e5abf0e4f451f1a92fbd3883ad,b794fd95f294788edefb780abbb3face504d2f70d52a8962cd0f428c9f0eb6e2,556adaa11abf2a354e36985ada4f996d954770bea834a1cf0303aa4027af984a,2002
a2f873cca5e94c41780ff84b8f18a8f20d2bc5dcd80a49c679dde69dbf6e3c47,A***v,N**r,6,F,7a77921c3deb15ba541d6f231cc816109265537ae6838d84c7454bdc156661ab,2f08b9f7394ccf20bc1eb4a7ad3430ae1bd5242765b7b2e9b4b3e57b8bf46ac9,b2da7ba33d2056f16374f9ac702405b8285236dcfb4bf4d49311d81291308f17,2020
ff59c2683e6104bfda79f88a7dd17f55ea278b316808d55ec0d311b985a600d0,S*****a,J***i,66,F,dd33c9bde4128cd33f5c2e6b65809ac77cf4f2b99708bd6e02f0e85617beb66c,5ff741cfd8fa9105343b40ca346fdeb11f54ddc901d4651c9e9cf04696961fea,bb20c2a756151aa6a9a8ad58e38affdf2866235c71505b05572856ee30899e41,1960
cb5eb9abb34fe93c49e9ada162875440b041a44177886378faf79a8e6caa9e5f,V****n,P****i,84,M,8d118b7fabff53d034419ff16349358a4bd30fd7715523da5be50d5cce08a6c3,4f9f2a8221c48acb79b04a17d51a08f99b6e6dd1345d3085e1c2f55225936aeb,854b3d281126bd942d8acaa275eb39645d9187b5577b0c887f09d9d0666a5260,1942
cb5eb9abb34fe93c49e9ada162875440b041a44177886378faf79a8e6caa9e5f,V****n,P****i,84,M,54bca19c3988db042bc6a3e8d37535e22d174d867aefbfe5b50f5c1dd67c81b3,e6e7091e36a4ccdfeaeaa7efacdff6cd1ed484d040eed4ddb2dcb38517017f6c,7cb95f005c9085c06be053d4257f0ec19f6b00b18eba15b916f02eeef688be14,1942
f0837f4aff9d915310f387915c3882e5f822c101a81de81391f3ef0e6440bd9a,S*i,C********e,75,F,0fe5a6762b726e8dcba8ac374a4acfb3fde20ec92de7eb548fc2c83ad0a236f8,b18c2b89d8b67b8d0a4331d4ca06c02616f8bc94878c770f08c9fb92b8b1e1c6,7d9ac4f2d178b02e04d667906c4dbf188b8beb375b4ef84eb75b927f40c5200a,1951
695819effb2e647cc96708c12760d26f7fac82ba6343df6ef1c4dfbb5bf9eee0,S*i,S****a,4,F,877ef3626ad77a35605d474585c334de2713bbdc2d91278a9e5e0a09518213a2,8c81e08e73d14de9ec0453517e21c9a7ebec12d73ac9b360f18cda7d6b362e69,db06579554e246473326736cad8fb9762748550cde5a283a6d83599b053860c8,2022
9ad6433a1cac7324a1bf9812a85d1bd69430e36b4020ca12f7ee1e1edda5b0d1,A****a,S****a,79,F,b5de53cb5eba81da40f9dfddb70ccf72b4175ec401460c525fc35c6d66303e53,89213a473d8e0ce3d7434829584f068486a6cc2ff9c678164dbc3428870ac810,39c13f10a22d60da281ad32a1c5a5915be966fb22cb878d19cab806db32a8d5f,1947
2bb472f799372f4d0f11780096f1b1c58d98d65d1f611d7d7e881bd650f76a1e,A****a,C********e,6,M,b6f91c3ca9e932a218e2a0e56675929654c7e06c7b2c0495f19682e9ecbe8298,8e9c4649fe7beaa73ff9f7dd47b25b631e48bf3f04b47f4b7aa9896d13fd7e57,e2afb8e4feafe47ab00409934af0051ed00c102ada5f44b3d3fb044aa5d0ec84,2020
bc5545f98fe1a69d4f0ca33451ba4fbd7ef74af6d565ca38c74a0e88b4ac43ce,K*****a,S****a,51,F,24478762d93620872a7e8f1e9fbd8d803a13a9c0621a8d797ef27580c3986ea0,8315018a2ef6aa745467e9def433fb40ba1f70f555f30f155a8ad391510de696,df8ab0b210a1ddcb9b7b07eb740f1342a04ef9d117a6981ca54730eed25f8f59,1975
807002ae2042fbff29e4ab3d8409ae7dd581793a94d252a8fee785cd64d8e024,S*****a,J***i,62,F,e40d06b93e95dbf1d42e765ee6c6319917890af4b7b187d022d894795955259a,af0314e03acfb66676a7820c402b7fbc5aa168dcc13cfadfe953a88a308b29b7,88bd845dc0f85f03a601682d6cb294448ca5aa3da0da7e226721092ca3b1798a,1964
459c92c1ea106c529bff1c75765c282a0bb56e613a908e8fe2289c8c203d5e8c,D**a,k******i,57,F,f5c78c901ab44836951aa7c79e7edc2275a906a0faaacfc8717349194cec9e80,50cdb4e09d08e9bdd7750d182bc6d69138c290def7d5b26c89f4b7fcdfe86997,c191b14a555375a2f58aa756bd579a10944ebff8a455ab569a828d920d76393f,1969
459c92c1ea106c529bff1c75765c282a0bb56e613a908e8fe2289c8c203d5e8c,D**a,K******i,57,F,1b4893c350fabda2862f1688b407d27866928eb9b706a8d048c97206dc0424b4,b19c994e8c6868d835d3974e0ff9c1eea0a3a2070b756b170e5b73e9d8943300,83d2772296641b5f57b057b4c7d2060fe70f4c762d724a2119a1e44832222012,1969
86d87cbac905451cd1cf943b93648d0f6b147644f646a978feb82bf0245d63b5,A****a,N**r,66,F,e44a483acfd8b12a8abb5ce3ab77c89a8ea8617e08f1197b328abb8b00170441,d19c939bdac59c1e9f4b6999d736c2f9305a4b34fe660bb65a4570e7cdb5aed6,987859ac4690e276d3c0315c251779bf60f9cc31040c55acec92b6d7de95d358,1960
d1000269373ad872e18776d20eb8dc5b504cce157382b94c11b4519be82a3aeb,D**a,B******e,79,M,e3ecce1d5051bea29b9a613e1bb059263c8456d77bf0374dd819493c3fdcd899,f43c89d6518ca6d3b37dc19ae919242c1eb2239d977597fb896894d98236dbbf,9a3e38ebe889bb8822006da2f71748b641efa0cc901c588f28307464203e4214,1947
faec6ca7abdf3539a15d61953d677a4cc40aeadae245e68d78d68225b5c5127e,S*i,P***l,75,M,e713056c97b19613d353f81be7a41e806b1bfe4282c2000db3bd603afd8a7aff,a7a3836067dfde91487d12c46ae9d0787ba198c90fbd3a45c01b45ab39d5e6e8,ad61303fcc8221074c8df4e72bbc2d7f9ced908f418baf18a74cc5dc9da34b6f,1951
f20f6de37622847b50267a0ca51423b0ecdcbf9d2ef7a5682820f97dad8985a1,M**a,D*s,8,F,83da40cc6b2ebd1c423526e79922dac5d0895fea598b01750b2ed00e053b2249,9518a5a9bac854be818e7e87b0764243c5df1b1797d8ae747b312bd2c3a49fb2,b21f6c9d42b08210d1d6125e9dc3774923967ed7a6c1c97ff380be97f2cd67b2,2018
05386f07f84abddbc5de731a4f1694c9e561e407c1694ec87750a89fee2c89f6,K*****a,G***a,26,F,cfe7e275267f3bdd150c7edf3987fc454c1190849bbd1751912630f414586e5e,da938448c8b2b44494b1039c811b4288a1530e596e1d64f7f4eb1c9aba581e1f,a3ccbcc17867cc92e91916f683aba6e2197e4575f628a68d07b6a5094ea0065c,2000
793ee0f084c369d4ec079bf7d5d4106ae44e0e32d61ab1a14a3f4ab207767299,A****a,G***h,51,M,9658ad3dd71aa24466d80f1d333f2e75a54a7ff0a6f2509cae37f6dea12079da,2fdfc4c2181adec553813f24702890241f0a87f366d20e856784cb435e99f166,7c5a6e3c9b52d615a0cc908370ed0abcfff0016ec329658371527a9bb1deaac9,1975
1fe36c46c82248b03133b36fce0d6e09832e2c8f8939c52068893d16e0917358,A***v,I**r,45,M,8907faeda31a668a0794c847a29d83d1127d5cd3824ba6ebb941643951b2297f,75ef474e7357441cd73f749d843159b3d47c6f867b683908d9cab10b57f552f8,5e9fe4b07648aa8424e825aaa74ef8bb30df03a9162329a8e80d1cec6839376a,1981
b80f0792f54b48b735169ad48fab43e1494809354d2a41baabde61a641586c52,R*****h,A*****l,44,F,b0251c838221dbfe5f6855827f0433174b5d379536fa908339e72a3e789bff50,96509d01737e6c62df0920f0fb67db6e502e35ecc601f14591def3a28d43dbc1,2f74cc257643e00543c86b362fd38a1f610099ed82b285b358e849d31f55aa3a,1982
ddabb59a9826ea31b1ce182b4b327e1e5be2fcb5627388dbe0084a381530843a,I****n,C********e,5,M,7974c2f6be786b4366a81beccccf5d73328935b7a780808c6dcadecceba129ed,8ccefeef83aece24ac80ab1506b4e9b75badd49590ffe9197605bcc77db7adf5,e0f65046e76f3d652ab9f5bee190267c810474e56c6fa39a73eb98dae8d86d01,2021
932990ec1a7797587578bdc8611fb94c98f194f57adeb99310c649a427a396c1,A****a,G***h,70,F,68de5992805fb77a62039187197bf259ab0eb6ab08906d6b4bb3a6a7a28a0131,37e0f6a646e8ea375aeed01448357b19d1f23418bee7ca291bb516e173d292c5,2ec9108bf2a374f840b213064012d9b9800a9576497d34ffef3758e5bf337f62,1956
c46369250fdd0d074e41fd163d88486f7b572e67f60fd4acb0d243cbe7bf1e0f,S*i,G***a,26,M,f85da765f5bf1607335b6352bc96369f5529089507a8954337c298c2cfd47eb2,9d670e5b20abe511c4a67c0a0ae79f06be2c9179d7645da73158038650a7b2e0,73f62a4b319bf634b20d5b069f70fe14b7dc73d95788471be772abc9048da88e,2000
eb351e94403b6f60c95255ea5125d89d492595be2f89a2d45b3d0257990ba1fe,A***a,R***y,68,M,520c9976b6327cd96786cebae6c83fe65fc04e75846cce11aea8357e4e4dec7e,e878f1a20dd697a28173d61f1968e36bcdb8603cb940491ee4f61bfe47020d0c,26c636b87356ff003c40e08b60282711f5c865660e75b3b7a45bd610cef7f04c,1958
8a16a7c19a04da5413ff22e9804a9a32b319fdc0212f9c9998e3f7080d1a6237,D**a,N***u,19,M,d57c419b6ec46f9e5d4156a06bddfcbefeb8f2ed186f6bb80988dc6a97853df4,662f59b3e305fff6baea568f365a85bc890aa70fe288c47ff0847e97fc9d7587,92f5a92dc30776d6e02c03146eda0eab144450023fafa4fc13eacf88b2fad07f,2007
5462e26b2c4f69495b9a7e04fdb2576e4484537640762a2bd5ef3724ad75b5d3,K*****a,I**r,84,M,795d514c18319f2422d460c566e901915edf9272410acec7b8baaead7bd8a730,31a2b7fd47d30017b889039f3106c67e9c822c1879758e817f766196ea2761c7,b73cff3596c438b5e496e28e35772e7076313a494bb7c2c8fe688358540ddfd0,1942
88f7f4237aee189269417ac81c4f97a2e3ac25262ca5a762f39b765660e4cc46,S*i,R***y,20,F,d7557f5469fce739ec06ddcbb8893437a35b4e9ab3f8b21851403eaabb399a9c,9f5ff2ed150c18eb3ece5063fe1de4138f4125d3d5872fc8e2ba528d0dfac4c5,3dc584f9ef18b361f1031ecd381f370d6ad99f0ab8dfc86ecd361f1447e25d87,2006
b24576ecd2ed6403ddcd31b778d1bbb7344f6a124efad807c9397688faa70322,S*****a,A*****l,12,M,fd35a2c619635bca95ba3adad686c290b031ad7509085b38a84c8ff566a16ff0,11dd5c2d5f7d1892ff0700dfc01ca02227dac8fe7873e519c7d6258b231ee824,e882f77028ca1240187b91e17cdf627852db6826df3cbe36d9dc47652caf95ce,2014
9cf322668d271072006c4f3d6b3a13b6d05608a8a4677aed4629defcb5229255,A***v,S****a,47,M,d83705b23c247b08b4a21a0c622cae6b286c4c0a748bc0a421dbdebf28b0839f,6e64c5d0e8807aab3503de685aeaef13e18ce970568be6731ba225a2a42a1a4d,4d97981390db68302c98bedffbd6ad8016373e28a3b1dbb8e24cb36d858dc651,1979
49062701bc17258527088cf07c7e776ff9ab8fd2f895f78327fd26d784ff1985,V****n,G***a,1,F,e19c2974759fbc576197a68dc7899d40baca6f9e805def80910fef76bc5a027e,51a9af95d0ba4899ccd550f23f54ed45752c437e48ef95281bea288b8ba4099d,2b29803a16f27b1bed50b9f0d5599b3f0e51cab87a34f13953d52c1c637a1947,2025
87299de25dd8eee78dd29215a6c854984d8a5a51408548083844be1c80cb1329,A***n,V***a,14,M,cb66e8501c99c85fa6cd2046b726925a4601b87d0a989a751c3f2c09a99478ba,6ea86bab8954e0270130eedc0019b0e8904c3db710e2e1614f3a1726ae267ac0,053ab559ce7bec934749f42386366f9623e4286eadeec5229ca655ccd2153b04,2012
87299de25dd8eee78dd29215a6c854984d8a5a51408548083844be1c80cb1329,A***n,V***a,14,M,db2607daefe06e8bada51c1978c4614ba72004cfcd8dbcd338bd167e7488793e,aac012addc912d3339c597acc68e0b0bc0f0c2a46519b7951f4827c904d64d30,85c7d0573ea30d69363b5be38967224ad78e1dab7c4d3b73c4fa99f30ffd23e3,2012
56cc2d140d7645081d7d1ce0b26d04a79a7823ae023ce42b2bddac653bbd5df4,I*a,G***a,64,M,3e83203f408c4252571d8cc60b8d1a03b0e4d11034092df39e3ddfb658bd3b1d,897132c75bb833b6c8d6637ff619b7aeeb43074a6ab41db945d558acf5b088b3,a994799129757ccfb3153f9b4b58bbfa909ee7f62b75e8b5a207f549b355267e,1962
6a1360631684f8735cc5a63873b23ab71c24661d7c84247e8b2ea7b7a659a79c,I*a,K**n,38,F,f551dd2049408b402a72c07db4ecbe6a9a5502d372be5e557c546155ab3e4f51,60ff24a3150169ee52dc840da60b7401c22f942e46f672959e5cf03805b58ceb,a693dc753116c43a87df53e9318d296d9def5d925a86652fab16f889f4dc8c38,1988
ecbb0131879dd73033d039b6a05dbbaf1f5427c77db7d4a05c8e6587a0d6cd65,S*****a,V***a,37,M,364cd90dcc8d457d59b22c0067cee849fe97424a37921c0f7b2295303c8d3716,c437353af7f53c8d4533974114617487741a105b6e9be2b8687939eb12522e88,d12ca3c9418919c496f81dcc62efb91123688281116d27ac67696bf336516834,1989
1544a507557971e2858bbcaf96434547229fe759bf878aceed264b542281f113,M**a,K******i,11,F,7892334773f76a17359b92e834d33cf03001c9ef11304e2614c88e2e3d1ee20a,daa7211d009b62ed51a892ae9555a7cb42a9f51e47641bbbd0b839807bf00ddf,ee7a1fd518b6f9d30e57087bae492c3836def2d984e3033d93b9f94d7c4adeea,2015
333341dd08ef9050878df074e68ce91fccd94170655336c71151c8de328de593,R**a,V***a,77,F,f49d63726b3f1403fde38c071edebac2e28548a2d0c451e8bcdc13fc80778b79,095a87d96faa094d970eebfb8d48d15fa466a87c0c01ab91eeed1389361291cd,985a624db5972af12c432bc14afac26e6d8f8f48cb39beafe677d2fe8c1a465f,1949
ee9441f7b044810963a594c4a252d26e245255e04ef1f3ca960ab30dbe34e864,A***a,G***a,3,F,2d5a3057080c61c4074f9acdfa915da45a636854d5973469a56c6118e035e0eb,f72777451aa29c684e2d73e3e628bcade0e0b4d32b3b51f886471bfc3c209997,a649ee8a9392107f408327af34a1c91a03f499ee7375cde09d29e2bf10a46683,2023
7eaf1e6c1630f0c8a2856d98642aa558e04431b37f75a59a998747e5f9e8496c,R*****h,J***i,33,F,85fd957683532ca06c2a3ac381cafee7b87f510613f5ef6710555a0c67d9db5a,4f517e36e490bce0664e347cb88212b9d97d9733f1e2628bb0b172e6e7d9447c,09bf794e73709fa09f110b2dc922e7fcfcc630ddfd1c089de44dcf3a15d6a89d,1993
a9486e6a9f07865232cbe9a4555faad1b4cadf7b739547440da408359ab4c539,R*****h,M****a,6,M,d47db1d99d86a34180a20f5d25e8f97a31d8149d6e2eadc97fb8409f133e19fd,e5d7dfac1c84d10eb61cc8d91a2a6645b065c82c52a31aaf7648f59008faa9d6,e0b9ff3fbdcae4af9a95b738df196e04381f2f7c4886aab9dc5106ba256632e1,2020
5f9fc9f7518e6c902d2c9c26bab9cde54ba7b8338dd4c90b8bf4389ad2bd956a,R*****h,R***y,50,F,60c89a672f2b20e64f633e854d4db4805edb8f30c620f10201e564a2ac30ad2c,d2887009d32d33c7762b5c0033512bfa80adf9522089bd3cab12f75afca21054,332fc70931f585886e4b6a5f56d3e55d8a51863c6826b4823630f7d0c2d89230,1976
11e337e7f9c993d8b3c88c25c9e2e9bbc27748902b1cdc5fb3f93994054d08bc,R**a,N***u,10,M,e368f34e2a42e498b879a6489abe26a70d1fd7f8fb029bfb9529833de7ff22b8,7cb64495e248a8432c2a552e4bb796670a4950b55d6d7f37019b40ce71dcbdbe,820ebde14f90890e8b0c2c2fdd86dcee45f5f127699c6cac0de17d71082034ee,2016
c6609517bbe9e32d4ba09050c18bbfe68e64408d4c2c416d53f11e60c14374f8,R**a,P****i,5,M,71140fdb3bb393353425bfe9ddd0d1425ba10c45a7942aedd0d6f7ca054b55e5,f41ccfbf2de153e2d3a071beec04187c54c9f8b51656a27e3d4de6ff5920b888,752d5e077f72ec3f9fb979a1b1ae2d71529ed1fdb08b1964eca33ff1e833750b,2021
c298cecdba76c83f263350d53e080a96bd431f42cd19de6efdd702431a28ae0d,S*****a,N***u,23,M,b6ee0c6b3b563f760a00dac36effc0aa455feacf9cdf946e26e7a661358aedc3,0e63b2ed87691df49467256fc5da097ee1046bc60edd77ba2e8fca97883a23e2,eb6953203dadc424805d249efab56654e9bc9d8031a343493e7179295686d3c6,2003
9891e403b0f09d3ef6bb6a150444d7aed41685e904c6f0657120ac5fec5ca431,R**a,G***a,10,M,2c9db39c9810d30d9a1e172e653f453b70cdb09f355eab8e8e42ee9dfb7c58f0,547fe5e749614fcd1914dc343dbf0bba039585138974444fa14b24faf62fb5f5,3c7f5f37ca520e3e259f19fa5cde9acb9a288d07ca110426cdb55bd3774dbdca,2016
9891e403b0f09d3ef6bb6a150444d7aed41685e904c6f0657120ac5fec5ca431,R*******a,U*****N,10,M,8d1e9a343523ca8d63fa501f7ab4e254fcc7c1743f451172c5d8822740dbbd60,abc858709e3800ce55f3e62365c42dcc357fca0848ebb6f394dfe2f5bc74e8b0,b4726b8cdda62df3eebe1897c22826154470ba5cbdd952cd51ae8d680df4cbfd,2016
214570e8e57cbbedb0b4b324f9d19943a962fe8291da22434f634a5989e07f18,R**a,V***a,44,M,47529e711f8a899d9aaac004a449ac8b797e520a01c213d8f44b5440c30a66d0,3ebe80e26de0be00bd798abd096a89e0567e742c84c03830deda67877645bbcd,02d3a52cde2284f1d3a9c2285c3f14fa58be7885849081ebabe0f64e7d87ca8d,1982
f6b417a876311203b71363b2de9b23777e0a1dae3d73d787849b48272abc719d,A****a,M***a,2,M,ac10338d7c4bfb48905cfbfefbebfddc507c48634d426d783bb3efbb0ed4dda9,d00f537c1a7d81d072c4bee97616f448f54acd846af7037d019ff83a94aa3cca,86834322dc45ca8dfd6e245235520dcaf8a632f07205be64f923302ccfe03887,2024
3fd6c6a6cc99badcd994e57f26eb48e6a13687640d02d155eaed0cece624ed0e,M******d,S****a,13,M,cec5caa4550f67484cd6eab061fb0499f697f4bbef9937f43e5ac03a7e4b06d2,6e3a638a3f98f81e54418aede3ec0f8a69c4c4d2aa5d3a2f5470f22cd12114dd,8251f2c16657485f665d8e71bf5f50f890b9a898349de5170ba2b1476462d55e,2013
9a13ba46d6144f965c2dbb4a0c4e7d1c7e9fba2712f2ebe46cf0230eec3c8d80,I****n,V***a,40,M,885a9a476f278f3cca0a73f6f752e9690eb3229505e79c28543c423c5d93de55,d472991d7ab7bc5cc9864f768dbc18881b8953136d500ad78eaf73b87e4f25bc,b18671256e77a9e812441ddad7ecc7f46af90d6f986345ad256fd8b294a0ad14,1986
2300988a2e179648451303b5288c8a4e2de25daf44d18e59b0f864cb00f24f4e,S****i,G***h,2,M,611aea8e9fbc7f4b103a381030cdf72b5b2a42fbe5c23d34f6c4d6c5022836fe,4a92fcdbdf3ad679734437ac50d191c580154483a47677fe6b57a5ef6f9ef516,0ed5c64d61f8c7f12b02edac1df9ac3f4332511aa6dd01585ee992b4a2376c80,2024
b590517c2d468b0914ae59052dd7124002f7ea954511e648c5de1607dacd7505,A***n,M***a,84,M,681a49f112d2defc4abcec577705c7cfbff183d8515bf011daf54754bf46626d,85d8d0b03f2ef0caae9806c4e29312b48cf0985271ba2d29b837b9b237ce7c54,81673ef0f7e230b02f2f3aaa4a21209c42d9e7b6d3b2f10df5f48af1483849cc,1942
b045b556f0eeb10fc831df8ec6c44566c6cfb6f98e14b23f805fd5e0a46dfe05,V****n,B******e,65,F,67667605227381c8db40c49951d43b0fbc77ba601ecebf5815c808b1958c89a4,0e497e2fa8363c089353744175e7afb7a73aaf9d1cda895c9235c7aa560ffedd,3365e6c3cfe26fbfd808ae07d45a04eb46a24b7fe58d5f1e4ede7e8387cf6a65,1961
9f9f87a24f36fd58d7856b41933d68f275f64c14d976c19783e2dc50c108c70e,M**a,D*s,63,F,f3d7d715512d43d90df5b4eb20446fb5eefe55524ae2bf3bbe2f39edd3088442,776df66d4b140482f0deef9e06fc8101d10dd07acdab4d97c85e92f8a22ef36f,068d660468859d178dc8644d0472ca9f63fc65996d8922febd309a0a6f25932e,1963
bb36064338c667e548c378da8265e5e11394f6809ff1b670006daa8d168ad9c1,K***a,I**r,73,F,da2aaf16e841752933c7e4938d53a07156c1adb548e22955a22fe747127651e2,2fb1bcfef385f56e30f3d41238b66b11435dcbced66080b5e576ab7b50f4baad,18091c91180f122716b5325ce0753307d28494992f8f0d061fcca24f7f0e6d4f,1953
017982ce514b5f5213015893b875ab28fa760bfe4cacbc26322be7629c0660f3,A***a,A*****l,17,M,97a11f39bf75a3b20482aa306834f0ab44272e213c3526134ce7659771253fb4,129fb88699a4b16d5cfd07a4fa6554613cafd92d2db52a2b4a2c2b4fca8c44bc,45371c4fa6bd5fc9d3963dddb0a3a71024420b6738c3a3c386fb202897228893,2009
1790ea86025b84f7e5d62043ed8a411e768d2626fbad93bf03569dc640a3fc49,A***v,D*s,9,F,65059a221ce8f175d032b70505c06539faedb1a49841d65ce6a3a47b2cacfb40,14cd2bf01ad7ee7c399a38f07c043c0d6e2c9a458abf5f1b6ea86cf18db7036f,d92dd9d615fc9742cc550501b380a12677c0e5bcfe3a05e41a9c928f3b07bc84,2017
b937313b5cfe9f4c0a6054fa17cbb6402e42f872857577a88c6be5b554604cce,A***v,I**r,75,F,8772790bc1a98f0132ff46e9482a75716fbeb05e75f0d1b792c204111f0de3ee,e459ecf185226705a5fe42d318a9663b95dc915e745a57def074bdd8726502a5,ea5ecceb2e0d2106e7164d50494f1454290cf9c299542a17daf7f4983b586e79,1951
e91fa858f9a657e4394b2cc177821a21fa8896cf5f4b47277d2c5bd5d253bcf3,I****n,V***a,15,F,f58aa1b150a7b26cd9f3e52969feda061efedb878ccfe3f66e83b0f83411d195,6c0d6e87c691164d4bbe8cf8fa3d77e475c9fd33fb05da8eeb6f4d17178695f8,890183231ecb7dde30f65f8c32bf93611d81c3d3d1860bd130592d3e492e7164,2011
c6b1aec37b36e779f2f918cbe3af9762d4d771d5fdfe40728db86930c250bca8,A***n,G***h,24,M,226ce3c7e44483fb6d0c0d2966437083c5cbfe2c320007c5a698ffc18705e3b7,afa20a4dd7caa061205bc5335e0384c66642320995646fa72edeb70ed3783498,f45c5a2547e377b2b8aa441ee0439f56861c08f0580a56afe33adb714f7fb729,2002
ae0406e331f05b6c3cc1862b5e628541a2ba43f543dafe5dcc31a1ea710368e4,S*i,K**n,38,M,d89f7ee11f217eb7899d5bca4becf17959a5993f2031332ac0a19636500b395c,fe26ff21a859aef2c7ca99e9f349c0f5d821ea842e4c6c9d5f26a06fe3d391b3,a219f9c062899e65b06a5ee68ad6a9a6e1f0c2bc8bcaabbe57202120aece937c,1988
d645a3f176a42988183d2200a102f0dd10c25011d7269c08a05d7313fb10003d,K***a,M****a,35,M,237c92e506020cdf7cf7a1a834641c6afb658dcdb23ba62fa91913fd915706ad,14f46c83af32e98255c1c8a6d9efe3d05d16cc76c3d8d4bf65afbf3e3e25caa8,050a5260bc8b7a77df5dc8e0c3de849a87d7c92d757d752f56fe4549e5184ae0,1991
1a2d875e42cbcde58b46c3f2e6c2423ce2bee58a8f47dd3d0f6823ae4cdf7fa1,M******d,I**r,49,M,50e41ce1c32ccbf92d6cdcfcc995d998a033dea26b8817e2e01949e5223a8a2f,d9a7787fe8067c01f3699b81f9eec7f6c67550ffa1d4b1b0310c1f0cee70fbad,e41db1fa5da3c077157de8ced6592e7a2115c61709d703ef43a0811ef2e165ca,1977
aabeca9f6e3bb6fdcc193ce28b1a8070c30e0911642b37b9b08823b7fae5449a,K*****a,S***h,69,F,00085573a0baa23f5dd41f9699815dfdf96779ba152a92f562829aa2ad9d9594,69c8c201d90354dd52b2c4b9b6abd785ff47991a3bf11c20a074019bcb68b09d,548036dec2491ab9251db67592075e929017684a0a98b93270576a444b5a97f3,1957
ab1491ebbef533884df099f10492d94658d57d8720164bcd29e54f8579cedec0,S**a,P****i,62,F,acb8cd7254f70756c7da8635a7de2a31c2caa22f5d8dee0af5d4f9877ccba94c,d6e9c240a4b4ffcc35511d46732a262b029ee1d2e220a06b406e5bce531c043c,7ee76e8bbed7020f68cf1c4570df30e5dd9f9f06f604d2b5a75eea36f299b6a0,1964
a759aaee0229400211580e1ddf0be6282fdb5e809de0389fc1b5944444cd749f,S*****a,V***a,60,F,4b6262c8d7f7c73e85416dd9d2d19490b7dcdd594ade0f66fee29ccdd2cc3f5a,4e3a6a52f6f93963008faf78211c2fb37eac1bf2d9215ee95d3c33051be8c4df,4fbe703f223bbe9e33c152b384b7f4440e13dd8ad84361e84cbe9faebe26edfb,1966
6a8e25c32bd2561ffe6615c57c1cbc6735a28a34dcfb3a21c1e230f679cb9aaf,A***v,B******e,50,F,3d9e8df509ffb3750407b2b438c256087e916ee8ad8f22369f32cc2ef3c4e886,af5230e794a35d0e11f2a368e3b0d22caf3bd4b0fb2dcf901d2eb212c91a9e90,bd0279ec5560afb9d403ec1e9f3defcf0c1a1f4d0b7d135cc944fa6d71308dfc,1976
bec7829794a0ab001d975cec779937e8d9a7b70e6edf2d2b2cad5a20f10ed2bf,R**a,S***h,78,M,c24976a5a01bdc0ffc20dfce6e7d6b55f5ef39ea2a5863d548c67eb769df92bc,11c8ea81aaad605c70530f09d6c4600457b66247fb0454d20e3263f1e61028ae,49107a14179e2aa2eb58f468b3b6cc7ed75f5e70dbc8f2a09afc109077341156,1948
fb44a13edd72f14aa32e23e0c34c6084c7025c40f720227ee0281a34cf9d30e4,A****a,I**r,75,M,fecea918f9c2d9fa502d27726703dd43c019973205cca30a9ec785587ce68518,5ab2381ebb758bb6c12b1695f74451580e8bc2af80795a6c4d0df5baeab0a067,815d1bce75f9c3642431324a2da3ecc3631904ab591c9c48d1d8a3830a566bd4,1951
16b9e2b63096c43dbe5b24c26eaa282d0729322e22c51ae283ec965f0e859353,S*****a,P***l,9,M,ecd3d32a1aa71d91f84c7275aa7fb6dac1a66f7c0924ecf282399a52d28cab8f,0dbacd32471c7718eb4e77b00c31124110d0e7c84ba6552a66c1f92b8c242eed,89ec35e7f03d3402396f15ec57e5ac965e931b6aeab06a277a9e5a51cae2a799,2017
729677210420f31c8e54ccdb8a789ad4e0d44e04ae02f71d7ce3d85b6c7db250,S*****a,C********e,34,F,5833d45361d94c1fe82b3f40cca8dfd04ce55d4aba7fe9fe386c32c190b8c682,eca7160ede466d25532160b873af9e0311926dbd560bb124100b7eb85d08972c,6d8eb173b4d6010f54d43394532af6fa780a41a0882b8358717821c90170fda1,1992
0244fd087d97407ec31f2ad53ae930cf8f76ab09f3dada66c3c8f959dfc05a1d,V****n,V***a,76,M,e68c068c86261d375bd01895afdaa7fa86530d61c706b5819f8d71bb074dc379,5eacceba2e926d439212b375f94b995e2513fcccff68b124cde83248c52c5ec4,deefacf187cc5d3f2464da7f1441b6d3ec6d3d73ad796dc3949d81b693c38044,1950
a2e5c8cc57d8e8c5aae81c1cd53035e6b33e91427254a590adf69a482ae190aa,V****n,G***h,35,M,a7b668e17e7b5b0dcc8b2ba9aeab05a9b0731de958ac1c081f48374d40d594e2,acf1ab3a3e5fe94777d9fd89825ee88e86ff8afcdde01650c6f639491384a514,026c11422e7e66068af5743528d5cccbe0ac1d8465fe41f6c16508c583ac9e1e,1991
a4f6ec112797c51296942e96182279f4a30a0c4c2fae4901468b25a8a8ccac41,A****a,J***i,1,F,af8292782c5a9ba1abf83c10e5ce2a768d3503258563e48ab5391569345632b7,f6a838e1970a6ac40a7d463e3d928184eabad83c06861dc549dccc1a6b7ee3e1,2ca042849a9d94aec6535a1637b9ea831ac6a093af68b5e8f94ec81724059cc0,2025
148b9ad00dca1b3d2358919e159c35911bb7a83968adaf8e861d72e83045df0a,K***a,M****a,40,F,1b0d26bc329301df6d936f1e882ab4fac91ab534d2ff231167a0c91c88bfe425,8d66357ebe62f8b3065d05d494b195cd6f0a5245932fd36bb6393c9124826d95,dc2b555b92baa6110cae9c13840668b67978f75173e11f5d07bddc911fd306c8,1986
c40c05a54c634d27000ec2a324cd133a8f75e6c6b17a76f222eaa2d4022f889f,K***a,M****a,64,M,c62c0482be6d4598c0ac30ed395e15bb3370722acbe451618350a48160d40d15,7263332551f95c80c93c03c64637e90e6d01f4def220dc47fb38153b4fcbe3ba,b221c4ec9b96bc099a89c4b63c560c0db5c50850dae0b8c929bbad8331438cb4,1962
661416e3639271e2df11ef3e62d640bc2f517a6a07132f85f15c230a7a3d9cff,R**a,P***l,22,M,0bcc6a35eaa17be3b1badc233319345a8c5f74b1976ece0d9f69a43c3cb32c0c,27be53f56c6b31efa6fdcb0dfc3922dadb0f203e738dde275147f58ed661394b,2763b9faba19df5d92790a43a4e15abbbc651920dc8890e0bf9a56df3835d09f,2004
3becf5df47bdff1dce63de3a38197a771e8c19aa38bef135b1a459eec32e1105,R*****h,K**n,60,M,13c1d26ee5751526d2949b576cb3614b88d58e99204ecb8e1d520f52d2c9d87e,822ff47c6b1c72273e938b08bb6bd59990c4abf224b702c44f83279af9875041,d5d7165ab204f4bfc03ac7a4ae3326bec1218fd8dc1e2b8ebe54e6b1d5a57c60,1966
9585a6fe9fdeb56c2583cf346135f842c524d064c6d136b701ea94cc32f44710,S*****a,J***i,64,M,f250b5227c22b6e768046308c762d985b4ab110e24d34dc4f039dd2a8394b357,579b5127c92f9e467e5a0aa8839d7cbba79593530c922cd36fb00ba8261a2f07,a4e62d2f18c4ec1716589702d7cd29e3678f8a39757ea0fe79d02bda5ae3917f,1962
cd9411366cb12a607d6557d82dd84d79ce3f1a60fd3c3b1587ea7debd76f97f0,V****n,S****a,72,M,f7c8ce0a04912bdb365897aae8feedb1fda13f0c0c52a5cca672172e51ccc81c,51808c607d315882cda276453e0206cf275539e78079cab9b33c404a137feca3,953b567dda1c9864cc82325a9e235967737c5fddfab164cba159cbb3c83d9faa,1954
7da056615e9de44036a97bc53ef4dae7905297542ca3ba538d600ce7e4d2ac6b,K***a,G***a,11,M,7539077e4d1fbbd6ef208380927c16fae45e4597e695c9912ea3ee2e7b932d72,a34d007d31b84eaf074b051f5fc40fe2d931d882bdcc7fb9951930ec4096f1ff,c29fc11a61ceba02532d4f40bf61f1a1a6d53d0093a39169061144398378fccb,2015
43d9bbdc091c85a2c023f2f5781ed2581f7782277df20bf2cfbc64cc89a108d9,A***n,G***h,14,F,1a544aa896da91a6ae3cba9a960740e77de6f1a14681beeab1ae0cd504acd8fa,b78c0f15b51d6a5b1fdf13e7ebce80a5b5f8fdcbee2f32267d7b484b08e4d43d,aa37139f6849048c4e8fd2958792f001c6272bc2acb5c2c691ff1746c4d9a47f,2012
0fc6a280223ac3cfbf175e020aaead49d72588677e24b45170c9a9048aa64035,D**a,G***a,60,F,67ea9e73c68692f7de7a25a6673df9042c4f1d08f953c3900e636e00525852fb,27917831e6968a21a8c4f2f9121bddd42533f8c2ae7826e7642389f95588f360,df6b7f445a15aad15025ac6d3e977a1174eea591e6055ebc9949c7edade1bbc1,1966
5a34e3f3bfc32d19a5cbeded256716c483b2a2ba8444b80150319c08859ccd9f,A****a,D*s,30,F,0c5f04ccd958879fb3d40975438e86a5f2fb66f3e2e8452a505cbaf752e7a5f2,946943908ebede72eb2d3216318b5c3775381b7ac3b3918a63011b40d4d2af13,c31b1b8389131977090708b991c0a6c3e7906a0897181421b89ca9fae70f9507,1996
5a34e3f3bfc32d19a5cbeded256716c483b2a2ba8444b80150319c08859ccd9f,A****a,D*s,30,F,961af4a8ba2c2c27ccea3073cf6e99ad4ab94ff2b75e16e2bcda8b89e77ec7fe,a809a2f9d42de9297948e6b614d5158bdb95686a1d459be94796ff4bed5e7d34,373a6b7c6ba98ba9eefb195825db9bfc76150997516df7ed0750705d2a6e870a,1996
431bbc9bb28a7a5e0bf25020314c9e2c077bcec5d4488d3ac5565978cd0a75fe,M******d,K**n,35,M,825b599c95913451039ba7cf6c7d1f9b7c347fe754fbefbbd3ea13aacf5f986f,2900a058c9e9222348fec1e46861905685520519fc9cb119bef2f27dab265165,7f886e319fb0134e960d3a49aa07fef3f029461d589f73aa0dfff3bd411e16ea,1991
15fd27eb5581a4470d632fb8f63f155f85e2ae84e05544a2f9e169da810e6711,I****n,S***h,85,F,261a5a2ca768cf6860878bd14d383b5240af48c60537984a95b3ed6acde65ab2,19cee938256484c413c95c71d4772fa151945df585199cb452750d256a687f75,4011ea4d2df4d7f88fa0b119ce4dc0b704c5d0591ee0475c4b850fd337514db2,1941
881c00d2b84a6a006122b3980c9909139c98b62633c8c1648e5b2e9f4045482f,A****a,N**r,37,M,3c4f5e2086ca5b4650c4399db3c94ef4e9132f6c4a154d5effd3c9ac69a485ac,3a5a767e2e5398912763e1169ef77587348f34889f8d920d4148965575b0f50e,01fe7fb61ba2808a500990cf5db0c07cfd83f560d923e4a6e3cb8ba9509a9099,1989
881c00d2b84a6a006122b3980c9909139c98b62633c8c1648e5b2e9f4045482f,A********r,U*****N,37,M,1708f349f50427262fd532c74e2ddc0e07a70dc3cd1a7566ec8a04f0f009794c,5926a77c8497dabd488a07bdaac8698ada9eed400b67cf3bf9c2ca155c4fe21a,807b68e43318e8afdd28c49a062aa33d99d145b7e31667f0e47159ae8c0932b7,1989
42b2f00c2362470c0faed1b64dd4d198c5fedd20cd3ac38ab15aa583ae2185a4,D**a,K**n,5,M,34c2e2e688b708cf330fde75bc295729d61652076e9dd2004384127ca2f6c4cc,dbd0b4fc7fca69faa55985ca92ffe5edc7002e76e834f68d700fafb8eddbf75b,470ab29fc2d4acf4f9548b2966185fbfb556883bab85df10b4d3e8a14edbf30c,2021
afbd94f1848fd41087cc5acb8d09e72c4f5b0aad55a614d2754a32417907ca51,S****i,P***l,83,F,e78c67fe138e047b0927dcad5c3fae551ec18f79a70194946df61304247cd77e,e31eeff8a383c6c201765a99a141316d13f36354b6a7a196c713fb5625330a33,66e06eb24de9085c414dc8c2dde8b55b3b3843c40a81731f4dc3ad727d518c4f,1943
3582c605ea764053d47c8e9913a86d0e1e99b74b7951ef23e72f8d034f75de90,K***a,I**r,78,M,c5e260177fb12163b633df4a38551f0f3130842bfa54215799a5dbd244a0cfd8,a5c1060720df68cd696d9d08ebc953dc8148ae580e4bcf4df88ac81ecca3d39a,1e1621b7c43a42a90c5694d2fd00fb2512fbe0e3902c2983b1083e95849b5729,1948
028cb64631392a377977c87bedcb83b08efa3795ef7252615e60dd9e8b72102e,R*****h,C********e,26,M,2876fa13e9cba613af9fb045e47ca93b31c616f03f921b9967d4b9a7c6d2ff0f,8d70a8be991c8be7a10e73f91430682bb57f5379d8a163990578fc898872d9de,44c9e3c045b6bb56693f1b750c2566ed1fb34c781714823c22b1809c0b6f8a84,2000
1f68d46059da9b9a4a5c3336102586d3876540469f32e6a4145a3a2905a10279,A***n,A*****l,62,F,34b39dd22bf257e66c77d33a6a3c6a39e5f5923e9b554d2bbe7674e4583f1b32,83b9b100f4adcd953ec92c2ed039f824200790a6338c7ca54b0092cd1021629d,408bb5de22823d0d21c1460c0ffc0916779d0a460b80ee15e6b1b76a3a450cc4,1964
09d9f20b170cb65e13df0168ee65b5e40907a45c66b98230f59d7dd60c63a13a,A***v,S****a,4,F,0b0ee47f9bd0462c231cb5784dfe968249ef5e36b78feb092f1007602457d8b7,15704760b58d03c2db51a8f56926842137943d547e084e68ff1633b9704c8cd0,acd017088865ff4fc15b10e662d19db20cfdc35b908227b419f50ad2bbf95294,2022
09d9f20b170cb65e13df0168ee65b5e40907a45c66b98230f59d7dd60c63a13a,A***v,S******a,4,F,8f041d0130f1253037302441b9c5fceb80313436edff0be88f537c50883517b3,8f1157579c1ac735fef61ee84bd525345460ab7394ffb8e0bbcfe1e04e0d5acf,17fed92aeed7d0775cac9704ff1869a83cd6bd3571b9ed3658739dd932039792,2022
bc503e7c17113af4a5b4cf79fc6fb04e45dd046dd453e96f390000269063a205,D**a,S***h,89,F,b331e8520bb4252bde0f92260f5d8b8bd7bc0686833ac958b13210a30c65a04b,9b82071d5b8dd9bb2ea41ef50e8dff23ce761c2f6fc10c0a766588de77873327,758836bf958752fb654061f4e777c2615a943c45e68c39e04834524526885712,1937
e7c39412523d8efa559edb6f28acdd154dbe16ba18f8dab0afeea3e4ab42e006,M******d,N***u,42,M,36114c8a27cf02736e409e086d66356c4c12278d20f293d4c1e79b1993f4fa68,1081e640d8e23fdb7beb644b5ba3ef392e2fa9e966a7ebc4b2c040743dd8e126,390d09719a79b4899443c13c9cffd1cc34b6d1128a8433aa847b3730643764b5,1984
202a18c1cead1aefca4dd10f410a8f34d3810987db2370d290f9b59362b79bd0,D**a,K******i,89,F,e99aa734d568e262b1bd8e206e6aebb4c7202e258734cd427011e41cd0b9e1ec,9d20b24651d42016ff584f11abe01b165939135340e29c435c12349c8b560a3e,53e93a05fd30c90bdd4b70bf76727067417fb6f5ba512fb1583829597d76bf9a,1937
202a18c1cead1aefca4dd10f410a8f34d3810987db2370d290f9b59362b79bd0,D**********i,U*****N,89,F,a71fe0a4ad2eccba911019503d1e88fabab674cf60ba9547be003816c6814531,55530d39d74384c30c38b2e3f85495b5b17e1b4011fb97f99cdb1998735abe38,a2832c9fa340cbb84fe9198224e4f39c9bd0adb19a8cea17e77aafafa28ac5e5,1937
ae811a447c699265d2570253c132d8615b7113c7660a8c6187d1dbb621a8f169,A***n,V***a,18,F,a36e2ac6fb244129e222801ff6b2ab3ffa833e5817d926bc32427cc3d6dafbf5,0d8772584f528f8135ee250afb8af625c5066cb36fc8b0ec607d9062c5386955,e9a0ca0bf5f20c24c0880e76c33d131483fdcfa811f39b6add3aae9384e13ef3,2008
2271c9268b10ca16a8458505c1f7f05fe98580f7411f2245579a82ba80687066,I*a,N**r,40,M,b14774586a2ce69e0268d6a6eb1603cbbdfe1128d89bb374dcd16d75b7db27e4,c6a8446f0a6f1ed5959149b588612d24f8af398e304928e4d90a1ca38740820a,a99bf74d494323fc11a2ab99dce183ff86c0172888154c747feb689fc9b8aea4,1986
b97880ebfd72f0c28039111791d925472732f2506d801af8097c8a1081a4d51f,A****a,R***y,72,F,642f73b079da0fb1b55ec23f1c6b84755567f7f905ed6eec154a906f36e7307b,28fa14b30bf97981a57625ee079d662531352ea84fa1459fbf4afbf8fceedb88,d30b6054df63061484dcaf9b2619d847d2f2ab7ae47bd53d1e420fbd725e80f3,1954
34c9340fb7652ca435fdff9038ab148519b671b18baf1b2135edabfe3c3990ef,S*****a,K******i,39,F,a1b7ca7633d7d62fa69d8f5a0e838d0851348395fa5d084ae557a73ecfa32d30,ece1cc0aa56c0823297bc23aa3eba36e2f1bf906f59f03e22f894bee9c503946,abf1ca9d3729c1867f6ff5a63989571a6df9474af77af11240db14e7797f0126,1987
dc8011c04d95da8562c51fdfb92dc4d19e6f865742bc5f706bbb420e4da47fcc,A****a,P****i,14,F,56ee74e551d343ed99180bbeea863042facf0b79a9e2e5a26634f0a8a1308657,07ebe565e4dcea92a445107b8bc5c7e02942dc4bf9b848fa7a1c2daca86ad395,fcc1c9874b9f34835fc3aa169eccfd1953f43c8f3fa3646cb5f1fa746c95c8de,2012
dc8011c04d95da8562c51fdfb92dc4d19e6f865742bc5f706bbb420e4da47fcc,A**********i,U*****N,14,F,911fbbb5e71c11481450920ad2972c1e3e746085f78cc7983bf8c7f65d625577,ca34280a7968891849265c675843501a9d7fdc44887f1f2aa4b97cb96c858d06,5b05e52f36c37dc187a48bed498a31cb871dc86a61677bab61d4eaf6a34ed534,2012
