booking_id,passenger_id_hash,flight_id,booking_date,booking_year,booking_month,booking_month_name,status,is_confirmed,is_cancelled,is_pending,seat_number,passport_hash,emergency_contact_name_masked,emergency_contact_phone_hash
B1000,977c3154ed97450c76e731cfa64c1b4071ddd7001d11e16f6425026abd815d64,AI192,2025-06-14 11:37:36.951,2025,6,June,CANCELLED,False,True,False,3D,59e7e7738c8711b2f49be2c355b25b9bd41b780392aa2151796e8b52aaa0a056,I**********i,985d67522f17545947088177ffd59ea8702709ec835493de2194f1c2479784a6
B1001,604c9afd067fac61e2daa8a506a2030f2d8c48a0c123a8b1750c198b0cf829c3,6F026,2025-11-02 11:37:36.951,2025,11,November,CANCELLED,False,True,False,18A,6a95f336b866dc4d580b61301c1a96016a5ec24e056b4062fcb7eb48c0e14578,A********a,aa7ee7d23b01ff6ea11e0289aed82cb147b33cc5df6de16058bb3915f6c0ccbe
B1002,906ea2a505d51fd41a2b2f02d9dfc962d3831101cd8232792ccfed55ec6303da,SJ010,2025-08-25 11:37:36.951,2025,8,August,CANCELLED,False,True,False,30C,8d413701d70b517478f82789245fa033726307ec10b14c2c18fc6f6deb940931,U*********n,4e33ce849c3d764787254beb415674786ae346b69cb4246f43a779030c169fac
B1003,253e3decf26bba87ebad66473c9ad56664e004ace4b3cf396b23d9b89fb2d722,AI069,2025-12-30 11:37:36.951,2025,12,December,CONFIRMED,True,False,False,33A,19c4a665e8bc1266b54aee9a9925f0d4179044fbc7be190242d1b89272a91bff,H**********l,27696444174d7d93dfa426e3a915a87b7a7a362203dc309ba306de359e594d8a
B1004,f4133d1257c4df22d1f3160f167fa0b82a2d16ffc2fa6076b0dd622aa9284cbf,UK003,2025-10-02 11:37:36.951,2025,10,October,PENDING,False,False,True,25C,d9157c803314e083e13c0307a6e506c2beaa8c6e96140c318f3a5626acdbf658,P*********y,95c1ff00e23a76783142e73d30f571eecfb7633fe21a853d70038afc4d5e6902
B1005,ccaeb9c55d66d7925b9b4b257d89a2f3e2fcc223df68dd4a43a8b85509590cf3,AI048,2025-08-31 11:37:36.951,2025,8,August,CONFIRMED,True,False,False,13D,caabc2281b0da4c39b0a3b311e88f27b268a54a206f841d415910424688d7c97,A**************r,42b9936ba589960d37e339aa4cfc4aafaacf701f688c3a6b1a8f127b0737aaa9
B1006,a4df934159e17c6f77ef8d393588441f9c9abcf50194d863ddfde514c1ba87be,AI140,2025-06-29 11:37:36.951,2025,6,June,CANCELLED,False,True,False,17F,819d0525b412722fb313faf87f81a43b74df29a993116bd79095a97e202b44a5,T********l,c0c31d265f7a6cb09931061c034863a0be635062a670c3bf793a7792964b8d8b
B1007,2fbfa19e0834526a73f088118e54ac518f7fdbe8b02a8d6e2fbbac494cf0e908,UK167,2026-03-12 11:37:36.951,2026,3,March,CONFIRMED,True,False,False,22E,481f342177d3cec469338517a9902c34973ae3e01e73170d054a2a22e8fed7a7,Y***********a,8cbfb5c7045afc381c07f5af0f74cb0c8d52174a2adc5183fe43e2b07b577256
B1008,fe8378226aea284fc0bde70c404202521495e2831d1809e19eed560393f944f3,AI245,2025-09-07 11:37:36.951,2025,9,September,PENDING,False,False,True,34F,8c98a8c9d9ef366ea590a63c5fda7f9b38e3d7fd7cc2e1a664b318ac10d81116,R**********i,9fde40b1b124a899bd38d1710dd7109b0a2abaad5fce54f01123e3a0968f37a3
B1009,671275e88f80ab6612b251a834bc7c2c958d795dd8d53e18ca9e1e16136f7771,SJ158,2025-04-28 11:37:36.951,2025,4,April,CANCELLED,False,True,False,33C,16d60fe92f5a58498240b07d1f06756c4004ccb8ac1a35e2805525d1a10f4bd5,T********n,a7caeb0999e21599e6ff0f8f2ef3f017230359b1c8fd1e31aad6d9882d7a5b07
B1010,4b6c0c8b02b248b3832fafda3719d14a7c12256e352e612069e6a9d139c72f0d,AI155,2025-11-24 11:37:36.951,2025,11,November,CONFIRMED,True,False,False,15B,9b8bc958eb99de8fb7b16058960d026a06b3e7d596f3a18533a6dc3e4ff6331d,A***********a,975709b8233d356e3a616f0c5d55f85188b2db658a877ce032e6e5fa00a0eb53
B1011,6f2e7545bf6891bce54a08268e1cd0f112e247db566b7e31baf6851c5c4738c6,AI179,2025-10-25 11:37:36.951,2025,10,October,CONFIRMED,True,False,False,22C,2c38e171d27dcd125c6913f4d1c146a8da98219f63f72633e64e7bc3f19ef100,N************i,42d6463d2f4234c2de62a9167367d56170d6bcc9225217e8d6808e078e03ba5c
B1012,c7d426d2210ced26b6729b9feacd755a815a5fdb9ef6ff68620fbe61f34c9dd9,AI137,2025-08-15 11:37:36.951,2025,8,August,PENDING,False,False,True,28B,e6d22eaeb25269dd78b2086a7fbc88ea5604221f886dccec006c8c8cd13d8487,H*********l,ca67232a3e0ec19c66dbc808a7347ca88de434905b4476563f5ed33157c26f7e
B1013,cef0e879f29d08edf4d347ea410c96d240548f74a599ba7f77bad47fb561d753,SJ001,2025-07-20 11:37:36.951,2025,7,July,CONFIRMED,True,False,False,26E,fab85083e9f77799da2810373757ab2bcaba789e60580d046078a73a50453c99,N***********e,b6c4064e4684e816cfaff0008f36c5e108198349c901410530bdd4931c08224d
B1014,493f03c091f1bb5b6181ee7ab114c66faeda7d62a9ca480f33d547d492e5b590,SJ172,2025-09-15 11:37:36.951,2025,9,September,PENDING,False,False,True,21E,ce79ecb116713ff5346d04d528e0b69c111ddb29f89f71c7489847f9def6277f,G**************y,251e65d2efa32d22d3867748f5f28c97e6be88ab027b3232a4d6f942c6290b94
B1015,4ff00403397e83e71b7bac58d46092c1f4c0558542749ae813ddab899eacdeb3,UK094,2025-10-21 11:37:36.951,2025,10,October,UNKNOWN,False,False,False,6F,e80647128945b84453cc832b9d012cca149f24816051350fa337a4774bb9f73b,G********i,d43ebccd9367d0baa391586bc5572112498423dba2447be7a56eaa4c8a2da7d8
B1016,fb80277747aac668145bc47a70b7ee1c7a652955c60fd434859603bc2bb0f212,UK027,2026-01-13 11:37:36.951,2026,1,January,CANCELLED,False,True,False,6A,45ac44b766f544618147856de9f9ccef98e3e4a1cba38f6935f57ff86e03e8ea,G***********r,74c11c6d3d1b85a49660b7dc27772c3b29279b344bb3b1cabd1c27c6c13c9ed1
B1017,2a70a1e3d06827e26ea66f3dd26bdf35011631c2ff7ec0f502e86ac82152fcd0,UK067,2026-04-04 11:37:36.951,2026,4,April,CONFIRMED,True,False,False,13B,f27605d14d86e057ee7d1bb667412de210b87865cc6b2b19d6cf9c9030fc6f52,H*************a,456646c8e244df780216fd166c2bc303ee014cbd11707016f1e1c980532cb5b3
B1018,b096a49f0236663227b9349e270cc5f2ad32d485d93865e0d4cb2488c769f768,6F196,2026-03-25 11:37:36.951,2026,3,March,CANCELLED,False,True,False,19B,f08afc002842ef6c16197f0905029ce91549bdec0d015e96e30190fc31969a97,C**********f,f793775bac707cf5926af1e591923d034c3a1d183ce057abc518514518db1385
B1019,051179b157321a62ad4c619eb42654918b3783c788cfba6aa7fd34b1c715c5f7,6F164,2025-07-31 11:37:36.951,2025,7,July,CANCELLED,False,True,False,19A,451e03d407510f4369ae3ce78672045ebc6e9a3a6fdee26b568e98bb183b3930,J****************n,24c48654ba065d4b7d9c7d4605ce56cb1c8581b376f696512be356a28b2ff190
B1020,bf52b129e3eaf405810ca84e9b5879fbe3dfd274912e85dd7d400b405aa7b6c2,SJ112,2025-12-06 11:37:36.951,2025,12,December,CONFIRMED,True,False,False,27B,548bb24f886551bdb139f2dd77f8d6f472d18d3fd99a207204fc30e6ad2c5a90,F**********n,d113ff53752d2c8a7f2c4103b26640611b36fa7efeb8f82c2da551e9e52db4b3
B1021,39d17754fbe940620f6b6afe39299cd09366b97c2b5a0806dcc0fc0318a63051,6F190,2025-12-07 11:37:36.951,2025,12,December,CANCELLED,False,True,False,4E,a81b91b550af858b5813b47037200dedd33d200c4448b11e296e408de35de8df,J**********a,c25923f01304698336c1029c40f058ca2510a7fb695e74b030792de2586f69ca
B1022,08cb2d3a1162156fae3f8de8547a4392bc4947f04eba00d88607c9bff433f76a,AI080,2026-03-25 11:37:36.951,2026,3,March,CONFIRMED,True,False,False,16F,d10b00994471367e9ef55092ad4fdad4c157e38636d7981e73d0271f0f4b9562,E*********h,fc601302cfc17a762f2ee5cbf371bfacb32b9b456a49c2e4d3ddadc80ca98c9a
B1023,7fb7ffdbd85a3ce3777e234c2a13df6ecd93b7417cd5370936f89514d8f28124,6F213,2026-02-03 11:37:36.951,2026,2,February,PENDING,False,False,True,24B,baf43ee0438d2412221049ea57b7cc8ae12e72fb43e4330b1dac75ca683c41b0,V*********n,11c3bb168b86f1edb0fca18918acee779048f3fa934e36dfecd3047d8c30d676
B1024,4cdb726a24e120816f3083c011a185a0d34c978247e769e24001a6b122005f24,AI115,2025-06-21 11:37:36.951,2025,6,June,PENDING,False,False,True,30F,93992d112475cbf9a55b714ec62eeec9e22502e58494767bc38df2389738e843,F********l,8d1fccc44b5869469c05beea3c51aac6466db30ab3bc931b5ee4fbf988042c25
B1025,a500ae03c00baf216d49ec56cceecd33fca80f959f3217c46b44c80a7b84762c,SJ049,2026-03-18 11:37:36.951,2026,3,March,PENDING,False,False,True,1B,1012f26ddc18bc3edf4a8ec464d0c27061f88c4b6af0e1a474b1b4b7e1a1798c,H**********i,2b800b21a217f496cac479b6905cf29458506a4346fc8c308b35db45f2621ff6
B1026,e60442d25bc5f693c6cfc0937063c635de3a5baf3a0221977d97fdfdb824e54b,AI058,2025-06-27 11:37:36.951,2025,6,June,CONFIRMED,True,False,False,32C,56b08f0dbe81e0fd17a2f4fcf51d07e3893bf17d4a3de4b43cf344fcd3932fae,A***********y,c674f316826ba5c51701c289f5de2212f7374aeea83a00c6cad53c1dff7a8df4
B1027,a4f6ec112797c51296942e96182279f4a30a0c4c2fae4901468b25a8a8ccac41,UK036,2025-07-25 11:37:36.951,2025,7,July,CONFIRMED,True,False,False,22A,5739e14cea5a14e268d82ad903d9cafa002c471187ff90bfaf9eb056abc7e070,J********a,f836f045b80695e8f6a1099f12a29a51cef9dd5745b9c4d7cc79c30e0ed136a3
B1028,f0316f28ef6214df53c678ecde337e63f431b074b6cbf48b8fc4df3a0b16bef7,SJ239,2025-05-25 11:37:36.951,2025,5,May,CANCELLED,False,True,False,26E,807a50e4d654f4cea485c6ebd7274f050195fed06f879b3f975a2ea1102d1213,K*********t,07e1fcd29e12d47243225b455bed39b4b4916530257945a3f048d3472223d6de
B1029,7f7a4a05ac7584dc445b403e3f3476be43426f7f0889117eb963af5f8bb1d4c5,6F025,2025-06-06 11:37:36.951,2025,6,June,CANCELLED,False,True,False,19C,47899709761c35e8690311381c256b2ace1142579dbfbabbd5611fe4847d60b4,S**********e,0f16d8890efa14258e41c546ede550641482df77771f43868d21fcb7830a0b4b
B1030,f6b417a876311203b71363b2de9b23777e0a1dae3d73d787849b48272abc719d,6F236,2026-03-18 11:37:36.951,2026,3,March,CANCELLED,False,True,False,21E,d307a6378262c7c97a0e60c8f2f05e982b98a6d02bf77945a704c32d11bcac24,E********g,095190e9f66276904c4c85b63154ed11089491b93a46b77b23ea7d7e5cbaca15
B1031,7f8a4f8fcffd556d60cdd9cb6d9881c5f0952f211e879052948e285011a4da4c,AI060,2025-11-16 11:37:36.951,2025,11,November,CANCELLED,False,True,False,1E,62954bcb007746dbaec8db12bda3bb7a0172e448d87fb8570bf3aea1f29eb383,Y*******e,540f6b6589e80304f12ed4f618a43d97740d8451fec75974a812a4fe19022f7c
B1032,7eaf1e6c1630f0c8a2856d98642aa558e04431b37f75a59a998747e5f9e8496c,UK021,2025-09-03 11:37:36.951,2025,9,September,CANCELLED,False,True,False,18E,718575c7b7ffd0a23741e5ffd212fb012588f8db1b7b54f2e002d3792df04927,T************n,9280a037b0dfaf6e17705d4f109ae231293596b9b3a386f59b924e8399ae23f2
B1033,afbd94f1848fd41087cc5acb8d09e72c4f5b0aad55a614d2754a32417907ca51,UK026,2025-05-06 11:37:36.951,2025,5,May,UNKNOWN,False,False,False,19A,a52d3cb89e597a683b8e4923f892a18b9cc227fa05208424f920f164b5149ef6,A***********a,478270e5dec4bceef0fe2c141fd6c2622894c1d01bfa40f5d502bd671be5c05b
B1034,f578969533b3f6b3dab72ec2fdc7d0592f61427e461cec167f4c481805ab303e,SJ179,2025-12-31 11:37:36.951,2025,12,December,CONFIRMED,True,False,False,22F,151e90282739e28aa3bcac20bd2620783b9466e601c1ebd3a504fdd82c37fab6,E*********a,9f955d30cf40b0ebbb0480b6d25d4dcec7071ed7765f3fce5ffe0cdf53c1d8c7
B1035,b53cd664d3caa7d3461db14d746ee0bac972b79bc4dafeabb23ab761cbc4dccb,6F251,2025-08-21 11:37:36.951,2025,8,August,PENDING,False,False,True,11D,b20f5000d5f6615e42319e1f83503e20184791399b293b54e72a70c98fe7cccb,V********y,79d4f28711a6594a2cfe76bfcb4bfc478a46b5a1cb220c7465187d7ca6ee4c20
B1036,b65304c929ac9ac90b919fca5846a082845092de07e4a41e87a5f1f26d69276c,SJ149,2025-11-24 11:37:36.951,2025,11,November,PENDING,False,False,True,5B,138ba87501deb785f7f1ca7bf1f15783178fc5b5d828e5f569b9aa7c8bf32d58,D*********n,51d1a45a449ce4bdfc785e452b252d4aa19f50d6e64255620614e84ca70061d6
B1037,9eabf0d062f2e17b6c93dfb21197af90d5f6f152aa5aa7f9fb548382ef5da74f,AI188,2026-03-20 11:37:36.951,2026,3,March,PENDING,False,False,True,33E,f583dd86ac1ab40cb5a19a1a3361bb223d0bfe35d9aef8f50d06436cb0051cf2,A***********i,cbae1e144792e34cbb7acc1d542b4dbece80eb7dbbb45a6a0c98a5f6b52cdea0
B1038,37b790ac45eacb4d66f50b7c5f6adfbbd850f1ef459633d46e1335583be1bff6,SJ093,2026-01-01 11:37:36.951,2026,1,January,PENDING,False,False,True,12D,2269d969b6195ed518ce51572ce2699f9ff19ba2195a691dc4ecb3eb6a2b62b7,S*************y,2412040336a1d312d5e0df69aaa633330a01a975eedc6a35b412082d799d1db9
B1039,d78d33086a6ac7092ce5210ee0bc93c09febeb9745177ccab0a40151aeb89c3b,SJ205,2025-08-21 11:37:36.951,2025,8,August,CONFIRMED,True,False,False,11E,f29a77a8a97066be9719ce5f8afac04532cb302ae465eeaa9e72ad183d193d22,S********a,7de5042fb8aff82cc4f1ddb2be1cc48b5abbadac97e776516f3dda61f3184dd2
B1040,9520ad3d7a70d319e14e25c5b52c6b6257fe2f5dd6bb98d388da154d09afb415,6F099,2025-08-08 11:37:36.951,2025,8,August,CONFIRMED,True,False,False,26B,bcd1bf6246a8cf6477aa216c1deb2f96288f371bb92207024ee28f4c3b5758e1,M*************r,c9c10b5c35efa1a0f776a0f5a970e0dc453ad1f9c307f4f39fa1e3e2aaea9fb3
B1041,ce0196be80de68aa6f4cff9ed81521ba378f6c2d294fc7981e9d8189d65e5b4c,UK176,2025-05-28 11:37:36.951,2025,5,May,CONFIRMED,True,False,False,25C,86e67dbe9d95297aa5cdd7d7430bac23c7c85f7b1094844241d74ea65dd7c047,L********a,0d8f741d88d25f35b1b5d7da0c79f3e3a54e7fb79f812dd202d12ba01eb96d4e
B1042,841d6ff4bf515c14ff1194d854071d819eefe7528f5a4bee5df999ccd6cb44e6,UK200,2025-12-02 11:37:36.951,2025,12,December,CANCELLED,False,True,False,24F,8e2d9b98b2af010a6674cd2be08b1dee592135a6d9f3e13e3d44518d1e531a12,L********y,dcb2152354c4fea1716ba68a7d844d3c776ef09f7d9d26a95cafc1c44a8a3d57
B1043,62b0b9ce01d516bf00b0225b65d7ddfab72fde5e2502e45ef408410c282ff651,6F195,2025-11-22 11:37:36.951,2025,11,November,CANCELLED,False,True,False,8E,af93a48a3274117cf67cda9e45fa3099ebf7c73e5d88b05f9e7bb825909489a8,A*********a,206f86394ed4e837690366a2c0973bda0e71d791f8f01671eeaa32a13d877e96
B1044,a5d7ccdbaa33ef6ad8ff6cdca600e6bb1ab3186089c6286d1695f87fd374721f,6F174,2026-04-12 11:37:36.951,2026,4,April,PENDING,False,False,True,16C,16e174d0fb53c3ef2600c14f80d1b1dbc2b2ea88a664ec0d44404c7f2489a05a,M***********k,f5913733cd74a2ff326654dbc2f44cf82da1b8a12d02deea2c09fd047b57df09
B1045,c24146553498b11133c73b471f128c4034fbbc101da3d55d16b786b97abc6fc3,SJ214,2026-03-19 11:37:36.951,2026,3,March,UNKNOWN,False,False,False,18C,fb7a1818d6acdfde779a7d20c0b6a295a36f4307df85ca80e7523565d13b1245,T***********i,da0ecaf2bfb003ac34c63cc10991509ff77e83bf1d4ce4ec19b65d6a4dd4d580
B1046,a1807f6186c536cb15f0948b636e884457174bd4c2692684959ad17b212b2efd,UK059,2025-10-14 11:37:36.951,2025,10,October,CONFIRMED,True,False,False,2C,ec8af10a02df2459541944cd23a5bc1c5aef5a9bc6b6bf4f0c9ebbcdbbecf36d,Y************k,694139f2ea271fe31d329dec785c6f4e64ca5c7a653aa384290fb470f6e8e3e7
B1047,1047b7c4faa338bb338b8d60b66d9ae0e7d14f1ec9f747437882f4f724a283ff,6F151,2025-12-29 11:37:36.951,2025,12,December,PENDING,False,False,True,7C,06fc223a46a46707a35e6a4569ecc688e8b1d80c03429bc85488c65cec015883,G*********a,c468968f3b7b74f589d7c2b434fd79845df9f2b716521713d3adb26d6a67c4a2
B1048,fef3551179d3071c36364f32685122bf5ea6d3a401fcc5707960d1986ef03b46,SJ236,2025-09-19 11:37:36.951,2025,9,September,PENDING,False,False,True,18C,8ca1865bfad8bc2ffa1453cd4ace62ef09e95e70ee7716c66e2aa2d21bdbb85c,I********a,442c69c41ebc8e95b42d81bb0323a5b72aa3f94b911f5aa207a2860c302c79ba
B1049,08cb2d3a1162156fae3f8de8547a4392bc4947f04eba00d88607c9bff433f76a,SJ153,2025-07-28 11:37:36.951,2025,7,July,UNKNOWN,False,False,False,3C,3da7675b6ee8e5571bc322267b654bd2caf1032cbce05858694bf247b3d08f2c,N************i,2c9a241a5ac9ab31d01fd62cdac263759b803a73d4f16678c392643bca55c229
B1050,256c5e44719e844bb763f553a8626e4a668b28e4f71e8f1944f4c2ff6d097c34,AI220,2026-01-15 11:37:36.951,2026,1,January,PENDING,False,False,True,7D,0d72266c43031d8075a9ca2122f0e9b2a82cdf0c31185daa56e2456ab262f4e9,D***********n,d64a437468b1fc9d16b8a22afe1f0cd3f7f474e6a234dff0802b3a1dcedf6a95
B1051,932990ec1a7797587578bdc8611fb94c98f194f57adeb99310c649a427a396c1,6F028,2025-07-05 11:37:36.951,2025,7,July,CANCELLED,False,True,False,16A,720bfb736136a3f49714ae69486aa3516a34fca8fa71c12b03b2a9c1a7c44c4c,L***********u,28050752d0d9af0948d1a663abdadb85a47a7ea3d577320231d0dd6b17e6783d
B1052,9c8b72e9309f1ca4a801e836ae3ee548e4fab5ba18437be41dbac15e14aa7c97,UK209,2025-12-30 11:37:36.951,2025,12,December,CANCELLED,False,True,False,33B,733cfebca1a82851626f27e20efa6e86b139c080846fc19239d822e20136f779,Z********e,2975f16114d626eecb8aeea76fab8ea6c5e0f7f938abfb85d364663f85a084cf
B1053,b6699f1f75b07aaa96b7f6f1ef1d6d58c2b00d2f311d23df9be2942ca0335ae7,UK216,2026-04-01 11:37:36.951,2026,4,April,PENDING,False,False,True,28B,399a80b00d6a0a5806b1cefc245c3b406657819c79017d6d7fad319c09211dab,I**********v,9a46bc40d2c7662c4df4d7c7fd7dc953de4a53685d00bfd9eda24d4d4206e428
B1054,115f110efe2c65297179f84ceb6a5154ba53e08f2d9b5659b5417adaea4e61eb,AI132,2026-04-11 11:37:36.951,2026,4,April,CANCELLED,False,True,False,19C,92064bfc79f8368f0179b8de82d8781456f621569b8d34f5014231604f2a3dc1,A*******k,f325b218a18009a9be222ff84089baafa4094ebd91112acf8ae88340b315d025
B1055,ab9f8c049da1799973249de41a2e0981bce29c28386eb04f7746466cb4b8c085,6F012,2025-10-14 11:37:36.951,2025,10,October,CANCELLED,False,True,False,13F,08dbe884a6f408988d6490a34f80a501df250aed0c238ee8e4d692b3b693d6ed,I*********n,07cfa4f6401295e4b7d809281c0b461e139346e3e16bf65b52b743f6ec64e7fb
B1056,3fd6c6a6cc99badcd994e57f26eb48e6a13687640d02d155eaed0cece624ed0e,UK173,2026-03-24 11:37:36.951,2026,3,March,CANCELLED,False,True,False,15B,f380fadf17567f8778a48f283ec28410a2d8ef3c35823b648832eb4df71bf780,R***********r,c4e1c41175281ad55165634c02b392a6d1feb161e83208b0901a3dd9fa0d88a1
B1057,0c2667ac3ad287d572e2898ace23dff926bf2ae1f6c450ede0c679b75f2572b9,SJ047,2025-08-20 11:37:36.951,2025,8,August,CANCELLED,False,True,False,14F,a40b7e364b4f13f0557857ca6cc75203dc689c4fa8af12869370a73f5ee484a1,S***************l,77f061e1a7b6f0bf18e7de29b606a89abec460579483f719333b7d26d76cc063
B1058,2e77403b154c0332d8319f95bb2066431dbfe4a497fedd7c54a96c2a45720147,SJ043,2025-12-07 11:37:36.951,2025,12,December,PENDING,False,False,True,8C,f93fc5b8f41c836b896bf9d7b20c5ffc6bbf0f35a4f18571c04f350279b06663,A********a,cf1ca2eed5235ecb908075e56f1987ff7b5483fece1599e733e7173f9bcd93c1
B1059,350e0f62c4ee94195e1183d75e282cfded48d109a4bbdd7d0142aa704d43a3c2,UK140,2026-01-03 11:37:36.951,2026,1,January,CONFIRMED,True,False,False,23B,932065e04863f4c659e279065df5b3b5fc99642c2f6f90291f1326916fa126a7,P*************i,4d55ace479fd0affcf7d069f127a895e63a7439c7802e47af893d299ef2298d3
B1060,65a2662c1c42b2211936fff433a5270c57aa2d66ebcaa8a672b3d6f51cf31cfe,6F086,2025-12-30 11:37:36.951,2025,12,December,CONFIRMED,True,False,False,11A,05f3d6b7a3517179f6b637c01087312a8eaae27562b862a9f26de0dd2bc6f683,H**********a,04400cb9e50e5d62a9e5ab9e8d3807eb0f9c469de97175cf365aa9d70305d9e3
B1061,eb2dfae377ce8e908f0e80b3afbdc98f2ed93b2f5a500c636a2d717fb642eb90,6F114,2026-04-05 11:37:36.951,2026,4,April,CANCELLED,False,True,False,19C,0296cf4c371c103a8f75c9777a19d515d8f20157481c61d628027c01bba7d41b,Y***********c,c4df1d4576d47062c7f8f7aad29aa1dc88704fd8ecaec30d39af47cc6dbc812f
B1062,b17edebc21cc08a65ee5e9d2351ba6516801c1d9148f4704db88bdc77da0c865,UK153,2025-06-12 11:37:36.951,2025,6,June,CANCELLED,False,True,False,15D,cdfa84a9b9646477d516d38ebc6afa6d79aa71c4737459149388ccd94f0feca8,M*************h,7808eadf73c96cb1f3c95997959c0b2ffdb8c94a6407603002b40ed20c871443
B1063,2b4f9a36a08983a014ca1b0c4623c8bd01849514b4efa8ec0bfb8c38c7d44e76,6F149,2025-05-19 11:37:36.951,2025,5,May,CANCELLED,False,True,False,9A,26fe229152e764c4f33a03c4ed954509e4866712a76e13c10746934acb1f2dcd,N***********a,0f95760413c2c155da9153caf2bac94ef57fc8b5150c5d77921de2d9cd339a8d
B1064,9fca29bf66969aa3fdb96b272c6b766185937f5a27ffffdc97de71a222add84d,UK145,2025-09-14 11:37:36.951,2025,9,September,CONFIRMED,True,False,False,24E,da6bd392194e07308054e475433f6af7458f9e3a631aaeb15a6abcb45deeb01d,A*******k,8baabf6b80bb8b48094034008ac1fa3f2761353f71b590f1a8ba26d0e9745947
B1065,8537c2efa30e935deb54fe09333c46fc8c4a8e94c6a0d5071c78a160d734748f,UK010,2026-03-06 11:37:36.951,2026,3,March,CANCELLED,False,True,False,7B,4b8e984326743f031008e8ac68017ce6cd5d936c14192a39ff48ec4a04d632fb,V*********l,84f809ff970ab3ba2f802295599e4e4a38eb2a5245823dab0f00c39a64dd2729
B1066,d97e64736317043581b903f37a496bddf921efd523efa3aa987e94c58f48e977,SJ003,2025-11-05 11:37:36.951,2025,11,November,PENDING,False,False,True,1B,3cb2c86e89a96e355b86d03374a383c704f3c626d6ee69c7516433df53760d87,I*********l,db4419841b8099d1d064578bc3ceffd669e90348efcb6a4b7ce35fccb1e9f307
B1067,f1e921ffaf861ea372dd545d469e4e291357c01134a401015942fe6a92883e31,SJ160,2025-07-23 11:37:36.951,2025,7,July,PENDING,False,False,True,7F,c25bf736040d96af978f325b73e2f2a38cd64416781667c401b9f6c4c1730ec7,D*************i,3ae8d3b40991e48f0b26ce6331cacbf846e0667707ffd98875eba35c71ae2f1e
B1068,b3b2bddc4a1da01906c583ec44330f267849113c6afe3d26e04eafb43be7bbba,UK224,2025-11-22 11:37:36.951,2025,11,November,PENDING,False,False,True,23A,4e6c0aada89e3523e1c4cd6c37eda829bbe01cb720cf505c725b4c686c471d84,D***********a,d4cd9824ff2b4ce47036679e01f6eb14c7e234a9fc88f73da208ca5905dd5773
B1069,2fa8ad9bc1180c9e7016de60dbd6a76bd214ce8b72b8ae6637e164c4dfeba8e0,UK152,2025-08-02 11:37:36.951,2025,8,August,CONFIRMED,True,False,False,16E,a62394e2c13ca2315ea394f03b587a3489bef477d9588ca0f4881b23ce4310c0,F**********a,43f1666e5582204a7707c284e0859ec48a77ea42fc6c92ed2fe2751f60a940e7
B1070,b6699f1f75b07aaa96b7f6f1ef1d6d58c2b00d2f311d23df9be2942ca0335ae7,SJ034,2025-09-22 11:37:36.951,2025,9,September,CANCELLED,False,True,False,15D,460fb46958bd358e33d19bf2d0781731e88c4d4ff6bee3674d4da035a45b49a4,V***********s,1240774df91b8783756d093b5b9afb4e327818ab4b069c8f3b7e2df9094ce2e1
B1071,61d0f276b7160f04f92ce7d852f04296612a23d85e104124985a1e3f1afb6a25,UK215,2025-12-21 11:37:36.951,2025,12,December,CANCELLED,False,True,False,15F,3908c87404af101bb95eb2af92c157053dca2b0c71fc115cb1f977dcd0b49320,J***********e,def1961aa251cc34b1c0f9c6765ffc42f91a19c8e39a1da5a9aa9fabfced2688
B1072,383b01dfc4b4451a547935fff6c78f551e330aa833ad796209db30958a18a15d,UK089,2025-08-10 11:37:36.951,2025,8,August,CANCELLED,False,True,False,18F,829a5131166353efc36e4b1f9d3ca72ba4d24379164ba1fa6757e3bd9c2eb1c2,V**************i,d45375539a128ad0b80718acc87f7151821ef86a16c8c9c2015d03ca246826a8
B1073,9585827735f88792e9359787c8c5048f41e5c39fad2e3f57fc925ebfe01459fc,6F180,2025-12-04 11:37:36.951,2025,12,December,CONFIRMED,True,False,False,16A,2f3fda6f401627a4f10cdc01f10605473c1bb1c281f501912116a2d72e2ac3bc,A********e,4771918163bf058d06722aeaffc03efc44d47f48e5a986e0581c8e591cf1e571
B1074,097d1730f877c5e910f5789d79ccbbb12c982460d0c24d0f57881d9f3578c3cd,6F188,2025-09-25 11:37:36.951,2025,9,September,CONFIRMED,True,False,False,7A,2b7e5c29878ccee9576d9888bbee5ee8f6fab614742d2f5c6c5bd8c80334f512,P***********r,210482a0ad766b4e637a726b43a55dd0ae89de8d8147443497fff247aec86934
B1075,68817845c7bde67edec29d198d21c1460e32dcbede85fd085f7ba7a632b75af2,UK131,2026-01-03 11:37:36.951,2026,1,January,CONFIRMED,True,False,False,2F,5a8625975fd85a292cbd06dbc38d7d26e047e4ae096b728163dd891967ba07b5,S******i,b951bcc29b975a54a1f561cd378e03dd3e497c8ef9a5012da88a3292ab8ef67b
B1076,63ac4a24e48cfe89f1218e7981373d1f1de2eac52e71435d035341619ce8ab8d,UK055,2025-05-04 11:37:36.951,2025,5,May,CONFIRMED,True,False,False,12B,dab6677257e0df4d2575951ff59115be6d0dfa8437c7c2100529a7df0904e3e8,M************h,e0c39e9e9ed7ddc4b559092588169e0be377f81d0b2c6b2043281c4a1ef6b141
B1077,7ff5d504e0d5d5b53c0f96fe7923488af6e78f4e42b77a8240c3ceb9a75aad00,UK181,2025-05-03 11:37:36.951,2025,5,May,PENDING,False,False,True,3A,d6789f8b10569f0b1c1a0792e158d54a3618262807fed1ccbfe675bedf73d16f,R**************e,8575dab3abef84a51b6157539b9952f1fe5a7cba5cda9889d33d2f276e85d7ec
B1078,b48fae1fbcbcd5a9cf70bb89421239b93e240237c143c30daa9193cfa9486d26,6F077,2025-09-21 11:37:36.951,2025,9,September,CONFIRMED,True,False,False,1B,daeb52205df087feada170916b6244d00107ecd2266e588b7fb4eed40899c9f7,S*******a,cd6c3bfe231cf3862954be227d1c6bdc294aed15f92525c65c92ce46df70807d
B1079,df5b29f2ff7bba8607f3a0e88336de8a46fdaface5e5b3177310f9a192d55512,SJ085,2025-06-03 11:37:36.951,2025,6,June,CONFIRMED,True,False,False,10D,04dd042c1e1ab3ff68ba723e43e89deed7eaac83a5a09a6c50950f1ddfbd6ae6,Y*****r,6644156c0cb7ed3f833d73966c3bb0406cd9ce8bcc223f16bd47ee446da89761
B1080,8debcd3aea9b924582f8e7731f6da70c6bc861464f1273b06eb3bf0c8e627e97,SJ023,2025-06-05 11:37:36.951,2025,6,June,CONFIRMED,True,False,False,22D,ed6b7590cce5d1cf929d7e7a9dc8bf82120f7e9abdcc42f478669c79ef27d4b4,D***********m,e604bae03cb9cd456e862325be5fca7a6048bdb8479631e840d3a96a71b21574
B1081,d645a3f176a42988183d2200a102f0dd10c25011d7269c08a05d7313fb10003d,SJ202,2025-11-13 11:37:36.951,2025,11,November,CANCELLED,False,True,False,29C,fc5693cfa4ecd4c4169ae4146eb4cd50c46d977fcabd6fae936f04cb2c65dd6e,A********e,fe69a23d50d7b6a625556687b0562dec8a5684f453df275ebe37c76e56a0a2f5
B1082,d7828af53487e3e70a2326cfe122d3c6ccb1ec727038aeda38c7093ad8a9cb91,SJ150,2025-09-09 11:37:36.951,2025,9,September,CANCELLED,False,True,False,30A,8d8e07d18c560ccc64998306492c429138dcb592202f3528e8d15e3b0ae49d3e,T**********e,6e6fc8e5eb8a16abbf3a27b11dd83135eff9486c198bb249c5d72f0540fb5b24
B1083,2a07d49e429c2a72609ac309847b8ad89662fe1042b4aad685e80acd098888f2,SJ116,2025-05-12 11:37:36.951,2025,5,May,CANCELLED,False,True,False,9A,7692ebdaa67d0145af8800d55d19e4f5cc7b15fa640536b30e6fd05c6783fcd4,E*************a,12cc04e3cd8949013fe74f8a46a1f78201353480048a7f865c7125fcbbbbad09
B1084,d27c1e98bd8f296f816b5428e2c9730dbf01a9c74b665c79ea5c8f9eb9b85e8d,6F270,2025-06-14 11:37:36.951,2025,6,June,PENDING,False,False,True,16E,a73f4fb59b6adb795facf290c7ed40ee09e7b2e549c3801315fab3501284fe55,V******r,ec57922fcaee81e11d2e41d548eb17278c9a4824b4bfe6d22873612d34c8064b
B1085,f82a60e2bbf27d94e8721e47f2b4b031cfbd46b5601b4b93cbc8e7ce409d28ec,UK150,2026-03-24 11:37:36.951,2026,3,March,PENDING,False,False,True,12A,b5445c25a22ff18266161cffe871f660364a294ff5ad901e15961e3e920a0c8b,A************n,49d5d43a96ca7561481552d0d7d0d55333c2d88ec94a9fcc3a9befd18ac2bacf
B1086,66ff10bdebab942a3691e4b67ccf38b283d06a7e95740612404d27f022adc272,SJ237,2026-02-16 11:37:36.951,2026,2,February,CONFIRMED,True,False,False,5D,353ce93dac98d0e1fe3daea08524868a077864020801fe4fed7b873911e26bcd,E***********y,f08a89191148a4b78240583d6bc4a7339b660e714d7f9741576013d66f5246f7
B1087,88b590eeb171062401b7dc6f8c9cf7a208bfdfe4114377d292879157d2a2a690,AI221,2025-05-08 11:37:36.951,2025,5,May,CANCELLED,False,True,False,2F,b5b24442fce4fc3e4c47c334e5aafda02cad58497dd565ba95194ee25a76de21,W***********k,1b14f1598451c9820fb01a0a612da43eb3cfa3fc7f6545f5cd7e97fbb1750998
B1088,faaaa19b96962364ee624e5faf3049b82315b7e912f8b99b73232fe479505cd1,SJ081,2026-03-25 11:37:36.951,2026,3,March,PENDING,False,False,True,31A,787ca2cc91810d7a593c9a3f8790425f9de3c537a5036212e39ed11d114f0712,V*********a,aa533dc086322f3b48bed339204610cc1cd0f74bc896bc7284a6877bd1b09d0e
B1089,3a1ef3bd6458cdd86d219afc3397bce9c7b12d5dcf92fdbba3fa61a29c57af42,UK189,2025-09-03 11:37:36.951,2025,9,September,CANCELLED,False,True,False,25F,9fe4832e466051710b143e91a6643907017d4554ae77e31fdd4147b57dcad8b0,K***********i,ce7a8e9009ce78babe1098c32c99acbecfe9ebc53fab915dca8f6426334a43e9
B1090,0f1a22c91d0f0def2cbb84dc522ed90ddfad6898003d78b0e5d4ee1c7c8ac1b6,SJ068,2025-05-16 11:37:36.951,2025,5,May,PENDING,False,False,True,31C,7839eaee1278bad25669ee52fa112e4613f33625938f198a2c7e5da28f65288a,X************i,afcb3132ff751ba50a987d783efa8e78d3d8f146f85710729372e1f3468dc765
B1091,a58c687e9ba1fd6992e0c8487ce8a80ec79ef86339a3fbef968c0fc235aa9dd3,6F043,2025-08-18 11:37:36.951,2025,8,August,PENDING,False,False,True,25D,dc742f97ecc693fb1c1711a3f47c48f970b04e254c884f5fc16b4200f8a8ef15,N************a,75b8d05dbdbba28f36bc4497a5057ae707a37d78dc1baa074f45019f66514ff7
B1092,d0cc71254d0d0f29502c4dae62dacdd6712a8b1a3d7c76cd815c0b67e7cb65c3,UK187,2026-03-18 11:37:36.951,2026,3,March,CONFIRMED,True,False,False,16D,eeefb195c43465650e41222d8ec02280cbfa2d906e7b9e21af76d5308ac9485e,G*****************e,c02a2d15c1ca17765d36d24fac0a761e6ec110359de5f7d209da86011952e48f
B1093,a5a552c1a898df14931a32a03de945a5846a4ebb3638c149f05dbd20f97313f4,UK074,2025-05-11 11:37:36.951,2025,5,May,CONFIRMED,True,False,False,25E,c6dfeae13ecd8e6996b85377bb6310f13e68dfd2cf3cb1d3e88fdcd90ba886b1,R************a,c3cd6e3e928c9b779c9524e85fd23d626ce76bdaf715496aaa65dfabef515658
B1094,2d8aa20384aacb9b04827e3c5ebead3d12aecba76827f609ebb69a373619ee49,UK004,2026-01-07 11:37:36.951,2026,1,January,PENDING,False,False,True,24C,95c4cf1c17f97b6f005ab9388c5dbd699c0322a48599e6583859784d51fc5367,P*********y,507b49b2f1c61d83d34da263a1ff4a5f071487631497ac835d4d17d4a0f14686
B1095,e60442d25bc5f693c6cfc0937063c635de3a5baf3a0221977d97fdfdb824e54b,6F194,2025-07-30 11:37:36.951,2025,7,July,CONFIRMED,True,False,False,14B,3780979a5959ac4faa776a59f56c65b366f92e3d05c07fbe37b67c4b3074aa35,U*********t,1360aa096e6b37eb23c4e4e96486b503849b876865d652ccef820208939384f2
B1096,0fc6a280223ac3cfbf175e020aaead49d72588677e24b45170c9a9048aa64035,UK068,2026-01-03 11:37:36.951,2026,1,January,PENDING,False,False,True,12B,b80bb2ec148699cb0a5dc2f100eb3af521e99b0b5b32ceb4a78b26ce3c02df54,G*********t,4cceba41777c665a7e1177d9ddaa847fcd3ba212fb51f0f1ad788566ff5306c3
B1097,ae0406e331f05b6c3cc1862b5e628541a2ba43f543dafe5dcc31a1ea710368e4,6F017,2025-08-26 11:37:36.951,2025,8,August,UNKNOWN,False,False,False,34F,f7e02a56d9f1abe890dbafe442a14b1660fc9b577d164ddf3ba99ce2b77fdffa,N*******i,b1d1f04888f4982167ad14768940370f8d91cc9b297a1a833cc9f12de0b5bbb9
B1098,b0319151afd041aba0c645d06c0f8abea9d2711de08340c91f4602b325080fec,6F245,2025-10-15 11:37:36.951,2025,10,October,UNKNOWN,False,False,False,13D,fb89aebe8aba117049d91464dd47586b549d7d7f03aca0dd4f7b4390eebad7cc,I***********i,74d53b628e2ee9607f7f6c7644c573b4ef27d7b7f1cd500bccb8092d2fb99162
B1099,a2e1a6df1b20d75758869362fdcd51f72b40da14a5f7f80910562c4e736e9993,6F254,2025-12-07 11:37:36.951,2025,12,December,CONFIRMED,True,False,False,26E,693da76722da27aea25f7aba4cebcb0690a886150638ba2eebbab7940d415d0f,R**********a,29d9fc5bb6a6d3010509cdca12330a25a274da2b2f481fd3848218f96792227d
B1100,ddabb59a9826ea31b1ce182b4b327e1e5be2fcb5627388dbe0084a381530843a,UK077,2026-03-05 11:37:36.951,2026,3,March,CONFIRMED,True,False,False,16D,eb419af2876a17e8da966fc8cddd2979c490e492aa67c9e0ce32bb667be34bcc,S********y,d6ca6748649743350f18abf9939f8465e213dbeac16ca997b968ca74aacf2f63
B1101,c754e805cc58c13693de3d6bbaf4ca473b79a20bc39a95d391a14ba226b28c30,AI029,2025-07-19 11:37:36.951,2025,7,July,CONFIRMED,True,False,False,3D,2b318a4903e34f1dc87206c36862559a5b0509e15db3d18b36ffa4e093f535ed,P***********i,da45a947c7de955c901910eb46229f144b8a9660400efc8b15fca23ea9161dec
B1102,8dc928bdd6a7a7903365d77c2b04a4497020886d70a70ea3f8a4d2574e755aee,SJ196,2025-10-06 11:37:36.951,2025,10,October,UNKNOWN,False,False,False,15F,3af30f986bc10fdfa6699726f4217395831090604b2908b3ebff7a84a9e2e1df,A********e,6b987217ceee34261e8758fb646ed1258a25183ef7e787a07413e6ed9dd746d2
B1103,7ff5d504e0d5d5b53c0f96fe7923488af6e78f4e42b77a8240c3ceb9a75aad00,AI242,2025-08-08 11:37:36.951,2025,8,August,CANCELLED,False,True,False,20D,da51ed01fc777418bd54cbd22abb9679cbaefa928a792346da5bbbac7e4c90b2,Z********a,072c4a6e783b2338fbfa664848d04f2096a61b99c341acf419d4eae3b581c0c4
B1104,4cdb726a24e120816f3083c011a185a0d34c978247e769e24001a6b122005f24,AI242,2025-09-12 11:37:36.951,2025,9,September,CANCELLED,False,True,False,16E,c2b4835877d40b7a2f74add8237548e055a054b31dcfee5c65a727f549b8bfa7,S**************i,33b1d1f780769b80e3b152e4584be8519dbde63e0ab23fd7e2aa7cbcd51e4a44
B1105,4941ef25075264b2f3ebe92301dd939fdac2784b71e89a0e36e62efe253e8fae,SJ044,2025-09-11 11:37:36.951,2025,9,September,CONFIRMED,True,False,False,19F,1d3dac43b1594a125129d3589980032e017addb2af0d76cbcdb6970d3cffed4a,C*****************h,c138ca6574e5afa9bb4fc04682c3e0fcbe25db35bef52197035540ca884c74e8
B1106,593ce4cd123b30ba32fad0c71fb333efde01434bb05f23ed38d0fc53ecb5ddaf,UK063,2025-09-01 11:37:36.951,2025,9,September,CONFIRMED,True,False,False,21F,60b7af71e1bbb27bcfa3e329467ab95b4f47075c13b129a2c7f77acdffd970b5,A***************r,4e12410a7ed7a80070f90c1c16b244146d5db937d4eb0a05e3f008283fba4516
B1107,7ff5d504e0d5d5b53c0f96fe7923488af6e78f4e42b77a8240c3ceb9a75aad00,AI056,2025-05-19 11:37:36.951,2025,5,May,CONFIRMED,True,False,False,30F,6a1fb7f1be0bccc719128235c39490c426edc0e75bffc7ccedef555c58ef7fe3,W************n,41452bff6d312995b1fc71503c81ea6acb696c53a8b52442014763def6234fcb
B1108,15258cca169e4b6fac5a723b1441d132e8627640980bf983d4302cc0334534b1,UK207,2025-10-11 11:37:36.951,2025,10,October,CANCELLED,False,True,False,14B,324fbc9c9b6f4a77972f5f7155e1baf03209043f5b91233edb2ad37b8b76c2d4,N*************r,69eaab618ddafba8b81bce4652c33597e2ea526d0f969b8d7d7fe27c0100a8de
B1109,5878c05908f7ccf9727182c3c14470e84de2a2d890aa6a301ecb7dbde8b34ef3,UK166,2025-12-03 11:37:36.951,2025,12,December,CANCELLED,False,True,False,33D,320a00e4dcb1563612c50d8a3682de94cbfb905cbe279cc8f304278ac007eace,V*********a,9a3defcc90fedb870cefe91b14767cecc30e7f5b66418205bb37b8129640356b
B1110,661416e3639271e2df11ef3e62d640bc2f517a6a07132f85f15c230a7a3d9cff,6F261,2025-12-17 11:37:36.951,2025,12,December,PENDING,False,False,True,12B,3f1988a5001b2e1bc8660720ab460f52b397a7dcdd1678cdfd6c28322a2d06c2,N**************a,5e44ab07b9964ff169949d57e5d54b381b3f5d5ce8fe5c6fb4ed0822891ea9ea
B1111,dc8011c04d95da8562c51fdfb92dc4d19e6f865742bc5f706bbb420e4da47fcc,UK134,2025-12-25 11:37:36.951,2025,12,December,CANCELLED,False,True,False,34A,931436b7fc1d5cfffc56146a26515320beb07e248cee82efadb991d9f3a83c5e,N*************n,1e769f08f8988c0c54bec54733ff97fdef00b6c63e218ce9df3569829270f62c
B1112,79bfd5dc59b585de98a96bc123673a45df114171ea2f649f20cdb96008c54d3e,6F152,2025-10-02 11:37:36.951,2025,10,October,PENDING,False,False,True,27A,549b6d9a573b2201670570152d6aaf9917953310122c1fd0f5f1b8136998daae,A*****************n,372d80cbcba762e55fe72dd48ab70b1b0f77029a8af0301efb0e396ba2741274
B1113,7f9551c5b1ad772e43188cea0c2a7b521c53437c938aa9d0dc97c84254f0fe20,SJ089,2025-11-23 11:37:36.951,2025,11,November,CONFIRMED,True,False,False,5A,789f60f2609362220be53b346448ec96e5328b933250c83673c8127d067060f2,A******a,4fea909145d5cbca1199c178b4662e9bc926e80d4b543014c14cbbbad011c34b
B1114,3becf5df47bdff1dce63de3a38197a771e8c19aa38bef135b1a459eec32e1105,6F123,2025-09-26 11:37:36.951,2025,9,September,CANCELLED,False,True,False,2E,8dfedddcce75255575c53951ce274f62d6a5dfb6bba9f99cd1d497dda63f7a54,B*************h,d3e9bdcc33809e4f78edc46b9663d826ffe6179944b10b00be3fd539d0a363a0
B1115,29cf2d89c3589449b2bdfaefe119244ad02151ae58570028b87fba3e1219c6bb,AI025,2025-08-23 11:37:36.951,2025,8,August,CONFIRMED,True,False,False,10A,26050249f05f3f74ae93aecaf8510fd8f754273786b36f388d7b6756c60f32f3,V*********y,b9672ac2bb6bde8c2ae8ca6315128f51ebf4511a39d9378664d6c3c0e2075d2c
B1116,2300988a2e179648451303b5288c8a4e2de25daf44d18e59b0f864cb00f24f4e,6F030,2025-12-05 11:37:36.951,2025,12,December,CONFIRMED,True,False,False,19B,89c9ea9c8f3c9e814c565ec654ca76141debb09154b451792001424a3669062b,R************s,c82efd83e9997617fbf87e4d785c7657df745cc1e49c2844c7b6a3d6518035c8
B1117,f6d76e21aea6b49de13c55f6d86f3cd1e23d2c30760b76b2896ba7bc18ee7707,SJ222,2025-09-02 11:37:36.951,2025,9,September,CONFIRMED,True,False,False,28F,872278f4b558af07da25e8c83ddb0b4f2b5d47e01ea7f86cf70f9e2ca2703e4a,T*************j,424bd82b5bfe5d0c1cf13d1a09f30e8c5ee47225d0e25e00d280e67c186cb0ce
B1118,807002ae2042fbff29e4ab3d8409ae7dd581793a94d252a8fee785cd64d8e024,UK109,2026-04-03 11:37:36.951,2026,4,April,CONFIRMED,True,False,False,34B,fc3df106b0b211795b8d39ff375b53dce925e9080ec53a4af57a0f4d733148b2,D**********y,591e227410af6c8f1e07fe99ba82c4bda5cf99174b6d46810c10b4a8af773997
B1119,9a57d7ee1548ab67caf8771c78d3e18274a374f4171abf9c1204676920d8051c,SJ117,2025-11-25 11:37:36.951,2025,11,November,CANCELLED,False,True,False,21F,11657afab1fb6dc9b513a3f42617d9e039ee25b915dad9f4a6ea448c16c90c2d,D***********i,2d5b4665bd0d64845f89199384323b8954b57f25595dcde901bece5be225e3e3
B1120,3d686e842d77285c197c6e50a56b5426bbb37bfc344fe8b5849ff21cf82dc6c7,SJ142,2025-08-12 11:37:36.951,2025,8,August,CONFIRMED,True,False,False,12D,b84615456a996ebe5853dd99e9bbd2d5efa4e92e9c7b1906800e7687f7414715,V************r,a2eb9aa947a26a941fcf7b6448a41b38378a7f276761ce48f33efb8f3cc239a9
B1121,e7c39412523d8efa559edb6f28acdd154dbe16ba18f8dab0afeea3e4ab42e006,SJ142,2025-06-01 11:37:36.951,2025,6,June,PENDING,False,False,True,17C,d6c9529c06c807cbd2b93128349d63a1ddc1158acaad1ad9e1fc2ff26388e1c7,N************i,2d3f6ee710bcd4426b1538d6608dadbf176113bef2030a7c4be07ddb22f782cf
B1122,c6a585d0daae307ac216d4febb8665d87f55a5e48b317045c1722955ad85e9fd,AI030,2025-05-02 11:37:36.951,2025,5,May,CANCELLED,False,True,False,20B,14b099409634db76e54dd2740662d7fdf53e6ee427db166ef74d444e3fd8d123,Y**********h,bf883372344c056a80656cf2a89d27e66eb017254da21a0ae77d8432a75412d9
B1123,42a4adc12f6a6b629595cdbc85b85f75d0fefab7332ae95ad33ed9b6b9d44402,6F097,2025-09-23 11:37:36.951,2025,9,September,CONFIRMED,True,False,False,8A,84b99269d7259fde4f6cc144fabcc29e82433a2ed4f5ca68aeffb158142f79bb,Q***********s,27eabe6443ecc1e178fcc2359a1ddb4d893e63b4dedc0a7a5099d632ee02eedc
B1124,307ef25359a956e71b2b17949d67638d87854f2a69604f7c7fb24c7c745e0337,6F129,2025-05-23 11:37:36.951,2025,5,May,CANCELLED,False,True,False,5C,789b2151d973ab83196726feb632ac5789d32c504f0fe0cc23d232eee93c006b,E*********r,5b876d9b63a408910e6535fde04259daae6c7f119210cc5ee1365a618e33546a
B1125,0d1b4b4a2c0c15d93af2d65914da489e3b953c3c4619cba1b2ea1109bb9aff73,6F181,2026-01-15 11:37:36.951,2026,1,January,PENDING,False,False,True,27E,a0cab12df09a40743a1fc7ce3ed9fb2a1e34ac04ffe01dd12371d254642e679d,N*******r,548f88bb971de300154a3a148754d61ccbc84c497014ea39d86a07cc53a69004
B1126,c7ccf6a417208a4d93399733f39ed59bee1b97558dd765c7045aa071123b4d68,AI072,2025-10-20 11:37:36.951,2025,10,October,CONFIRMED,True,False,False,10E,1662c7047ff4c2abcd8d6f075904881a62dcd6cfa8bf5029254e7c3dd6832489,Y*********l,39da2224a9bb3dc1fe6e08e7e0d5221074f9af70c2dbd073ecda71a048bedb98
B1127,0569019098c7cf5a8cc47f9221abee18721c6e392b0b09c277db7e11ed6d7e4b,SJ154,2025-06-29 11:37:36.951,2025,6,June,PENDING,False,False,True,2E,e8cfa1e951a826718bed6fba2eb04abaf6f73e9d871a8f955b3b3f2707306a09,F********i,e115e7674aac8412f4402409ecee9fa6520efc3226e78803165f4a7766c4a1ce
B1128,fb8fab599298ca767005a6c1027c660a1c2d3ffd621b3543c2e094475a60f63a,AI031,2026-04-08 11:37:36.951,2026,4,April,CONFIRMED,True,False,False,10D,742f734c2767995416630cc08e1d30bf669cc7e129c65bdc006aadd0a9e78a0e,D******l,ae6e220a6be6f7ad10760d8613ac70845411ad2bee1d966c30f937e2affe123c
B1129,fc778a3b0a051b6a7dbac813a765eb1cbedf5c6b026fedc4f1624235fa41fa83,AI031,2025-09-18 11:37:36.951,2025,9,September,PENDING,False,False,True,26F,c410880c10b4e3fc7564b09a079906272d778905c35de2fea445a7588fb7724f,S************y,726b381b7645685d6ff6bc148dc76ef8a039d42d70e9e0e9136246b12c23082b
B1130,cd95778e61fcb9bcde5bdebaf1a7db91c7f48d554f2f23b84bcef9a11cd46497,6F158,2025-12-26 11:37:36.951,2025,12,December,CONFIRMED,True,False,False,34E,f09c0a93b6e2e17f6d074be07ea4737344d3cc00dc7f0e25cb34d16c37f9e0e4,W***********a,0e32f5d979552e6904fd5a7afaf88bb6ae475d82ed56ccac1ae4a824dcf2250c
B1131,0e699f0e06c390e586417eb020e3a0d80b33e618c62a55599068d510c850b9e3,6F184,2025-06-16 11:37:36.951,2025,6,June,CANCELLED,False,True,False,1C,2b93216a02a743cebeffd49b6bc7e3fea828e5bdd95db47fffa084819d325ef7,M**********p,c09a8065ae25a2c39ec838699ecab864479721874444f5f701a75f2fafbde00d
B1132,c4373c1b39af67a844b4f0fcb9af4efccc01f7d47ee13a02e81537fb003c3306,UK141,2025-06-20 11:37:36.951,2025,6,June,CONFIRMED,True,False,False,10D,706954c03a671001c7fba577294209a25b6c020b641dd8fb2efeaf52e7ba92f4,C*************r,ba46c67b1a3e5ecb819a1afd66ea046a8b122f00fe02737045d62e582c4c8cd3
B1133,066e3f7ad551ebc85b6358a7f4ce340b5ef470aec1821bdc38353d6f5fa81165,6F168,2025-12-29 11:37:36.951,2025,12,December,CANCELLED,False,True,False,23D,d378f468ed0457718dd6adc6ce43a1e1d97ec4e93ffeac715a5c81c61ccee85f,D*******a,e86e629f8cc4276fd179318b162710d1f5f27d5d0e8595efb86d92893ce2a12a
B1134,9585a6fe9fdeb56c2583cf346135f842c524d064c6d136b701ea94cc32f44710,6F051,2025-07-28 11:37:36.951,2025,7,July,CONFIRMED,True,False,False,34C,0a9256c654868404800f4c10c90b883a74f577a5d58aa5cc846c6698fa305cb0,A************r,dd94fcfd82419408c693baddda13c1a1e18739fb20eb180bd2a31e1bb0fd70d5
B1135,904f296ff2139cc87152e21d5022bd0862257705e9e7a7ef44057c6aad3e3953,6F047,2025-12-02 11:37:36.951,2025,12,December,CONFIRMED,True,False,False,20E,19675c77c0ce2ef17d8dbe293f974b9e9878b220f3e00a2dced8a1e7c7cfdccd,H**********h,93d457382616aece96536cdc2ff43879b70eddd76517c755a8f35f6faf6562f4
B1136,63ac4a24e48cfe89f1218e7981373d1f1de2eac52e71435d035341619ce8ab8d,UK156,2025-10-26 11:37:36.951,2025,10,October,PENDING,False,False,True,28E,1a8e2ee9604dd7baf434702843922d7d093a7539b1b628a0986fd311763d1d39,T********r,b611d83a1d9fa3b259c53b92f4e2c128ce169dfb35486b89a3b178980101a46e
B1137,05eea77c075ff7329e9eb383df908cc03d91db1aad14d9e93f0e534a08c2d972,AI094,2025-09-01 11:37:36.951,2025,9,September,PENDING,False,False,True,13E,3ffce22827c5a12c076c6e39d5512e0f37e323e1e3c80526292cb1a9f0db1ed0,A******o,e6fb1cef51b6d7c339e1303cee1d74c44abf84b3db86e1030c1bfe006036d66e
B1138,f5e5a48665b27bc28a31b48c6ff38c2db7804a6ec70eb016e57beb4c196a6c1f,AI038,2025-07-14 11:37:36.951,2025,7,July,PENDING,False,False,True,6C,d55b6e72cb263db97dc387952fd9715fc0d732c4f2ead83eda0eb6de44852f69,I************s,b06d27694be11e46a91a9982678db7c5e18d2fc9a2823739314b759004c957fc
B1139,304f4d73814c7a525c525b9a96053ef9d930c17a0f3b9888f8d7c5242bf8daec,6F255,2026-01-19 11:37:36.951,2026,1,January,CONFIRMED,True,False,False,29F,bbae7556e98aab266b76d0ed93074d60e1157aa75fe7a0be96edcef35e1ad151,Y*********e,4ea2494c8be9bef738a5146181382e5f8ce3ebbcd45129d7453f3f1d957c5122
B1140,bec7829794a0ab001d975cec779937e8d9a7b70e6edf2d2b2cad5a20f10ed2bf,SJ025,2026-01-23 11:37:36.951,2026,1,January,CONFIRMED,True,False,False,29D,f8f7cdc9ecb48ca59a0a47659d7090a4dec094dc8f70ae76792ad3b3c4424b0a,B***********r,e8dd9015ec6c779218eacf90686e0fbb9b28de9391eebebc30b91b5fe5ebde72
B1141,3f99f09b8067da26accb576db3f2755d59455a28748eeec02fdadd515a928c70,SJ185,2025-10-28 11:37:36.951,2025,10,October,CONFIRMED,True,False,False,9C,49d97b1c4c7dc5b601c293d854421aa2372849e9e60dbb3a0ce0f1f085886468,R***********l,7a204d3eec0eaa2858b936290202570bff31f57045883808d840e4385b7bdbcd
B1142,7eaf6cc62251837e276f3b2ba719536902af6aa6480014bb7a13b3f383e6f9d7,6F259,2026-01-21 11:37:36.951,2026,1,January,CANCELLED,False,True,False,5C,fcde0e2b5da25ae6222d8984a093525203d8cb65521060a26d25984d886bba42,A************y,af6bec53e5ce86fbb5403b49c125db1e98423397ac17799970006aa9e8a9e882
B1143,5a9ab6e12ec4e942348d18b895371cf4040979263f639ba05335af4e3c09d3fd,6F073,2026-04-07 11:37:36.951,2026,4,April,CANCELLED,False,True,False,15A,afdc34ca2d557c15ccea4f595211b06ba5aea4227c1c1e58ec171f60eb6cfa15,H**********i,17c5d7a6eb9f3190967f89679c425c2d4a1357445dee8bf79974d3f0c95f226b
B1144,6c78ca347eb017af2b5b06207cb1dbb8974d9429ed43b397a5e91b4af78ada20,AI091,2025-09-26 11:37:36.951,2025,9,September,CONFIRMED,True,False,False,6D,7d87c96db5c0306d4222f2386deb1d02d31a0a7af1921c8ff502f31c8c1153b2,A************a,fd4c0410676bd5a2f1f123f3634a8ade6926ec1329b640694abff3d0d91e689b
B1145,6db11620a17d5f39a6f4f347ad59e54eab82425e10237ae79bae9fc7f0c73224,6F191,2025-08-23 11:37:36.951,2025,8,August,PENDING,False,False,True,15D,c42e261739311d312793d72db4aa9e2c888f3e72fe587c2ebd50382d863bfbf3,H************l,e9c57bb8ed1e7ff5fb52d5861d80fd122f945277e1e5ead62b3a9af45e09b02f
B1146,02ea7959f1cef0cf60aa1b07edf10b7c4499f2c2b318683470b865f437352fc0,UK228,2025-08-30 11:37:36.951,2025,8,August,PENDING,False,False,True,25A,b7639e905434a697b08b0dd3937856bc2dedf1b077c32ff2c5756668827f5581,A*********a,489514605d56866c2956e7c831750b76c65b7c18c53a7226b7ba0385e1dd5fe9
B1147,d53bf95834e2706661adf58091b3c62dd790be99457254b9d928c721b1549304,6F146,2026-03-25 11:37:36.951,2026,3,March,PENDING,False,False,True,11E,50a1a04ea43fe448fc8c2fc25bcbe1574063ef166b710e7c5c9f040538b4b599,S**********a,68e2c67d0681ff726e483cbc426cbca4c2f085fb503062786566645268a66db0
B1148,da273dc1a032c58510a0f5c40b7fb445a2c5d7764c0948ba9af184c805cbed4f,6F068,2025-10-13 11:37:36.951,2025,10,October,CONFIRMED,True,False,False,19A,1824f7428d639b2813364e445436dedd9fcdae36a4f4b6236a9b5ecb9bd67f37,S*********a,a00aa7ee6d5b7a02ad87220f6aee4edefd5264ece684c9f31ec142eb8704ad16
B1149,5c36f970d3364a3817dc5302d76c0b162dc93001f9c4ad8994b7995b4db046aa,SJ218,2026-01-08 11:37:36.951,2026,1,January,PENDING,False,False,True,30F,1070d881d49cf2af367820fdfc0a701fef3825e11cf40852b0c33931378f52c2,Y*************h,7537ee52503a844c3dfcbd4e3cc856f19bcc8504fbe0f84816c58a807901a820
B1150,664e6259d692132aaef87baf236f845816865482d3f2a11793222f291385e249,UK083,2025-09-25 11:37:36.951,2025,9,September,CONFIRMED,True,False,False,12A,3b18d93f584be98b315591447e52842cbc96bb65475165c52d60b73be5f4a453,Z********l,9bb7e7574654fa448953a935cffdd90bfc39c79fcff6eb048c65c0704784ea93
B1151,66f71a9732d47fbfc6639c3ffda1c4660aca8ce048f535c2c8b1cade97bbfcb5,SJ007,2026-01-18 11:37:36.951,2026,1,January,CANCELLED,False,True,False,29B,14689b785bc985f0532befadaee10d858e5f410759b91bc61f46bb4a80bec0c6,G************h,65b92cd8753809ffe60a4079da2739349c7f8d46cd5efb3ca4efac1d17dbce62
B1152,61d0f276b7160f04f92ce7d852f04296612a23d85e104124985a1e3f1afb6a25,AI077,2025-08-14 11:37:36.951,2025,8,August,PENDING,False,False,True,27A,9fbb2208f976683265b49c7e742f5ce3043bdb2b93f6f711ca080266af97058a,A***********u,36b9b82ce8c932527dadd8b5ca9c7ed313934d126444021f16e778ed40d5f0a7
B1153,b4af8df90f7c139522006c2df3055f56b5449990959736ecce2b7f2f0b9f52cb,UK017,2025-12-20 11:37:36.951,2025,12,December,CANCELLED,False,True,False,8D,27fa8ad298e54db4d32b9a720396c0a605dafc7c85cb1df36c2cb9e571b585f6,A*********h,cf4c698462c62890edb08d86dfdf76282c3437e8247b9ee5d9086f6ddc5dd042
B1154,0a7fd94c6462ec540a915ec379638303b93d6dfc232cab50baaa2fd78eab14ee,6F229,2026-02-17 11:37:36.951,2026,2,February,PENDING,False,False,True,24A,3c315599a219a4238a63f57f70ce0ecc1e3a2837a9b094479575876402c7e0b3,K*********a,28a3aee190495fa64951b66f7d9a51131fbcef71c2c5aabb7e60b211922ae792
B1155,88f7f4237aee189269417ac81c4f97a2e3ac25262ca5a762f39b765660e4cc46,6F074,2025-10-08 11:37:36.951,2025,10,October,CONFIRMED,True,False,False,6D,ab2ce452d61eed454d17f351dd066f2e8fd87705bdc14dfabd92740f770007c6,N********e,6f8826023c09ccaf823aa7e25885513bfc931b30a022302def2f1b52487bd72b
B1156,79ad6f8cc65209e03d6bd64d676dd8c72064c7617d7c902e0df69b282fd0e97b,SJ088,2026-03-25 11:37:36.951,2026,3,March,CONFIRMED,True,False,False,5E,18105491da73b71e3b58f9eef13af92656c66ab882b94c03f3d265591c4ee9f4,P**********a,2119b6f1283099fbe6e83bc5eeced0c85e044bb138ef5e67c887dc52b79b637e
B1157,299bf2b46c2d2014c31c4e663242cf1252c7b080d88cce3b4a92f83b74d0b156,SJ167,2025-06-28 11:37:36.951,2025,6,June,CONFIRMED,True,False,False,18B,d05f1dac37acdbb5bbbba2a6f923cb43bb571849a5acd831ac9765f96726fee7,I*********a,f022539c5dbe26667047372630bd24690d6d2de0d1b3d1ee57e5ddd1f53900c6
B1158,070c4bb71150965a2eb0e9679d4faa62494d101fb20b461e34dcec7b51ea5414,6F234,2025-07-20 11:37:36.951,2025,7,July,CONFIRMED,True,False,False,22A,02e620d5c290a3973a601298568b6fac9d0b54195fa66d36239fbe832769df0e,M***********k,0f1202e0bc6bf2bb161c91b62d0ddaa1a07a71250ddff4e0188ec0edbb727365
B1159,8d7eeb17523b13f7485456164878aa94f6890cdd512f8fbac513f41b96df7037,UK071,2025-12-10 11:37:36.951,2025,12,December,PENDING,False,False,True,22F,37f83968179dbd01c8c89f7be02004ad23b8f340c09cb6db33eebf02ff651f20,K********n,12bca88f440ad7a40e983d4c24426bef2a7e0d210ef3430aadf535f151fe988b
B1160,841d6ff4bf515c14ff1194d854071d819eefe7528f5a4bee5df999ccd6cb44e6,AI178,2025-11-21 11:37:36.951,2025,11,November,CANCELLED,False,True,False,29A,f60d6ae35bcbee280b4cff2229c6adce3485684bfb6e4c0c24199828eedf76de,Q*********a,b9ee2148b1abde108d81f750481d53c52c86fcbd936f70c181f778e7f4e12c8b
B1161,0bca6c5dd27f6abc1b172f53c4a98961b47e5e3518cffe6d4b9c53693deb5008,UK104,2025-11-14 11:37:36.951,2025,11,November,CONFIRMED,True,False,False,12A,704cb660916331780a62ebf82fb4b42443fb7a7e9f58766f5a2701b26882e382,B************r,64bdcaa685e64726303de864abd15c16534a7f723521221a1cac7b8a71385e23
B1162,8fe4a9cee575ed16d908c362cb41ce216bda4d23211d948dbf7c837197a1dc9d,AI146,2025-04-22 11:37:36.951,2025,4,April,UNKNOWN,False,False,False,32D,7614e3e997090be59e36a917966f25b688fe14b638671237f36ed217ce8fc864,J*********l,86fa2d94cceda5ff2650b987f92a53e1d20f82899002c9dabbf042a62b79094d
B1163,901331ea90015d4bc0291766f4f107a0d34cb5ed3825fec0e3dbd03717fde73a,SJ235,2025-11-10 11:37:36.951,2025,11,November,CANCELLED,False,True,False,13D,c4d3ee9b910c5e48e3a17c0f495f1eeadb7925899a36633b28b7b65a63621a11,I*********e,31ebc6678504b17c2defaa05618db3209c35225bb0fa2e1c6c0ace2fcc405461
B1164,031a60e86398d41d18e79ffcedc168a3e137eec8e808ff3a26712c897d0c854a,6F209,2025-04-24 11:37:36.951,2025,4,April,CONFIRMED,True,False,False,24A,fbd36eb2eaea50ed0e5863fca6b487802ade1eb478dd9919c77eed3a3c758223,Z**********n,d24b8a9e704c65d232c094a2a53f78033f34614a6e998f4d0c6da4d6c3086572
B1165,d4b256a73ebbf0e5b9719293cd5872b7a42284f944c914c2bd3b5a53a3ea41fd,AI129,2025-08-20 11:37:36.951,2025,8,August,CANCELLED,False,True,False,2F,7e1e2b1f17b8b4b57068ef1c98c58d068086b448c2fd9d1e8280472a6f331730,I******y,d8fcc55904b7ef7677ffa98f4319fb301eea9efe635a538cbb4a8a2923121c9e
B1166,579c05dbb5c7c7fac1b3b612ec1481807fecb721127aaf95214a8afa6555856b,SJ141,2026-01-23 11:37:36.951,2026,1,January,CONFIRMED,True,False,False,34D,afd59be446e44c9a4e522bfbaaa8d523bab389aa0059e280f1820d599fa3eeb0,M*************a,760f7538357800acb21f7c00a102bba509b03df7b4de9dd7ae85270caf51c1a8
B1167,593ce4cd123b30ba32fad0c71fb333efde01434bb05f23ed38d0fc53ecb5ddaf,SJ018,2026-02-02 11:37:36.951,2026,2,February,CANCELLED,False,True,False,9F,25c9918012ccad8a3386a7166e4e66401571fae8ff949e2322ce8b2e090a195a,N***********l,d98589e15d1b8f77e46335a788a468bd87a964cdd1b3f4b64dc79e45174d975d
B1168,ee3da88980fa26dbadf8dc499b411a800bfc6c8773ee8629c6e2cf19ae2a84bc,UK120,2025-10-14 11:37:36.951,2025,10,October,CANCELLED,False,True,False,11C,b2a4552d3e133305abe236cc941605a71e3705ac6264183724fd14221a09efeb,N***********i,bb1836d57d6348ed37c074b3c03b9f0c8214df36404d02300d99ffbb2b473b74
B1169,95edae0cf7e42aad8885909c537182f636aeabc79386efbbfd48ab71b16f1d99,AI078,2025-11-15 11:37:36.951,2025,11,November,CONFIRMED,True,False,False,11E,ed1edafa73bc76f891088b2d9e70ddda8ce18a10c69c4c5a1b0892c6084d1a24,P***************n,2ab8c2b102218c5ef716c6de7f57a54a0b1ea27d7e2a50c2c87cb4377b3e043a
B1170,e28d79bc75f4ce24f9fb6af4dace2150680aaaaebf60bd778f49c587840f3e9a,AI079,2025-09-14 11:37:36.951,2025,9,September,PENDING,False,False,True,15E,b89fef1bedb516d1e80082fd5e7ed0797e74168ed7a3341750db3498b4637b4e,N***********i,b70217172f9d8d397dec488d44a59a2eac3b92ff8a3836eb6996820c5f95694d
B1171,5e19490d12047195ffdd39cb92fc81aba599130df8ef5debe7f3e5c2245c27c7,UK087,2025-09-19 11:37:36.951,2025,9,September,CANCELLED,False,True,False,21A,5587d350cca62364308403b46323688c7ff3a9051b2c90c1f4a05acab620d65f,A*********a,92600e5843b7a6b64d77e33fb7a2c75501203b9ddf99a3cc4f5ba4c040326b54
B1172,d4ccbfadbe630f46c135d0d8702ba98455bd03cd6293144ab3c60b8ada5cc378,UK133,2026-01-17 11:37:36.951,2026,1,January,CONFIRMED,True,False,False,8F,c4cd72969b5315c5d119557109775cc6fbd411dc34a29bda0f7174e981fe2ed3,H*********a,46d66b2036b519a8917c1fc85453a5cc768bd70b8e2255d58ba42dcd683bc532
B1173,3f6a683ad204b51fc2e60f68bb5a7c0b55a743193570ca253ca7ddb9756d5c25,AI222,2025-06-01 11:37:36.951,2025,6,June,CANCELLED,False,True,False,22E,2826a2e130e92edeb0bf8b4e98da6c75b987e022b74e670c5fae9d5affaf3044,B************l,f548d5152d8122cf46a403078581648d4ce8b182ba4e0164d242d084905af709
B1174,977c3154ed97450c76e731cfa64c1b4071ddd7001d11e16f6425026abd815d64,6F049,2026-04-12 11:37:36.951,2026,4,April,CANCELLED,False,True,False,19D,29e92ad39b5d6a5cf51948e1b57fe41074ecc0d65935624f7105e39f154db768,T*************r,ed5a73146a7ffc9d9c8e0781893e8fd055d453502d60e03eaab0f12c47037537
B1175,f1e921ffaf861ea372dd545d469e4e291357c01134a401015942fe6a92883e31,6F105,2026-01-29 11:37:36.951,2026,1,January,PENDING,False,False,True,27D,466c0cb9c65667489de2ed27cbfad00f77dcca37315db91e7d1797018c8015d3,T***********a,9af59edfe642afb61a9af7c9abddf27bc4e0a10cc8780b38d9642e8cc0c22a46
B1176,09f49ca188dacbc0b7b44c0ec60a2c27b3010f6f769e36ca268f15943025cbad,SJ226,2025-04-17 11:37:36.951,2025,4,April,CANCELLED,False,True,False,7C,25b0176f8e2de949f4e17ebf1bbe2e6e1c61da8fe1212e880fa6a46da33e72ad,D*********i,476204425944478959c7f8141e03e876e58d09bdeb0a0505f6d7eb7e0fea18bc
B1177,8debcd3aea9b924582f8e7731f6da70c6bc861464f1273b06eb3bf0c8e627e97,SJ227,2025-07-29 11:37:36.951,2025,7,July,CANCELLED,False,True,False,34D,1faa946c34da555ba823e261f3cba33578d947a9f17e966ef0889e3cbbdf8c89,U*********a,7130cb277a3a36368e9e6ddfce0d09c91ae0e5059a0bb6ecc242c5da49a74570
B1178,ea2b1af5291e12c0c2611bb064e78be7b194642f34f2e9ff47c1ae8e4c81c7bc,6F034,2026-02-05 11:37:36.951,2026,2,February,CONFIRMED,True,False,False,34E,0e2f11d40ecb3e76d3a30cb8174630196db9fa74b29d965c3c8ef71b6e435a70,R*************i,a289d6cb6563c44b58b5820cf731c471953249a65d4cff4124801f6d25673077
B1179,0edb4edcab53e7bd142d39aa994876b6bcbf46d9c86bce8f32c853a845f14602,SJ078,2025-10-03 11:37:36.951,2025,10,October,CONFIRMED,True,False,False,33D,70e7a5fb17d65d4fb88119cc1c6da0833d2cb160b6b1e78bda5c91285567fd66,F*************k,08dbc1b688f76ce8539a2aa964e6a0e8ecfcbc6a934f40fb5e8b12da22c9455d
B1180,745580e3e72a6d677b2701237c5fa67d1f5021ffee40ff003262efd750cb6349,AI240,2026-04-10 11:37:36.951,2026,4,April,PENDING,False,False,True,22F,a64c6645c82fe4ffc23ec6ea7c130e8367d6bd70ecd25f18b56ece385196170e,E************k,284a451c7b30bd5fba65897d3e478df0c10ba37f7c7fe10cec05e9d9ab1abb22
B1181,9c98c8b1d89a4e55dce19251248a5b5625dd74a91c54075de00a12a03d978233,SJ002,2026-03-29 11:37:36.951,2026,3,March,CANCELLED,False,True,False,12E,77e39000ffec842565748bc0508ebb84d541dc0722f76377dd6bde1b643994db,I*************y,8f179b0448a32c788b8271af13b7c6f35a1146c074742e99d853f41946ba117a
B1182,8327c2ee1689aa6dc970de7411a1fbd55b93f654d304f70be74eabe49621e002,AI044,2025-08-11 11:37:36.951,2025,8,August,CANCELLED,False,True,False,3A,4b02215cb1568771014a68abffbcd6ec51fe62d69e4298f13f6527b168e8faa6,M**********v,d5a7fd96e8b4346ec07338b4c5537b70cebba524dbd9f66db65218d8f5721fcd
B1183,d871d6c1b0f4950d7432ed3b0be98732dd480e982ae01be6db6934de4e5f7012,UK076,2025-06-22 11:37:36.951,2025,6,June,CANCELLED,False,True,False,8C,86829e1ac6a1acf36d7da0fd603c944f246c12f0f24d15eff3f3fe36cfd572f4,G*********a,2335d32c8fe879a44751350456213c1807dc4f8e5878fdfccaf874f25116c097
B1184,696200fd839848b14ea262f6d11b23f059a1f0a6d4d9a7e2ff44462bd08d35b5,6F232,2025-08-01 11:37:36.951,2025,8,August,PENDING,False,False,True,28E,62190f4d1de67f08bf3ff0998afd6f4621df5a0e70262d6aafac5cd78318e105,J******l,c3c7077136b3cddfc9d5d02427796198fd25bbd629692cae4ae135b9e901ba6f
B1185,7e8681b0b5dcad0de38066ad7b0a7c2be54c6d39727b1b40a94c03a56faa1c3e,SJ228,2025-08-16 11:37:36.951,2025,8,August,CANCELLED,False,True,False,25E,287a4af8dd539be3c956e8e81df69800906e485061ff034901f29aaacc2faaec,P**********a,66f3670c57466e0a36017e2d8a18243b1b8796326c6be6b05ac7a25e879f3dfe
B1186,8d8f20ae93511da1fc31c3431fca0b705933fa3f85fc69c991b41ea56371139b,SJ074,2026-04-04 11:37:36.951,2026,4,April,CONFIRMED,True,False,False,1B,d05484ef6ee594fd089629328a74779f1792600441d472b34cb8c2c77ce1debe,B***********a,eaead82b4546e6f23bed6879f19472a72b76ae924dcde7edeec48da919ae4f40
B1187,54a5a8bf692038b5094da0eaf787b6f064af2ca56dd6c67c7bece857b05866c4,UK229,2025-08-04 11:37:36.951,2025,8,August,PENDING,False,False,True,7F,e41475699a6d3c201ad9db963898e75e8fbd8213261b8c894406d9c6e94c7e78,R*******i,6b4a3f3b6d19f867aa2e0ddbd6e6caa351ececd079858d1feb4287257b92155f
B1188,e34896f79a0e0759380ec16c206f581d69ced88424a2c7256da86cdf0e0a46dc,AI208,2026-04-04 11:37:36.951,2026,4,April,CONFIRMED,True,False,False,6A,7a099f39ae7927f371494f99bfb4b5fcb2bf45de0b3224616ecb26e74db6675a,D*********n,6a64067503e7dfa321d2026fae9a6b31d8704a07e43edc206a412f732b078716
B1189,841d6ff4bf515c14ff1194d854071d819eefe7528f5a4bee5df999ccd6cb44e6,AI019,2025-11-23 11:37:36.951,2025,11,November,CONFIRMED,True,False,False,14F,1e0b58e9054391e824729c00bd9a72ed93c6016a23b0072fbd154e99ee2f65a2,Y**********a,ca6e315e1dc5ebb77d73f10f0d6116b4481ef8fb4bc6e6faa871e97d8cedfed6
B1190,ea46dd84b5852d6a0786d10cb63d4356a3d58f11549b85d6843e902052304a85,6F029,2025-05-23 11:37:36.951,2025,5,May,PENDING,False,False,True,12B,fb4608a3ca51111db2f3dcfb274b8330443f1146ecbc7da52f6b4eea2896fb78,L*********a,fd99f686dfb454a47e2a236e42cf0a858661918aaefab346b74a8752b01f2896
B1191,24cc460298985b5aee0c677b130089b61b88652596bf3938bcd37a68cedc582f,6F018,2025-04-27 11:37:36.951,2025,4,April,CONFIRMED,True,False,False,25B,667823d76db39ff394497f42abbbda47df86d5f594f022706be101b6cda79e54,A*********u,819fa6d71cbdda6bdd6bcc3235e4cdc0e1e4ed2789433dd88018e4f0a234bca6
B1192,63fe68f9c14d380c2f19c9c816ddda65f85fade6e22e9cea4ceddc45edabf834,AI059,2025-06-23 11:37:36.951,2025,6,June,CANCELLED,False,True,False,7D,6fc5ff2593b645cd9d045c7fc5f7d08cab180cd780a34ee4b0520d666f14cd9c,R************l,f06574ce727165c528308b024de07430a274570abcb0fe54e99d3b62010429ff
B1193,54a5a8bf692038b5094da0eaf787b6f064af2ca56dd6c67c7bece857b05866c4,AI159,2025-05-22 11:37:36.951,2025,5,May,PENDING,False,False,True,13D,afa5b00ae8c19c0b068862b335350ef61024325ff0b31108358e43d01852aa0b,Z************n,b6dfc64dc99d9b9bc2be661c8a5be22a30c3d5ec1ddd54a9e8f24d08a6fe912f
B1194,71fc9efcf34b34c06caf917fe6fa53b81133b60a7a7c7779e94702f1341eae8b,6F091,2025-07-11 11:37:36.951,2025,7,July,CONFIRMED,True,False,False,14F,21772342d60b2d2012e4b6962542c080e1ca1487037d6b8239896ed6cb6b76c3,R**********a,99443d2585da874031c19ffd4e2987dbd9df2ab9466fc07eb7ada7862d3831c3
B1195,7cc494ed01333ca3c7ab0eff63086589b5a996ac86ecc321bc389393be71b5da,6F084,2025-07-20 11:37:36.951,2025,7,July,CANCELLED,False,True,False,10B,7a5de755198c824b76ea8202754ee9c71c41497cb1622c9709856ffcc2c531e9,R***********e,76b35cf527c0dd205bb12c0765eff44729da2b3d71ae77addf10daf25893c963
B1196,409613d90acdde04e00e7085d199b79fc56a98709ed151209739343a85df32a2,UK170,2026-01-15 11:37:36.951,2026,1,January,CANCELLED,False,True,False,20C,410a1643c227b32811dc1f1054358bb88c2f6a08f88628e7abb23199a9c11964,G**********y,c4110ec41fba2f938c815ef613cb66d1f0b69b86930648fe4fa74ac71287e66a
B1197,30e4512135119c357868dcfa2a810326ae9f8f4c74a43016116bf2ba33458b3a,UK212,2025-05-19 11:37:36.951,2025,5,May,CONFIRMED,True,False,False,2E,b4308a23ef27362101f51341aeca9c05d744a1b4da95a3b8c228ec1a5108bb39,J********l,cfe58be43974e7976aebc044a8ad4572784cd8d0b1ab565c37fac3fc38ca2d1f
B1198,86d87cbac905451cd1cf943b93648d0f6b147644f646a978feb82bf0245d63b5,SJ022,2025-06-16 11:37:36.951,2025,6,June,UNKNOWN,False,False,False,29A,e443111bff25ce9e1730151bb67a108c4270ef5a155aa4970a4253ed7c3ef7be,Y**********e,110b1058cf4e84d322c37d74878aa1a9ebfc57c81a0cc4c2c686fc9349854412
B1199,9c98c8b1d89a4e55dce19251248a5b5625dd74a91c54075de00a12a03d978233,SJ075,2025-12-13 11:37:36.951,2025,12,December,PENDING,False,False,True,30E,e44d23e29f0e31c6ae6853ad5afc49a40854067ae095e5b2893409474990366b,N***********n,041ea4b4cc22ff126f43b1f101fc829cb0ab741f32107fed6c03ae01b1fd7a7b
B1200,44f4c40b2d4180be174e74764b2fa93a31e9acf2f95cffd3d99e341557a6e008,UK177,2025-09-17 11:37:36.951,2025,9,September,CONFIRMED,True,False,False,16B,d5b06c9879e936525d55e9d22dd1e877f5ae1cd005dce516184b8a85d1cf10b3,N***********t,899b4099c577536951b62e92684af50c78758f618f811d513e2011334cc3ebac
B1201,4106a53da67785e5d50e3c3b7495c032f8b5ea65429f48c6ac715ffb1db71025,UK206,2026-02-01 11:37:36.951,2026,2,February,CANCELLED,False,True,False,3A,3e29f2cb2f8234e9a7756ff746a2123fb275da166d8c30cd10af66676551361e,J**********a,b250b0d3ec11551ccf07ef4603d961c92da2be4dc0d5dbab164cea63a046874b
B1202,0569abad026a1d117a57bdb86a2d539284d7be656b90a55283f053dc06bf3ea6,UK079,2025-04-29 11:37:36.951,2025,4,April,CANCELLED,False,True,False,29C,69fda9e79160beb599b6b5c9715e63fe520f6ee51068c37a6a40169c60e40e31,O***********n,95051ac70465cb8c83c56ff5cc894fbcc09c1deec27b1157270e273c3a470d38
B1203,b56dbde0e0be2b561f40b96027c685159781a84b10adca21d650d985af9ada1e,UK040,2025-06-21 11:37:36.951,2025,6,June,CONFIRMED,True,False,False,3B,0a16a9bbb8a5b9ee36598ca89c4cd865d579b853dcfdd46a5bee787bf3b038ed,O********a,1f0d7dde3a7dae23d1a46406c71796f35d656fd9f757eb4abc7c6e77dae4daa4
B1204,1881045f69a737bc4f4dd7840b4f9f5b006fbbf3f4b5a605a3c66ddfbdff5ff0,AI034,2025-07-25 11:37:36.951,2025,7,July,CONFIRMED,True,False,False,30A,814d6c12e4912cffb6a2df504af504a16c6f9de1434f921402e798e7b56717ff,N***********a,76ba3a917ff1a8c9a4527f565130848bfae3789b91fef9cabf02139fabef5ab1
B1205,43162d4ec9ebb8ca231a1237815ccd5f56ac1f07f4f470abc2f47b5de6c05c29,UK034,2025-10-18 11:37:36.951,2025,10,October,CONFIRMED,True,False,False,23F,ee04af9da49bffa256b08ef986c1d0b2af336bd8323613a185905965f9b898c7,D***********t,1e6b9c8ff35f095c5a76a60d5af3b7731f99581e6c564be264468f1097ad496e
B1206,bba5061a33d739cfdd3a5b55460a8173c8fd1952f3d64c8d0fa79c15cea4a34a,AI088,2025-07-02 11:37:36.951,2025,7,July,CONFIRMED,True,False,False,13A,92b485c38fbce3d1a40af3b43d935b3b727791be8875f8e28cacc868d0aad180,S***********i,714a506af804abcdcd3cce58a1b66f6ae5f1db5e8c5686ba1c85a890ef61c909
B1207,7eaf6cc62251837e276f3b2ba719536902af6aa6480014bb7a13b3f383e6f9d7,AI128,2025-06-11 11:37:36.951,2025,6,June,PENDING,False,False,True,26A,469b6ab25310994bf9eb7db6513f5f6d565bddd4dd41830fa75da066a1966a5c,E***********f,adbd5e675ea4997b647ec7ccb7de6e145440fe2fc7180670d5be8363eaa8f484
B1208,92eb1a7f77b6b0b1587404e822cb87abcada05c31c4923f5f5cb4cc9bdeeff95,SJ052,2025-07-22 11:37:36.951,2025,7,July,UNKNOWN,False,False,False,9A,95582300eb4865acd045e42dcbb693cc823d40303b6cd1c0a55f441b75b79acd,R********e,f8d05f2aca838941f88dc0dd2f78c9af2badcfdb6a689fc5468f04a832a03048
B1209,fe806d818988e5ee16e1ac60627b5143451ad44b0c85d58468127ae1e68255ea,AI233,2025-12-15 11:37:36.951,2025,12,December,PENDING,False,False,True,3A,d4b8065ae6c579acd7c338d72e51095dd9715a3f625eb019d57072ac1e28a3e1,T**********a,09a0990923bf3c4f406da2841fde5f5f952635ea9f102529291d3c8add15bea2
B1210,f0316f28ef6214df53c678ecde337e63f431b074b6cbf48b8fc4df3a0b16bef7,AI012,2026-01-20 11:37:36.951,2026,1,January,PENDING,False,False,True,3C,4c431f72d5d04d2f7eb54b9bcfd055d7a838af448282727ad5f98a15a7bf9bd8,U**********a,a0edbbb3dfcebd418243380c4139597f8e39c6222f4c6c6075716502694f39da
B1211,9c90f9d7d09cf46dbd5bc724a796b3ce1fd1c65d9a531c50bfe36465f539c681,AI084,2025-07-07 11:37:36.951,2025,7,July,CONFIRMED,True,False,False,34A,023ae20162c2f3178bd4afd815c1f6538d442639481ec353e661efa23d9a8066,F**********r,cda8308f4f516b2c2f9d4325dc6cb811f441a95f95f0197a35a1d0efbfa0ba76
B1212,611287edff2d9e602fc6312c5850f6c8c7f4718408f7c4e4adbda51ff8cefd15,6F126,2025-07-08 11:37:36.951,2025,7,July,PENDING,False,False,True,34B,3af066e17c571ac5b0bfece9ea56058e0524ed72ad0ba644da1b790c696e6716,Y**********k,5d5f312f016a94fd25e9d90ea5f569ca74a8b57a95f70fb97e6edb31b0dfd42c
B1213,d1406331ab9ef39ab2b3392b85933c1dab382970373f5b7ce9dbef3bf9b912b5,SJ061,2025-06-16 11:37:36.951,2025,6,June,CONFIRMED,True,False,False,2E,6de19bcd15edd069bf30647a26e17387ce2b95d756451c3a86d97c0f59593e54,G********r,e6245d6b196e2dee5525ce21b0660b71391557976ec71e5ba67cb757bbcaa671
B1214,d4b256a73ebbf0e5b9719293cd5872b7a42284f944c914c2bd3b5a53a3ea41fd,UK194,2025-08-14 11:37:36.951,2025,8,August,UNKNOWN,False,False,False,23B,c88d65fea3680e5f9d1f71ed7ed3d9f186af7c4cfedadf768ea8c93a57f2c25f,D********r,ef2803cccc07a6c5aad2fc3c332d429aad19f8157a32555c8615cda7677f88ac
B1215,7ae8dcbe94a54464daf80d37c16be7d84c37baabdd578d32e2202f1827705d86,AI135,2025-08-08 11:37:36.951,2025,8,August,CANCELLED,False,True,False,28C,a4ccb4cebf51d991d78c8cf77077e243f5155e04690a07d20d8b8b3c6c1d09ae,R********n,25fbf30d738623bd31ba873dcc60ca0667f3e1469252eb1de8091135320e8dea
B1216,29cf2d89c3589449b2bdfaefe119244ad02151ae58570028b87fba3e1219c6bb,6F238,2025-12-09 11:37:36.951,2025,12,December,CONFIRMED,True,False,False,10A,9e7c2e3450410e8a398b07b4ab3cd22eb4a90d3c7f309250034def2619afce0d,A*********a,5bc78348cffa7e53cd75188fb7ef93c70e73b20416a287f372f8ec49a7b5965f
B1217,08cb2d3a1162156fae3f8de8547a4392bc4947f04eba00d88607c9bff433f76a,6F092,2026-03-19 11:37:36.951,2026,3,March,CANCELLED,False,True,False,32C,6dc3d57d8ab76aa9d73c5f9badbce0d740d7308ab94ec1c650c31d41547f0b33,Y********n,cfeaf263a90eab589c474fbd6284af1063d3a943918e2aeafbb7560bf763e196
B1218,2a54a8854f5f160840e5f70ad0ffcc10b125a105d49e24f2672c01b0d9d5762d,AI213,2025-11-13 11:37:36.951,2025,11,November,PENDING,False,False,True,2D,f1b8efb28ccf874abcceafa0c060b1597785842c7a2da8e94f1b35b149a1da81,E*********h,abd820607b678c1b096ff27d83a481b0528e7512ba9cb53bad959a0081ff57ed
B1219,148b9ad00dca1b3d2358919e159c35911bb7a83968adaf8e861d72e83045df0a,UK193,2026-02-15 11:37:36.951,2026,2,February,CANCELLED,False,True,False,1B,e6f7c7df80fc633fa4ac30338eff62f929800f2643569257433955042331a89f,O*********r,3d69fc16485c4f3d7ae4a6ace25aa85ecdc237114dd3ea5a516e16b9c7c32d02
B1220,46c37b0969c071f44e483ad1af7011824bd31169e039a3e20ccbe748eabec60e,6F178,2026-04-04 11:37:36.951,2026,4,April,PENDING,False,False,True,29C,2a111245db330168e7329b3680eda2702026242b1d14da346a34b2292688f555,L**********r,a2dd0f5ed4339244f7537e8f3c1036191632606d3b1d952ca5a0d827c439b7de
B1221,89fef259b03bd24a0b841cd92ec8accc906ac07ab48804c073e5facfc880bcc5,AI158,2026-03-06 11:37:36.951,2026,3,March,CONFIRMED,True,False,False,19D,43dd69fe388e42171af5ac09ef66076abd3c2e1cad609508618bc88ed4902104,M**********i,e3a61685cdd97b653f276b2d18d11ce4824ded24f43b7dd7e60ad474adad5a07
B1222,1fa22c4b51a16d10c3645a0087accdad2fed9ce11f93fed4665b2a953dcaa50c,UK208,2026-03-30 11:37:36.951,2026,3,March,PENDING,False,False,True,8A,b36b5e62db340ae2441a54ace93d3fb457e313ef26b5f4f1db594ea6912ab2cd,M**************a,f082a65d3df6eacd1d26f396ebd130a026f497a0309c3e9d259bb41ea6c1cfff
B1223,b63f0c822b6e830ae9c355c7894d5c011f41efd0b6667b3a0d2cf9230d8bea10,6F056,2026-04-09 11:37:36.951,2026,4,April,UNKNOWN,False,False,False,15A,102bf3cf727cb98767a5fd7b0a2795fb68b856bfe71a490945a40be3d72f0134,H*************l,7bcfbc12a73ffbb9286286ee828180e9fe499707a0008da367a6f9f6b782940a
B1224,664e6259d692132aaef87baf236f845816865482d3f2a11793222f291385e249,UK185,2025-10-26 11:37:36.951,2025,10,October,CONFIRMED,True,False,False,1E,52bb409870cf2f6bd7eeab38acdd21f5ba9684edbf010194a59e84f28bc5802d,T***********a,c8e3f88bb91e68437d3a365df9462d154442a5ebaf4f1f478dd96c3a6a60d71b
B1225,f783d91c35c828950d9d1abbde14b046134cb69597db8e0d62057cc1deb4984d,AI163,2026-01-13 11:37:36.951,2026,1,January,PENDING,False,False,True,4D,6c2608bc4b6a8e04f0ba56e37e4d68cd55501b8b2ce1161d64b39ec8019b6b96,Z**********y,ef3204173e855e564a835029d72187f4d81894b8c55c820b0a54b8c0ac1a543b
B1226,2bb472f799372f4d0f11780096f1b1c58d98d65d1f611d7d7e881bd650f76a1e,AI112,2025-08-23 11:37:36.951,2025,8,August,CONFIRMED,True,False,False,15C,7c9b8796ace1872c7799723a905197a51d319c92391649ae6457f017208fbe45,C*************h,23ddb7e7f370a1a8295c5916a60f1108aa08e4a8b688d0194d7edcfeb51b3c4d
B1227,c1a316f03b3ae5a203bbe1db1b8f5b4dbac55098aca918d8902272408387712a,AI227,2025-10-23 11:37:36.951,2025,10,October,CANCELLED,False,True,False,12A,53d5b02c4ececebc0679f0567c73dc3ceb5871e6097d281812cc3fb18698caa4,J*********n,354eebec1be813180af939ec2a01d54bedc0053fa61a890916f85c882560517e
B1228,cbce6411448934040ed7d1dde13cdc5b1476b8c4547803701bcc1ff5d7a66ced,SJ083,2026-04-17 11:37:36.951,2026,4,April,CONFIRMED,True,False,False,29D,5cea9f976a13567d82650e259a45fe934c19447efee2dc6a69b5f0ab77cc26b3,K**********y,a3710eee316defbe7208311f13212de751cc8c855a43d6cf1635f733947132b9
B1229,a283a09aa25e74844adbaa72805adfee5de273ca179f93f31826cf2ad4dc9551,UK073,2026-02-07 11:37:36.951,2026,2,February,CONFIRMED,True,False,False,13F,e7d8dac664c7741b9af68ab674ae2bde534a8e5d4effcd52866422b42d8eab7b,E************t,c16a6f721b7f05efe735cf92fb3598451d263f067c8066be64b72b3d97390c14
B1230,bb36064338c667e548c378da8265e5e11394f6809ff1b670006daa8d168ad9c1,6F169,2025-04-29 11:37:36.951,2025,4,April,PENDING,False,False,True,6C,c07e950faded43375baf567f1e65af499ac3566a42c06d8daaa40dbec2432a46,Y***********u,c6c07ec340d36077973bbd528fe50ad2a4c810e8b5d83689f3f43c037a8ec3fd
B1231,9e9cdc2bf4b91e70025e63cc7ea079b158f64e6d9631a7cc43556b9c29593df6,UK154,2026-04-06 11:37:36.951,2026,4,April,CANCELLED,False,True,False,27D,56faa0947b399988d74a3593596fbf7402db998ca43e14fd6831bad1cb659498,S*********t,a5da213728e1d463bbb236bcb3c8f9ababb2f4a6b44a874e532b08a56b923051
B1232,bb36064338c667e548c378da8265e5e11394f6809ff1b670006daa8d168ad9c1,SJ169,2025-10-06 11:37:36.951,2025,10,October,CONFIRMED,True,False,False,32F,01707546bff7edec03c00172018ff1957511e12f110ca6db1d04aa8adb589f2a,V****************a,ea432adbd120c15fe02ff36d0a35318f7dbd950e1ea1ae499a1e64829ca525be
B1233,0f1a22c91d0f0def2cbb84dc522ed90ddfad6898003d78b0e5d4ee1c7c8ac1b6,6F187,2025-05-13 11:37:36.951,2025,5,May,CANCELLED,False,True,False,5F,bb896c0cbe48a46d20eb8be711a12e37cef6612cf4602106e44c0cc7eda92858,A********a,f0e6ac0d7400ff0d9de1c1a0b734de66abb9a07aefc3c8081b6756d18f4b5705
B1234,f6b417a876311203b71363b2de9b23777e0a1dae3d73d787849b48272abc719d,UK210,2025-11-21 11:37:36.951,2025,11,November,CANCELLED,False,True,False,33A,39097a96fd52f1ab575064b84aea1a1cf7d1f292f1a1f0a78a3ff315753ac594,A************a,9b3411efb45094ecd853a0ca5dc6ca74805b408117839efbf81a6aa9f4d369a9
B1235,7da056615e9de44036a97bc53ef4dae7905297542ca3ba538d600ce7e4d2ac6b,6F250,2025-12-23 11:37:36.951,2025,12,December,PENDING,False,False,True,13D,6cb9395cb1c9c17e4f07ec2f249cc94a53e00817798604d12edabe92ffe2ae51,V***********e,f7260ccabab17ae0ba9c792ad0a278150eb2736058eb89de398cce3c7593f664
B1236,1fa22c4b51a16d10c3645a0087accdad2fed9ce11f93fed4665b2a953dcaa50c,AI062,2025-07-05 11:37:36.951,2025,7,July,CONFIRMED,True,False,False,25A,271679179d225d9003b9302fdba69f47c23566780d5e4f906ea5203eb24d005e,A*********f,b84feaf15c7371a59ab82203962f581d254cd0bbb9ef3e305b28c7006958562c
B1237,c8825a62bdff38dd0a66384c87a053d4c10cda8640c32505017564104dd13cbd,AI047,2025-11-16 11:37:36.951,2025,11,November,UNKNOWN,False,False,False,15B,121b9f591e6061df87f87d4d26b0ad0cccc70d64b7807a15ac348256b4da8d3c,F**********l,ed4008e736a817298de2bc8c4f5fd9db8575af751958af4ab16858c984def46a
B1238,05eea77c075ff7329e9eb383df908cc03d91db1aad14d9e93f0e534a08c2d972,SJ186,2025-10-20 11:37:36.951,2025,10,October,UNKNOWN,False,False,False,8E,ad635b7764298da4a1ba1517a21fe4c375f57ac073e34ff7e32a508c29f6a51f,W*********r,8820eac71dc1c7c5dfe57e758eee862cac9789ffc9a0a35be22d52e8d0324fd1
B1239,022b671b6c1a787f8e18f8f36dbe7fcbf50142158932d527006569dbebe96b3d,AI217,2025-11-17 11:37:36.951,2025,11,November,CANCELLED,False,True,False,30A,bfcfa5d90de2ed500ae6db328dbf58f7f9eeeca47def190af8fcb2f37471d9ce,G***************n,5d6c95420996438cadb5273bbd77ba03591b154de0b7ae7b79fb6003192eda4d
B1240,5c67efc01eb595f27aba409d16d77d677572da560aa9687a3dd588f0763782dd,UK100,2025-12-31 11:37:36.951,2025,12,December,CONFIRMED,True,False,False,17A,cba42f3eeb784d654c1b82b776ab102f87a52844746981a5aa8b795658b60481,F********i,529dc7edcdcf606a1c34fba73729db70d82641145f6daa9aa7e4db9405ae7a01
B1241,af73e26b43f653fd66c79ebf74dc6440a04dc060b0b4fadc2ff2726a16a2c325,UK116,2025-12-16 11:37:36.951,2025,12,December,CONFIRMED,True,False,False,10A,3908b31871d0dc99ce6c5c6f9400b196be23f1b17da44490dce921d0e5c19530,M*************p,eca6b7b73491581705e961dfba31ca5fa86661554932cf1544da2fe124146cb6
B1242,266db57c2806a8daee3f67f58f72ab92b2bb26f1e5e7a9fa54cf59737e06378c,6F036,2025-12-01 11:37:36.951,2025,12,December,CANCELLED,False,True,False,26C,35124f879d9bdc9c7bd6151647e05e93c1e68285744adc7d56ac67bf6490e180,L*******a,6603537cdecc4f5576fa93022809a329cb3bd9b3a3fa7aa2831c5ead6616ee37
B1243,ae639e6b01fba028430948040d9b7b6aeef60a3c8e6d60187ee09508d3f8410f,AI175,2026-01-22 11:37:36.951,2026,1,January,CANCELLED,False,True,False,29E,f01fed20d615bfb1395af50e6501d30d5cd0f5c31654a5bfb892674c9ab720ba,T**********t,64a983e41bb165c038353d9d015d24ce95658884586ff47495500eabd863cf52
B1244,7ae0a3e744a2bd37750d3b84ed95f70b570eb5c4367f6454611d81e778484d33,UK051,2025-08-18 11:37:36.951,2025,8,August,CONFIRMED,True,False,False,27D,a096da9604312585bae2f16bbe292163cc231001d4421ea0cea2460cbd47a7a5,O*********y,4591e46319497e4eb363fce962d48e5eb4151f23b9426db8a8501852bc47ebba
B1245,ddb723773923fb83eddc5684a1b82d5841819a41e1397eb83c585f4829b3e5f6,6F201,2026-04-17 11:37:36.951,2026,4,April,UNKNOWN,False,False,False,26A,158444325e6a5961f2b246310e9967f157aed4d5f6f173c85ec59324eaeab8ca,G**********a,5e87232d643096d82bf9a520ad8e009220676b8898d393b4d60a1fbb70c89da1
B1246,7f7a4a05ac7584dc445b403e3f3476be43426f7f0889117eb963af5f8bb1d4c5,6F230,2026-04-09 11:37:36.951,2026,4,April,CONFIRMED,True,False,False,33B,0da0daebff36ffa79c7e6d9d18e839fa46452b26d7320921cccc19ce880ae953,O***********a,0c9085a4d2e24eeed7923d73e7f832995aea638ba29e80c271665a1a81409e6e
B1247,081a2b17323ae201cb16fa33d3c2494e3cc3d447b9114a9680b391d9d76c6b25,SJ138,2025-08-13 11:37:36.951,2025,8,August,CANCELLED,False,True,False,15F,29e7e007c93225f8a5e240d0f8789e31feb99b80da4984f106dc3f9120f385e1,S**********i,4508f578e1a5060e188fd6c5a6cdffdf2ee7e76052bb734c40a2975bae8cf99c
B1248,bfbd09d804a4325c66b9ca8d063a804f83a8267bfe9f0ec618ca9ab999247225,AI246,2026-03-04 11:37:36.951,2026,3,March,PENDING,False,False,True,16B,983f6a394bfa18dcd892074686c0d0998d7359181eec8494c72a92c740c5eb48,L********i,57a0d7797e9aa0996b7cebbe4caeb64c9d57d27305042254783a6298d6754ee1
B1249,255778825079acb5b763b6559c5fc45e24e91da572163fe53460a36801cb563a,6F179,2025-06-06 11:37:36.951,2025,6,June,CANCELLED,False,True,False,26B,48fd39716a1b09b8013a46ceee6df87753fe3f7cd028a2fc90ffbe4e1a3db18a,L*********d,82ab4fded80980632053c6358a68332fd5240e0be01dc968a21e66990744916e
B1250,c778c14fe604ebd8110269e845512adeb743b9756d3c57402cb17a108a3de500,6F031,2026-01-28 11:37:36.951,2026,1,January,CANCELLED,False,True,False,16F,b05acaaa26ffe2cfd7f1540caa0b6cdd669041bcf7a9f7627542d2d867b18fbd,A**********y,126805b7ff133bf3b9cbaba4daa7f571776052a26404aeacf80419f8c905b076
B1251,075f6dd5d6befe2ed58ab07f2ce22efa55b8c935c798f1589f004e1576553551,UK015,2025-08-30 11:37:36.951,2025,8,August,PENDING,False,False,True,29A,ad3874deb14adcb7c55ed1ad0275141741910c25688c46c97e917ec4ba13363d,C*******************n,b1ede7af877d41e78a5aae7cd38f91a98b855bb5ddbab12326ad14f98d37d221
B1252,37b790ac45eacb4d66f50b7c5f6adfbbd850f1ef459633d46e1335583be1bff6,UK001,2025-04-21 11:37:36.951,2025,4,April,CANCELLED,False,True,False,27C,72295d408d5005a6471d7caa3ffddf7d7edc3a2e630f954b96b54754cfebe6f8,O**********n,f14733efffc3cc7b9bb7a798af45a14fbc55fe5d4e5b8343949215e6f5bde49f
B1253,925ec241dafb2b93be2f3e97032bfe0e5cb88bd62b489c564a2851b26066b331,6F133,2026-02-27 11:37:36.951,2026,2,February,CANCELLED,False,True,False,15E,ea593d2c3b9d9ab76a4a702e2105a747d3f773561532472e36e3624ba948299f,T*********a,a3d321d80043328111aca62bc2426833ba1bf44e20e355874546cf1657e701a8
B1254,b3b2bddc4a1da01906c583ec44330f267849113c6afe3d26e04eafb43be7bbba,6F143,2025-07-22 11:37:36.951,2025,7,July,CANCELLED,False,True,False,5D,47682f6856f8cd6f968a693fc5b4f7174f44f40b7efa11d9c3525e9edd080630,T**************n,86334ad11833cd3c97b0ebea205c2ef5d0945713dd1ddf23f95b872691cb3b55
B1255,10d6d6ecb2a19a228670bab3cf934566fd9976ff05b8628d509958a3af826188,UK165,2025-09-22 11:37:36.951,2025,9,September,CANCELLED,False,True,False,23F,219bef4831f829eba13ef950bb31040d50925853855124b6e147fdeaff799216,R***********r,a239c34c3c8793b15bc5c5fa19f15ef3e73df7a54f0ac0a4b9406b3827b2b253
B1256,93847cd98056474b065afd1edea5da9e9bba3a8cf5497abeb29724dee06524e0,6F083,2025-08-10 11:37:36.951,2025,8,August,CANCELLED,False,True,False,22B,48493a1e456195504efc37245c15adf5e014422138e19c6a152b175b89eae6e8,A****************n,341a6496d83cef864bc2c1a164129e70374db874bec4a827cb597e57aca22e3f
B1257,af515aa38deed73c0e79390494936b3c5062c3d6fb1d4125a6878ac6ff9c7c14,AI082,2025-08-19 11:37:36.951,2025,8,August,CANCELLED,False,True,False,11C,b9d993e38146c100a794784374ec2e297cb1fb852088bf82b1e08c3f4743f23c,G************l,f0214148a73376d6b28d8c1b8cf06080bc9042a2f3e94d11cdad7dd066d093ee
B1258,10001017dbdb645c950f1db621963558fa08bb4cf1469e76b4524f9d0b3bb48c,AI164,2025-10-28 11:37:36.951,2025,10,October,CANCELLED,False,True,False,21F,d42f09f610f9243a5d615f5ae0bc93909893393f65af728b03bb56c0d655891a,N********l,c17e1508687c61be1a3f28e7d323d899c5e477db774da0c20962bc31d3c64719
B1259,b884baa483ed63465490a927aac29ed841e361a66c5a8011fbe8724504c76d4c,SJ155,2026-01-19 11:37:36.951,2026,1,January,CANCELLED,False,True,False,31F,4b77e15ca9a67f1445ad49750ca3e95e4f953556307d6a8d2b3f2d0bc4e30c70,J**********a,c59fdc42b406f9f62298e9bc499657e9f79c71a098784bc0b17c1242446bdb59
B1260,2160872f2e614a13bff2e81412b0948c5fdc0e77ddbb5981e2fc4ff99c926561,AI189,2026-01-04 11:37:36.951,2026,1,January,CANCELLED,False,True,False,1D,4523ef270407c19e4f086d29234321e612e68c190279f639f1bc790d54d08b88,A********h,8b1bfc9e95029a07f9616d5a124b895cffef52dedbe20aeaa960189717fe2043
B1261,a2e1a6df1b20d75758869362fdcd51f72b40da14a5f7f80910562c4e736e9993,SJ057,2025-12-21 11:37:36.951,2025,12,December,CONFIRMED,True,False,False,34A,8b12b9b6c47a74bc099d5cab1ebfa24bb47dc6dbe718b757ec605d61bb733c95,A********o,d7011a4f4f319fc2b852fdef0969064da5f1fe4dafc98fa7de25fb2e3c3a5f21
B1262,2b4d0c8fdf599c052b4fd074e6545ad56cfab92217400417ac526e1780373df0,SJ198,2025-05-07 11:37:36.951,2025,5,May,CONFIRMED,True,False,False,16F,93b683f45f63e7161753160421b56aa7818051e3b9e39b57e6491af9e3694512,P************h,b39cabd286226d81917f25d721116860d17fc898ddf53e48063b99e3ea34aeb2
B1263,29b50a0cf1005354bee43ac4169f609fce2718c926a49545f42418af74a1306a,6F122,2026-01-03 11:37:36.951,2026,1,January,CANCELLED,False,True,False,6C,363b9fb8fce1194f32f7ea4f43e23e713f3724b8f21ec8408afde36934413c25,T*********l,d08de6dec01ef168cfbaaaf3a2553541e7d72dda916ba8cadd67a53514d7d8b2
B1264,20e09fcd1bcdf6adcace35266b8c3d44d1b16ac792d199846a07ecfb1f4d5dd1,SJ097,2026-04-15 11:37:36.951,2026,4,April,CONFIRMED,True,False,False,12A,d2eaa1f0d671e6fe921ad536c4ac241d35c79cd91442d83e8012f0dc3d9402cb,C***********d,54dacc432cde585ac58eba2c349aa19897da19f362e5f6231ec102c5cfecd8c1
B1265,b24576ecd2ed6403ddcd31b778d1bbb7344f6a124efad807c9397688faa70322,UK203,2025-08-06 11:37:36.951,2025,8,August,PENDING,False,False,True,28F,9042ffc6235420bc16844f9582e7d5fdc82f072ba166f1db543ce1b1c8521315,L**********g,bc9e2b7b59c84dc3acd0870eb3335e32db8f1b51da53f6b66d51d4f2af276306
B1266,ae811a447c699265d2570253c132d8615b7113c7660a8c6187d1dbb621a8f169,UK093,2026-01-16 11:37:36.951,2026,1,January,CONFIRMED,True,False,False,27F,73908b01d924b10c68b3844ae60834c81ea6cb86ca144d7cad49b075d3f4c45b,S***********a,150bd82b6c2d11edce0e91cbae703778451d319073b5e68979ee273aac5248e2
B1267,8249f45e7acc37f4632d0a259fbec44a4ed875f9ba9f655e0c57b224d001a1f9,AI205,2025-05-21 11:37:36.951,2025,5,May,CANCELLED,False,True,False,32A,eb44b7a5311fd8e71596b4925d7e6fbc8df8a35a38634283e5f8d904b1699a60,E**********h,68e8b404473e9dff745bf05bf6477c384d78d9e27d4c9390d6a50710eb6b933b
B1268,ae37fa4a6e4efefde12bd52af53066456a5c1b5a8b5ad036317a0dc0218e0db1,AI102,2026-01-16 11:37:36.951,2026,1,January,UNKNOWN,False,False,False,12A,3cff8374d208d71751698ccb6dc8b34774088e29be8970311727463ad5ef5538,L********l,d03b38a5dd2cda5c863fac84dd5f1a6f0e4ff2c9f5917a9bc769c1705e2f8aca
B1269,79d3e921288b3e1edc7d0293236688e782d509d35365d799481a628bbf783ecb,6F046,2025-09-06 11:37:36.951,2025,9,September,CONFIRMED,True,False,False,4C,8739a392d975ad68d40e3505b336a8ecac430bc2aed3b5b6348321f6de0d3703,O************n,47e269c63f7f525989313a91ce6b881bc628f8e3276cf3a836e3b6d6cd38f7c6
B1270,dc3fb38aab9df1c81e21b57b1e36fec002153e68c6f7feff5b8aab07689146ee,SJ017,2025-06-02 11:37:36.951,2025,6,June,UNKNOWN,False,False,False,22E,5cfcbbb44314e2ad5a8778bdb200f9fb146db654372473549fb07012ee96d3cd,F**********l,0780ed542031043f81b0e7b1e626f7fc6062cd2a6ec0e52acf1f8fe15413c950
B1271,afd81ec419f86cb4489130cd42d84f23b6fba17ab902661d11149968be4e16da,6F156,2025-10-20 11:37:36.951,2025,10,October,PENDING,False,False,True,28B,d8ba4d5d252f7b48c9bd83043b496aeaac83a708891e7ebdf750da7ddc68d280,A**************a,ab3f759669ea818914d9fb9e4aca05c9e0f4d2c55b796b460b715aa4f795c8a7
B1272,323969a7963eafc6513bc14886c789e73bb1919adde854ed931330089747a1aa,AI068,2025-07-18 11:37:36.951,2025,7,July,PENDING,False,False,True,19A,640500d978ddaa98d31fb112c1563d1f47258c81e6d0d7a162ac0537fecdd92e,C***********a,a357e112cd2ce9319941de273f1ab3bf9e01338aef77a7458392d82073c1c8f3
B1273,cd605f21ec12328c2775cc58f3d9ef27effc5e4776b6019e85bf0321e43c9109,AI150,2025-06-05 11:37:36.951,2025,6,June,UNKNOWN,False,False,False,28B,069b2c7abe450ba5f6ba863da4de7bb0be1c05c94659d3fdafc3737d63063116,U***********s,102149d539bc8cb9be94b22ac24e3c665c1be91de15318c814115f04912f9639
B1274,c30107be7574bf2559c6d6fd9791e99507b3c0ae8cae21d031b4e65c787a4c13,UK008,2025-10-15 11:37:36.951,2025,10,October,PENDING,False,False,True,20D,df9df1cea85fc191751add8bf025303f021ea73c73043298127f23ad838899e5,B*********************n,54a28a02c03fa287a71fcd56a6fcc43acaa4c9b6e54523e351b40f5878620748
B1275,533f7e3d8910c50b0ec45a1afeb1f7bcf0e73ca069bc544d57a8078864b2d685,6F166,2025-07-11 11:37:36.951,2025,7,July,PENDING,False,False,True,18F,d7881e02ec5c14d4da7f2f97908c12ffbf840118b6daed488ed58ba998da7649,Y*********r,5713998535364b6736ce7fe8ced5290a085ad9634a4bfd19bdf1aba9cba7f2cf
B1276,b80f0792f54b48b735169ad48fab43e1494809354d2a41baabde61a641586c52,6F177,2025-07-15 11:37:36.951,2025,7,July,CONFIRMED,True,False,False,1A,00e170dec3f39461ba6e53903b1a87e14b35bb0045d7c7ee93433766342ea30c,A*******a,88dd037c795c5016312efd437aeb720f5827a58168730189631d832944ae710c
B1277,51a7fa0dd59bfd6da269989ac286fec3b22d87ca00fea3eddf735ee72d2aa6ea,AI196,2026-01-19 11:37:36.951,2026,1,January,PENDING,False,False,True,12E,142f5cb76d1edde195fade290aba8156708b312316962f5d0a3e56055eeb8f84,W**********e,ac8a554c6a1290e01281e2fc776ca10cee3184033c408ef6eb3416f2de558cda
B1278,6ca38ffc450ae62263f740a07c50384cf41b8e1fbbdbb5702cfbe6ba296c293e,SJ191,2025-08-09 11:37:36.951,2025,8,August,CONFIRMED,True,False,False,5B,0003f77c12cdd762db1e56e7388f6e55d4f470dde0fd0fff165f6a225af5a1d8,U****************r,1ebcbf63ee217766147151e3d649c7233e755c68fb08ba9d2a81be28abb3819a
B1279,d5169308ce3fd20e529e3b94cc846e5723dbadb54b0c69af7ceb2713f60c1692,6F019,2025-05-10 11:37:36.951,2025,5,May,UNKNOWN,False,False,False,28C,4190b8c35d5ceac4714eb7bccae04e43d3117777859b9a066afa24d4ab7a358b,T**********f,c64752bd7eedf777ff82c33eae79d120f5c43fbcbae6b41b39d75cee080708c0
B1280,ab64cb415612e62b2e83997f579ce67fe17cc0a0720320eefb864759ac62606c,AI226,2026-04-12 11:37:36.951,2026,4,April,CONFIRMED,True,False,False,33B,217ef94d41a61ab6813b69152cfbd41bc74aa4cc0f5b43bf31084b9f90a8aae0,A***********y,bc60650eac8237c9d0c16dd66170422fc8dc91151b2f71f8b7ff7f55036ca0a0
B1281,ed8e122bd68a569887c16b079ba6288e80df60b41575461820db1a931bbd1a3f,SJ207,2026-01-21 11:37:36.951,2026,1,January,CANCELLED,False,True,False,4A,348a1a78e838501bc087d402690b132808681aa324a4061ba1ad587aa40a0dd4,O***************r,d9f7ff5c757c55db90c3f613c99b10f5a911c175f3ead3d05634e7aa37290bee
B1282,c9ed8557564494bbe7442b4bc16c6e43b59a5a4be7ceae2c1c2e95f875aa2c21,AI009,2025-12-30 11:37:36.951,2025,12,December,CANCELLED,False,True,False,8B,d81e45c4922a75eafd7cccd66cf3090d7395e6f2428eba05c09fa39f4d4db8c3,N****************y,5aa036e25f39d41d477b332aacb9cdc20eac4e9f5156acab627d3b0bb8125361
B1283,19298fd58334c2576e49a117e7714d5a8dc0fc9a1b9e879f7f8eb13fcb898319,AI103,2025-05-08 11:37:36.951,2025,5,May,UNKNOWN,False,False,False,29D,9ab4808a0aee5a554d381ff56321cbe1de32ec0d2bdb07d711686286906705a0,H********l,124138d884a51a4961a69b2d968bb914d67c06809769ba091850a19509034ef8
B1284,b11b2b07b8e9e629cac2cb3d8bddbfd980fb7ce7e8423952eca200faf0729060,SJ127,2026-02-22 11:37:36.951,2026,2,February,CANCELLED,False,True,False,25F,d6f10f5ff45f64005c91a2e9d84f106266c47ff2cc49ee2dad080dec2fd6ed92,D************d,b98cbdd82d75886403c18d4f37d6d77348edf7fa3a82c756b491d4e63ee78314
B1285,2fa8ad9bc1180c9e7016de60dbd6a76bd214ce8b72b8ae6637e164c4dfeba8e0,UK188,2026-03-26 11:37:36.951,2026,3,March,CANCELLED,False,True,False,25B,1b57d26efecdc40edf4402903798fb8de4dd784962f81b55d7a5e48c0844f02e,M***********c,a4cd35d6e44b73b870119c7fe6e53ebff474c1b2a886464c8e72005df6db7d2e
B1286,3637cf9c2a0f3c442d1fc9871e196e275b5092307c15aaa343430617f1846df4,6F010,2025-09-25 11:37:36.951,2025,9,September,UNKNOWN,False,False,False,33B,59f5bf71fe37d7561f05eb4b1a9af6972df9e68eec49fa180acea12cfe16281d,F********e,de4a7f8f06f33c18f6cb6264ca6a744c75b950eab6a41b3b471562a862a930e2
B1287,c2f61e9be3d5b855846c5c362bdd35e8d1441dfab903d122b461088e3a36830d,SJ098,2025-12-13 11:37:36.951,2025,12,December,CANCELLED,False,True,False,5F,665cda5ea3706bcc0ca32c7d2959902df3591c2456a0ff3e6ae508fec1030cf5,H*********a,4b7ea6763c0b9b9275250f2555c1718dea9a8ceaf99e914a2c34a6c05b7b5351
B1288,9891e403b0f09d3ef6bb6a150444d7aed41685e904c6f0657120ac5fec5ca431,6F058,2025-12-11 11:37:36.951,2025,12,December,PENDING,False,False,True,18C,0a453657a8991145cbe32f1f76df08a0570cd50e031b17bc2b44db73088651e9,J********n,c69cac3a795573d80debb63263eb60ca64caeb4cf78ed01fd841f8f1ae8cd1c0
B1289,11e7405e976ffe2fd78666cff7c08b5698c1ab4dc4b8917abe86e0e24ee45002,SJ030,2026-03-23 11:37:36.951,2026,3,March,PENDING,False,False,True,24F,912e5deff48e328c894dab139ca72303380d8f75d8abc97c7ea9ab4a724ad764,I*********a,2dbf62732610316d0bd7111ee722ead074cdcf4025b4086787fc389d9c93b979
B1290,afbe1d334c79478b8e5626b3ba334e5e23163f59e7cf271ac0ca60d0fef851fb,UK175,2025-07-26 11:37:36.951,2025,7,July,CANCELLED,False,True,False,16F,959dbab753b9827301f1f2199c20e783c7bc6b510be6fe3ba0958148ad357305,P*************r,082e1ea8402f07d9ae78a3aa40f36d09047500c93eb31964e3df6c2fa17d6d69
B1291,4f298002003d87c1d612ccc5bd08710bf4a0e8820b936ee256fe2747d11f2c86,SJ108,2026-04-01 11:37:36.951,2026,4,April,PENDING,False,False,True,28E,b64d80e52b6b05a4821654bf5a15b4a93a383119bf62b33e4f092198d3f2e4c2,E*********r,3d27b3b43f18fde6d82016817854350345d6f4f6b2b881fa1eb8ee11e5620b46
B1292,066e3f7ad551ebc85b6358a7f4ce340b5ef470aec1821bdc38353d6f5fa81165,6F075,2025-08-03 11:37:36.951,2025,8,August,CONFIRMED,True,False,False,7C,ef61e9a15b7fa058cdcb16caf7ab9720db6601182780d4a470deaa62dfd33d02,H**********a,b17b04f4290adfe56b074de5a611168a9e4ebcb4d27ed14edebd94379090aec0
B1293,bfbd09d804a4325c66b9ca8d063a804f83a8267bfe9f0ec618ca9ab999247225,UK222,2025-08-31 11:37:36.951,2025,8,August,CONFIRMED,True,False,False,25F,aa7a8ba3800b824b2eb32963e014c1d07ca3ed3bb053694f00c0346839f9afc8,O*******i,cacc5bd620a813eb55cacde5e2b105b487c45f94701a8efea937924ea0feff74
B1294,459b89f1c1c07e4eeab0dd6c7d5c40bea90d231854870ac2ef30273e6339ae40,6F250,2025-07-13 11:37:36.951,2025,7,July,CANCELLED,False,True,False,34B,5c1be3340e3e09ae37d729d39d179c6c77d6eb2cfdbcc79fa1c817116bb960f8,H*********t,f7c5e71129239a9cedfe8b5667e66a7d1843fa244b6c902c9e3df0a5c6ef3e73
B1295,90b4e732ed7b857b631db1628f6d3aacca64e3954d38a803da76f97f588eaec2,AI096,2025-12-29 11:37:36.951,2025,12,December,CANCELLED,False,True,False,14B,0c9373278df71e25bf24ca7c6fd8aa868a1ccd4a6329eff914ab1a0ff2ed3c0c,J***********f,ce484175f21e9392b60a4d2eefc5a7f03489da8e239ef682f1e75174f3d41d3a
B1296,b47b4015cd417df26ad71a3fe85ac082a29f9740562eee3d135e79e814ec0d7f,AI216,2025-12-23 11:37:36.951,2025,12,December,CANCELLED,False,True,False,1B,691c9626fab47ae57ab071d8836c3b5a4a7af7aa16dbd9a3fda00141fcaca533,M***********n,b5b43fa14535ad33a1c11375a4c5208b0876fc2906bd0befcb802a84d71f54aa
B1297,f0dc16ef2ccee2c0811edee2f0c602b0376a7e022cd5e8e7e422a6f3a12862ce,6F193,2026-01-23 11:37:36.951,2026,1,January,PENDING,False,False,True,8A,a7e1c411aee0eef48fe48259fe764e4575082ba99893ff74767304d64e620479,P*********g,52f7147c72fb171d4157928bbf971a0f9b67e00c0c586a1bdaf0bc16b17c329e
B1298,f15c5a7ae439f4d0d814a0da0ed58a95284bc4359467ecfbb10bcd62e48d1e17,SJ194,2026-01-02 11:37:36.951,2026,1,January,PENDING,False,False,True,6C,f5d1b416901ecc2a9cdb5e41a18fcda3ee8437851598045b096bfbe27b9b0960,A**************n,765063314e90fd019db16e481649469644b2dc08a21427d57ff886fe730fa153
B1299,bfaab51e35ad7b3d1666f7469bc4c42bc87bfa7807198d84cc0d59c656fc92f3,SJ020,2025-09-11 11:37:36.951,2025,9,September,CONFIRMED,True,False,False,16F,9f205c3059639765c686d642af0473c9001920ac1a10ca06540adcc82316106c,V*********f,166ac5d20f82f8e034cc4cc54715014f9418b8bdda923438f025147adcedf216
B1300,9a5d603fd6eacc409027cb091b3ea3b03a3857bd38efe4a1b2ad7e450b585085,6F070,2025-06-14 11:37:36.951,2025,6,June,PENDING,False,False,True,21C,4437ed6e1810562f1a485ad92f698682f821d62d6043b85e437cd2282f90f5e2,R**********l,5324c335636161dd7c887ee54d4a7c22ca68d3791f8d0ebf3871a02eb941cadb
B1301,f0dc16ef2ccee2c0811edee2f0c602b0376a7e022cd5e8e7e422a6f3a12862ce,AI051,2025-09-03 11:37:36.951,2025,9,September,CONFIRMED,True,False,False,12A,71fc6b978e64cb415c70d1f09318dfa5c0b84000abbd268c193bd4a0e84dbfef,E*************l,e2b11b0f679275c295e6c433b25791dfc4af4f8b6785f86777e4d85412805a23
B1302,92929313a75069630a3f41a498062f3b99dc58e1bb7aaab8b084ebdfa4e98f0c,UK219,2025-12-27 11:37:36.951,2025,12,December,PENDING,False,False,True,3D,9d5ca609c2e118896874c0c7e485fe65402a293b9d0fb96d90373167bdd925db,G*************k,0bd795f9d07890ce986da1387b192b92e44afd0123230f70dfbd5de64b4181d3
B1303,bb36064338c667e548c378da8265e5e11394f6809ff1b670006daa8d168ad9c1,AI235,2025-12-13 11:37:36.951,2025,12,December,CONFIRMED,True,False,False,20A,7ed0701a6a9964e4905cd1f4a5aaca561163bfb34a90732f52fa37c55867e48e,S***********i,36269b12a91170b3a88b0e23ab92e988e54d54ac606f6881fb2b18a8a6e287d5
B1304,54880709cf829c2d0d703d6ee6f77deed4c47aeb026f35def2f7a6b2e789432d,6F022,2025-12-13 11:37:36.951,2025,12,December,UNKNOWN,False,False,False,18E,d24807292258b02955c494b16a77288609e896f2fcd4234b34d83792de4a2abf,U*************n,a141f90da26329f5a8830622261af9fb14f14e512033d39fddb1445d1235518f
B1305,061cbc880123b92060ec8d82728701002b20e22fb5941108a2d038cf0e0e618a,SJ114,2025-09-28 11:37:36.951,2025,9,September,PENDING,False,False,True,13C,49ba46c5e75f0440225e3c35ed0823e9274a56a9f43842994b566dde445a8538,G*******************n,c393fb281cc54a306dab32a956b741b9cb9a8cfe39663a5a4c61d3842991da7a
B1306,584be399b93f9a946285e1bc0a358895e9dc8f301b445d214321f144c3dc0006,SJ076,2025-12-01 11:37:36.951,2025,12,December,CONFIRMED,True,False,False,30A,9b40efdd02edca7473aeb886cba65ea6c74fdb2aa98b60f806a7f3228783e7ab,W********r,1e13968b714ee01e9a64cb9f78a71f4d73e134897d0e9791c89f4e060e2d2c60
B1307,ee3da88980fa26dbadf8dc499b411a800bfc6c8773ee8629c6e2cf19ae2a84bc,UK227,2026-01-26 11:37:36.951,2026,1,January,PENDING,False,False,True,32E,51c9538f633e0462ab84a7ea98c14e614540d1630ae6d2df61a0acde5151bcc6,Q********a,c489962c2fdd584719385a3e01e23ba222f42dc90c0d67725d4635c88a694ede
B1308,15fd27eb5581a4470d632fb8f63f155f85e2ae84e05544a2f9e169da810e6711,UK135,2025-07-22 11:37:36.951,2025,7,July,CANCELLED,False,True,False,30D,497a0fa9fba2d1280cfd2f12fad59b7eb54d3afbc35d5a64bc3ed8b7aef3af7d,S********t,34fec529c4013cc9142ff2abab65427af83dbe81d40f54b8fc380e455c20f77e
B1309,37f70e517d13b58c91152dc3c591320d5d08e0be15019d148e5655232948953a,AI234,2025-05-06 11:37:36.951,2025,5,May,CONFIRMED,True,False,False,30F,e43563330de40c32ef1c68480d5ee3251c5c9779ca1e8928a7b73db04744be15,A*******k,3552c212ce4f0ab40be5503a02a7ca6323e9e01ec281df68288b3ccd7602d4a9
B1310,b97880ebfd72f0c28039111791d925472732f2506d801af8097c8a1081a4d51f,6F113,2025-08-20 11:37:36.951,2025,8,August,PENDING,False,False,True,5D,d73e460424314a38bc3d9e1ba275bba74adee5f58c8deab42c832668a923a90f,A**********r,4fea716b35b46232ce2fb286459d76b0df47eeed226d3a7d938f82448dd7379e
B1311,ebd2de92b9184342a7bcb91048da605ae27d244d1c500059bc22659462083b0f,SJ206,2025-11-16 11:37:36.951,2025,11,November,PENDING,False,False,True,9D,24a2dd5953d1fa34355527aeb0dd35d470d1060340cab5f2971e3030ef9f0439,A***************e,c589bf62bb7e9486d80e14cb1bb93423520e450b616970750461f23eb7b68cc5
B1312,fdff1477af852fb0e86fc129c5b2510e9c5f6a722608ded739cdc6277962b28e,AI015,2026-03-29 11:37:36.951,2026,3,March,UNKNOWN,False,False,False,6E,c4d086169a7507466fa9a0170c1ef43a998d39e8bc6fa17768c7bf6cf40a8d9d,R**********a,78a2baca9b62dfbc46bc5fb5ef72fa84b12eb88f31ad51e572b310cb1f9dddef
B1313,27473346c866b66de92864725e25b82376fe9bf6c8bd24e4ebbef139b30151c6,6F260,2025-05-16 11:37:36.951,2025,5,May,CANCELLED,False,True,False,33E,38525d5c1f8ae9daa42012c12652dcdf4d63630a0d58eba63bc665b7a221160f,W*******y,abf7c5845cfb0ddc091fc6bb2c9d465374272e7669c38690fd138a298cd31f89
B1314,533f7e3d8910c50b0ec45a1afeb1f7bcf0e73ca069bc544d57a8078864b2d685,AI061,2025-04-28 11:37:36.951,2025,4,April,CONFIRMED,True,False,False,19C,cdb6154d11533ac954c23a4d154796979cc4a5b7d60f91520abc6f594fba8d88,V***********a,4e7bef6629f8a34b91a18f50dacbd1d959d37bbcd2a40c5b0e017fd195007abf
B1315,cbce6411448934040ed7d1dde13cdc5b1476b8c4547803701bcc1ff5d7a66ced,6F237,2026-03-26 11:37:36.951,2026,3,March,PENDING,False,False,True,9C,20f9a1e0516eaf24a765a21919da90f20aad47b46ace74e6d5be7b7da9415a4c,V******************n,8bd4cf9c958e49ba67823652b3546cf924ba0058411d3edd5b416ca3d6629fda
B1316,a5f805bedc69ac04a4429722e8f4996b31bc58cec4192c50a80db8b00e0e010d,SJ099,2026-01-06 11:37:36.951,2026,1,January,PENDING,False,False,True,27C,67689abdb8d7f1671df44d1c1b2335d3702407f3630fca8e1a76cdb3bf7b81db,S********l,ca73255b2d47c0f7176e05c779b6563ce40e3b119af7de625a773a38876bfb8f
B1317,c3b65a7f63cdf9077407c656298c53cf2f5eb3571bcc4fa8c5d8b5aa74f4d8bc,SJ146,2026-02-24 11:37:36.951,2026,2,February,CANCELLED,False,True,False,21F,b47a852f240a516728aaaeb14873a2927205700d95c4da048247e39dd0f1cc34,G*********n,cbfd1dabba2769ae8a8aac522b66eb6e259ac338f923673e28e5f662431a0d78
B1318,097d1730f877c5e910f5789d79ccbbb12c982460d0c24d0f57881d9f3578c3cd,SJ146,2025-05-23 11:37:36.951,2025,5,May,CANCELLED,False,True,False,29B,15967d729aecdf5d62e44a8158776aa5f8ecf737f558e9b1d19e37c85d2c2c46,T***********l,443d1daa3c4f67e8d656f72b9af59e0853a117aa5168e53e61739e04af8c5a31
B1319,bf219043426100ec85812e8a37d44447967fc2afe70788790177dd4e49f4d094,6F071,2025-05-04 11:37:36.951,2025,5,May,CONFIRMED,True,False,False,4C,2f8d45159232b3190193d9f908f3dd5d182bb4dbb58182ee12406e500b62870f,Y***********n,1116984bd1e6618f4069e5b849fcdc99d6bc233a56594adc701528090802ad55
B1320,1881045f69a737bc4f4dd7840b4f9f5b006fbbf3f4b5a605a3c66ddfbdff5ff0,6F272,2025-08-13 11:37:36.951,2025,8,August,PENDING,False,False,True,6C,2c9c503922f39989c14c6d5f58d6e6a826b54e57ab22c8a9331993a883824896,J***********i,9fdbb1ace1fac0344deda8e73943ab1b0dc1a41c4ae91d60579d1fce75df3f14
B1321,804ac90b07e39e12ca6788b04f5b81c01cf56ce3ae3bf451323a4576367f7dbb,SJ029,2026-02-12 11:37:36.951,2026,2,February,PENDING,False,False,True,13A,6d2700a38d548513d5d0ca91e1ac682b174cb085fb3680f46139fd0b9613d58c,H**************l,b65ce1843543b634680a9334da2acaaf85022a64de1c49d6bac7df3adbc727f7
B1322,5f7e0863cdbd3370639e380a6ebd3f2003c8fb7411fd3cdbc9babbee32357e8f,UK084,2025-07-27 11:37:36.951,2025,7,July,CONFIRMED,True,False,False,6E,e6f8b77cf283486d859b3a72e376eeee65d0064cdad2a37f79bc70267f948c60,G**********y,bcfbf68a4dd2225fa0ed117f08e3d48ca20036143497755b5bc956e4bd20e6f1
B1323,8889ac1b6cee312d8700accbb812d5b60e9510e9a0aab6d7a683c57667fb35ae,SJ048,2026-02-06 11:37:36.951,2026,2,February,CONFIRMED,True,False,False,14D,1d2dd6c7e3ab38d00785c31ae05386bbb6605995875102adcc8a371c6cf869f1,S************n,5fb9da0a18527e6b406d4b8b2fa3b58bb6e582bfd42be98388b2acb509f2a315
B1324,460b5a5ad37a13083a7b252b274cf64127648c898c6e4c0aa2e4dc3f038674b8,AI108,2026-02-04 11:37:36.951,2026,2,February,CANCELLED,False,True,False,33B,ff1d9f0c94ac5410586489c3245eea7af7455e922e25679dcc50c44067c3a244,D******************y,fd9ec2c3eb7ecb608e101772ee4f4b216effed37cb03cf3589e1774a66f8ee4e
B1325,63e1c2ff2767ca8ceed81263ce666870649190fbb395864203e8c6a17db4f468,SJ134,2025-08-11 11:37:36.951,2025,8,August,CANCELLED,False,True,False,3B,b257d1364fcf468633589cde9eb81fe6276764a57e545f89722fac49db4f5333,V*********a,2b4428272d89d9500574aabc7bc59b14889323c353b2ab6d8997d93f8b54dd0f
B1326,5462e26b2c4f69495b9a7e04fdb2576e4484537640762a2bd5ef3724ad75b5d3,UK146,2025-10-31 11:37:36.951,2025,10,October,CONFIRMED,True,False,False,14F,4928a4597bf9ff72a5a3fa88ff2423bb7075bc093b51575a755d0186168290ed,R***********i,85c131a331e625f6f252b7d57834acd0936981d0e6dde2a6f5c3d1895e2c6b88
B1327,d38568db2aa153115ee25ff07b753791c01fb713305c8c915655b1a4d99f024c,SJ036,2025-09-24 11:37:36.951,2025,9,September,CONFIRMED,True,False,False,26C,24e7d2bed5401e51e8ebe2749da434a80e5164ab1c118de30d712d266fa16b5e,J***********n,4ab683beebfabf05fc33098146f6ce87eedd9faeb96c0c45aed5323ef828137e
B1328,29b50a0cf1005354bee43ac4169f609fce2718c926a49545f42418af74a1306a,6F202,2025-11-01 11:37:36.951,2025,11,November,PENDING,False,False,True,33B,fbcc49740bee69b724038cfb0b5597ccb0b82ec9ead2b16720bd6009754116ac,Q*********a,3767765c839dad1d63672805f5b1f113703fa9a86040aee9e226682665daf020
B1329,36de8c394ea20850f7f2d64db77546deb8febea37f85ff31161770db64ff0db7,UK041,2026-02-13 11:37:36.951,2026,2,February,CONFIRMED,True,False,False,22C,04c2df7e3055c5ddab5a0ad2b02c6a0ecb3436439ef25ae6cb6ea152d8e6b1e4,T********e,0b4555ec64d3b136fa8fc794a9b682e6877ad9ba17a62bcf1af03c8c5b09f62e
B1330,93847cd98056474b065afd1edea5da9e9bba3a8cf5497abeb29724dee06524e0,6F078,2025-12-06 11:37:36.951,2025,12,December,CONFIRMED,True,False,False,23A,7c74a634ab87bfc462069759fb332a5e466c96897bd959963f9edb2b2d2b7c3b,A************a,db270a716771d581f215278f1643ad4177164437f7ea7dbaef538564ed3e1d53
B1331,ef8c824a356b9f1c99470aab441219594cad3791ef47a5d4746382ddf37d2180,AI097,2025-07-03 11:37:36.951,2025,7,July,PENDING,False,False,True,22C,7bedfb6edbc97683219eccb567679abc4ed46f84a38d9212dcd511571e87b599,B*************y,f166bf72a12091e140f98cf03bcb6583e330f1715985fd01e78e658e0f37b67b
B1332,901b4abcd16372fdad9b63045a7a38072dd6b35a12c3b1e5d20a92e268b94a39,UK159,2026-01-15 11:37:36.951,2026,1,January,CONFIRMED,True,False,False,7D,aa7917807af2a7bb98f8291f4f9bfca0a2e65893a9f63d6d4aadc64ee14320ac,R**********s,c35980bb63591d6e20baf9331c1d8e38fcb3d7748afbf132d8cf36458a3f9117
B1333,4c76b2e19e760c735e901272308cde7ff1275a49afd4e3debb2e5b17e0566d59,UK044,2025-09-06 11:37:36.951,2025,9,September,CANCELLED,False,True,False,12B,ada839a2b3566f17b03e8a1dc6b8a6249e847b38fa9bb505c387e08941fc8649,U***********l,91887220400ff22c22c4dcc0d690e46577df6128cd3d8a5eb69ba0198cc072ae
B1334,228617b3e082657a58da30650b2fb1949a3b5e0caac340093eef48a1c41397dc,6F176,2025-09-27 11:37:36.951,2025,9,September,CANCELLED,False,True,False,6F,df12b11e26da7102c9ccf76f8e59eae9736f9183884919eb689f3ce72706fe4f,P************l,3f63416cc52df4567f939f2c5c6fdaf0bbd79b7612715fcf3c948bc50fa3ab90
B1335,c30107be7574bf2559c6d6fd9791e99507b3c0ae8cae21d031b4e65c787a4c13,SJ221,2026-02-11 11:37:36.951,2026,2,February,PENDING,False,False,True,4A,7758641bcfcffae1e55dbe649f9ef33c8b88d79bc2babdbb9536e3ded50a827c,A**********a,d8167526482dd8ce8a6327bfc12ec34f91d8bc8985691a4351627855172d98b9
B1336,383b01dfc4b4451a547935fff6c78f551e330aa833ad796209db30958a18a15d,6F112,2025-07-03 11:37:36.951,2025,7,July,CONFIRMED,True,False,False,22A,5b7194549b8c5ab6e06833b76fcf2f62671d5bc90885002dff070c1606831c73,J************l,3e71daa1f3187d9354f2fb83d14c6772b9f1bc816453b5a864d6bb3eb2d93ec1
B1337,323969a7963eafc6513bc14886c789e73bb1919adde854ed931330089747a1aa,6F246,2025-10-20 11:37:36.951,2025,10,October,UNKNOWN,False,False,False,4C,1ac2ca0335d18dd35cf8da74f9c76a9da22397e6ee4bc2ccf7cd7cf2f630f08f,C**************t,78f2e39ca2e6c5a0e2bd7c95fedbc96dfcc9ff0a1cfe69e2e4fe59ca47afa0e4
B1338,bc5fe68e5cdf84ae711dfa039703f9dfacab766b8680db31efd1b4b74e8768fb,6F014,2026-02-21 11:37:36.951,2026,2,February,CANCELLED,False,True,False,14C,175731475f81e69af76659bbb90c1a11d411ad3f7cc29f996109cf5ebd5d3732,B*********e,9eba1a2a662c427ce4eaab5289b0fc54b63abbd9fa7fdabee345c4bd9c52e0fb
B1339,677104faba0eb37cf9fc7912e402bb55962271b7b600ba163c03b6446ac91de4,AI237,2025-09-17 11:37:36.951,2025,9,September,CANCELLED,False,True,False,28A,d0f7fe6b13e7e6502c640dec58da60e4b01cd8f1ae844bb4d645b0c802814917,V************n,81da2f8e9fe298014e366390c70a592bdf221a1a58d92c7162c14db9c2a9d910
B1340,afd81ec419f86cb4489130cd42d84f23b6fba17ab902661d11149968be4e16da,6F003,2025-12-14 11:37:36.951,2025,12,December,CANCELLED,False,True,False,12E,ccb113f060388251508881d01ebdd156e80fe0a254da084785869dec07a8aa26,A********e,750579d0844b1e5ebdccdd92ab13f401b8450e94f099611a5d015efde2eb7b4f
B1341,88659952d7f5e68c9a08f77a0ec08ebc2d007999fc6bb89770907d04ec125d69,6F249,2025-07-04 11:37:36.951,2025,7,July,CONFIRMED,True,False,False,5A,bbd80c064ee67cd3a897cbfa48e9cabf4788c98f4ad671f4478b330d22d4628a,U*************s,c7860ffce2b87bce0cb8b691554032a0b42dbd313c5552b13fcd456f8efac010
B1342,95edae0cf7e42aad8885909c537182f636aeabc79386efbbfd48ab71b16f1d99,UK149,2025-04-29 11:37:36.951,2025,4,April,CONFIRMED,True,False,False,4A,33a3535b78b20f63ff2601a6af70e10621d94b69d7844ec1ec46dcfc3de97ea8,R*******k,81cf89fc5e091f6bbca9e79689008fc5370c9dbd44e7b493a9d372162675c374
B1343,ff59c2683e6104bfda79f88a7dd17f55ea278b316808d55ec0d311b985a600d0,SJ163,2026-03-08 11:37:36.951,2026,3,March,CONFIRMED,True,False,False,9F,6ca5b32549694f5923a252c69398f758016fa376c6beb02a86116068943f8f3c,Q********l,a9828a4489f9b1a1c4d45b657019f81e11bdb42e89971b49a57e0d7df85f3b18
B1344,ddabb59a9826ea31b1ce182b4b327e1e5be2fcb5627388dbe0084a381530843a,SJ243,2026-03-28 11:37:36.951,2026,3,March,CONFIRMED,True,False,False,1D,07f0bc71fd91a31bd86aebed71ff496567cd5205eb33a364f404a24c4dedd824,Z************r,b700a7af32e1b0a4ce3b60595feec358d072ebb0ea63bea9fbabc71834c2797e
B1345,b10cca87bf39c2434d094f305e8c8bbe33583cbb8f70956cc9b07aa8d93058c9,UK113,2025-06-06 11:37:36.951,2025,6,June,CANCELLED,False,True,False,1A,a5daf2e8f4531a6f1870b75a01a6cc68e36171c4d79f3e980b8c210b3a39de34,I******************a,bd6a71b0b06b4bf8106e5e9ec0c40e87de2e8adf21de022ee5364f8d7198c7f9
B1346,b47b4015cd417df26ad71a3fe85ac082a29f9740562eee3d135e79e814ec0d7f,AI071,2025-06-07 11:37:36.951,2025,6,June,PENDING,False,False,True,30E,681f904ad52c424e8d850a2477dec185a37dcd8ffce5580717fab9a856e473e6,N***********y,c92d82e5a4fb8ba0eb98700aa014be63cd7eccf684f8e0531800fc8b01579644
B1347,dd0d4f009ccd8b20446938da00fde4d16ce9a707f7318dd1f54c3dafd7e07f28,6F271,2026-02-07 11:37:36.951,2026,2,February,PENDING,False,False,True,22A,00a66261287c6861c29bcc4dd2e8bf6119b35af4dd906b0e02d9cf3a7b401e87,E********a,b79a262071a3b238abfdef1ad6073462e6d611be6247cf6c746f92d731fa7816
B1348,c572be8c765284c030826ccc2a248fd4d939365db7b6eeb4afde34c934deb9b0,SJ015,2025-06-05 11:37:36.951,2025,6,June,CANCELLED,False,True,False,27E,5f301b0ba7ccb4f5738f6cd33c6d0b2c7317fd7c3bb93d3f0d099f2a1e12f612,M*******t,7eaa9e55b3f4e09befafac0c0bd60e7a049e11e3b9ad12c69069e674021da360
B1349,0569019098c7cf5a8cc47f9221abee18721c6e392b0b09c277db7e11ed6d7e4b,UK047,2025-11-19 11:37:36.951,2025,11,November,CANCELLED,False,True,False,9E,5d8d4baffff6be8414db7b2caf6bc05ebff1c4e3d4334038b11d1196b1e0275b,D**********a,f1d3bab593b3d152524164fef3840439abc2fda10a5a0da11644e4189428cccb
B1350,fef3551179d3071c36364f32685122bf5ea6d3a401fcc5707960d1986ef03b46,UK020,2026-02-04 11:37:36.951,2026,2,February,PENDING,False,False,True,12A,e9f08ab11a79a0f14f5d1d8e071eb58e712b4870a962ab4c5ca49161860eac15,Y*********i,dd655e480b51e8b0ac7ba9ad6db43614fd4da294f993b4f53b7a4544117fd24a
B1351,9c2a76d8a61fe2469124635622acd7267218ef36954ebaa68819b07cd5ea2c59,AI122,2025-09-03 11:37:36.951,2025,9,September,PENDING,False,False,True,27F,402773efa149b4a3f2a468baf0a1c832beaeec21485bee3a174e31a16e4f767d,O********a,ad40d4f5cfaab2e19e5ea5487a71af19afbede2d840ee44634b72ef4fa8318cf
B1352,9b57b5fc7625f88f57e8fe4555294eaeef9b619337085e95fb71928be130113b,UK223,2025-10-20 11:37:36.951,2025,10,October,CANCELLED,False,True,False,17D,0eb08a05c60b48134eae17ed7fca666eab6249948fa4a701d51d07f5ba71294a,L*************i,f8a89e03107b6f3bd7930a9bc58c585d34163d5d5a8525e7dff7ccf5ff7b89bc
B1353,61864ff2276be466a69ab1a9b45c546576ecb6da65cdcc0c9639a94034459d6e,6F148,2025-09-19 11:37:36.951,2025,9,September,CANCELLED,False,True,False,15F,b96ce92d3c9770668eaef00fb8b8e5df7817bea490d7bba6851fbbda8f7e7c56,S***********a,7ff4886c774607687c3f146b84ceed85e91b20b214306ea79965d29a5945d8fa
B1354,ed0d591e1541e972df852ab1f85f0151ede892b9b811f3e4020bc5d4f00046e5,SJ162,2025-12-14 11:37:36.951,2025,12,December,CONFIRMED,True,False,False,34A,9a64abfcb02a5ab892fa24ebbc403e7b96287406ee00575526b1d71821175b1d,P*********y,1077bb90b0184d2325da979010d84c9112473505a47fd2789cfbb828392cbb16
B1355,569541aef05a35fd51845055d14159e660e2e5e024dfbe429a608c06a6d6fc15,6F127,2026-03-30 11:37:36.951,2026,3,March,CONFIRMED,True,False,False,28B,7702c0c7d09e733d6ed8369eb00b7a2680f036a1ff4499871e17962598bf821a,D**************y,b4228c9a7befeeeff2e05198ea1dffbb65c322f58f79f5067f72c4212451524c
B1356,f0260781fb2aba4e4277a4959cefacd2211aef405843b1b72f148059b1d4d91e,AI173,2025-11-10 11:37:36.951,2025,11,November,PENDING,False,False,True,11F,a0048b680a0c3213e7ca8f7ccbf01ad861c403450bdcdd4e9301a4602d888f57,S***********r,15d234df07c2be4c916deb68dc0cc45d05779e470ed929c17e8e4959c8b0b81d
B1357,9985af7cd23dbc3b0b3d6d654015391b8f54314efe44e9f3501c1b8821178042,6F065,2026-02-05 11:37:36.951,2026,2,February,UNKNOWN,False,False,False,14A,cc05021b7e48085054d6106c06099d15d7edc4630145411925a915fefe64d2e7,A**********b,c55df17ad09cdb1441639e3d65232b6060fb8c1e0b17fae78726b49626260f54
B1358,e453e79b699aadfa85bc39c7dd2730f841d1f87123c949fdea49d3dc23717e6b,AI053,2025-06-22 11:37:36.951,2025,6,June,PENDING,False,False,True,20A,44a787f5c7f3c707a9b794379b9830fd20c3bdaaa83e25925537e8eed3bc9d97,N**********i,d9f526acafa720b624c7107e8dbd0230ac492ecf45973fab92ea8e5e1a0a82e7
B1359,7d9b9205eaa991d8de68f47eaf6e4897bc0e9bafbd038c8c0a2c69e4f77b4a6e,AI241,2025-10-22 11:37:36.951,2025,10,October,CONFIRMED,True,False,False,14E,0df3c26c1d9a164988f5fcd5f08d0ddd693186b4877098fbd706dd030d061aa5,O*********e,c216034227e6c6f25efda2f9b939f98f89a9690acd0c3f01ad6d88b56db47da4
B1360,547d9344fb2018b3014f8911219667d36401d2e162a40cb2f7f9302c1a662630,AI105,2025-06-15 11:37:36.951,2025,6,June,UNKNOWN,False,False,False,18D,56d5d91c069771eca6d0234a5a7198c8fdc8498c26f92fcb4e8b0b4290e91bbd,N*********e,565c65698383f2a6c1a09a281efbc2ff8a9c935fd5f69e31ccd15fece334dd1d
B1361,7367c04f5225397375bd5fdbf583232e6c813b63fac8efd4b7f203061fd3d10f,AI110,2025-08-24 11:37:36.951,2025,8,August,PENDING,False,False,True,13F,405df91caeda8214889c7a03b99f3557218a1453b7efd0a8f52755a041c992ed,N*************i,11f3fb534d8088affe175dbd99788e5f0aa78e5aa1599619740f52215e0cce77
B1362,8a476547d4cf963e230232a65adb7a9aa6ed589ac5f4438a7f13da335fe22741,AI252,2025-10-22 11:37:36.951,2025,10,October,CONFIRMED,True,False,False,15B,6e90791109cf2a1022a0cf817aad200bc95d12b496397e7119237265a90e8ede,U********e,8f24c480101b661f1df8a5f9a2e5cafb8379b6f28e3f703a8081baea3336df57
B1363,11e7405e976ffe2fd78666cff7c08b5698c1ab4dc4b8917abe86e0e24ee45002,AI149,2025-12-14 11:37:36.951,2025,12,December,CANCELLED,False,True,False,3B,fa04490151f10a1a32a7326f2425fa617138a4f9bd77a134063c040f646859b8,B************a,6395ed3ce6f37e419420f5226149494790f5c9febb3abddb4d7d80c7c8264e47
B1364,35430287391de581e621b9614f829be68e799590a1abee63f4e54e7644d50cd3,AI224,2025-09-09 11:37:36.951,2025,9,September,PENDING,False,False,True,23F,47ce1895315db10dd00a7075624a90c5ac77c02679decb1189750979749bf546,B***********l,06f1f663847e52b90443e1648cc34ab2955453a3315d883f5004891ba3eb625a
B1365,48d0441e3c09dcd5670121d6361a6d933c03274afe1b985e939e761d08ce4230,UK158,2025-07-03 11:37:36.951,2025,7,July,CANCELLED,False,True,False,15B,a33cfeaddf4ae4d645f159f65b9591682c8b1883536787c062fd95a25ab410d7,S************l,73d4c57567961e6af62dd71374e17cbd8e651a33d466b82141b3b8a4d6ec80d3
B1366,22835d7fd4e730004943432a725d5399017d2cc18d365af87afbd06573c156c6,6F125,2025-05-05 11:37:36.951,2025,5,May,CANCELLED,False,True,False,25E,1c3ba54320320a7a716edcbec2d7d8f9ad38ff08acdf2b31b343dff3c3065aa4,V**********a,843b1d45cf735bbcaa09100b27478b011d5742f5fd29347578bbee328f75c917
B1367,0211dba0308362d09d12cce5048bc85a2ef253da3e6168f427992abe6729bcef,UK164,2025-12-14 11:37:36.951,2025,12,December,CONFIRMED,True,False,False,18A,df2ef55a7363268de57571697d6b835f839dfecfdf6d55d5bb3eea17d59ddd00,R**********l,0927bebc5d55f43aa2c84dee2d75782c81336462e4853cccaf58b932efe09a7a
B1368,ff421e0eb5002c2a9944fa12b0d74fc8ef50622bbeebbfa26b19f0e802effd18,UK007,2025-12-26 11:37:36.951,2025,12,December,CANCELLED,False,True,False,1E,da7d5e0922b2c7c8c28e617b5cdadf4e78ef81f2d731e0cf0fac8ba260256129,I********r,4a81d767dfdcfa6e8b2de4d811bca5dcea6c00eba1b2719b08b4803947fe4c61
B1369,9585a6fe9fdeb56c2583cf346135f842c524d064c6d136b701ea94cc32f44710,6F118,2026-03-18 11:37:36.951,2026,3,March,PENDING,False,False,True,15F,b1b564b8900a1215896719fdae9189077dd1162c13996e62133a0881d4aa3e58,M**********a,cd4d467276d82ff20501ae17b73e5ccaab958f839e23976006730d0b8ec70864
B1370,c754e805cc58c13693de3d6bbaf4ca473b79a20bc39a95d391a14ba226b28c30,SJ004,2026-01-01 11:37:36.951,2026,1,January,CANCELLED,False,True,False,19C,fbbfedb409ce20aa2a9221d740666192579e91ccb4e9d1feb16b26b69e151179,L********a,6ce43ba7d8bc548867ec5235c97cfb571c1ea69253ddcfb60f55cd1df2c09e6d
B1371,21e853f3600aad697c0928b58f515b7db0f6d7820db35fe3ca776dc81c2a0308,6F206,2025-09-25 11:37:36.951,2025,9,September,CANCELLED,False,True,False,15E,ab673c268b0b6bb4a7fd3b104bfc83012467f1e5b62b68b6fe629fc0923afaf7,D***********i,5605246289fff0377b6bf9004a80e1b41df8d2e314ad9ed994205efd01cba3d8
B1372,63e1c2ff2767ca8ceed81263ce666870649190fbb395864203e8c6a17db4f468,SJ130,2025-05-11 11:37:36.951,2025,5,May,CANCELLED,False,True,False,11D,e5683d8f5cd99f2f9887e861da47efc71e61700fa21e46d7ce635fc87acb0084,D***********i,022a6adc04ed24eaa234ff1ce4f26d208d4c42c994d07bbafc33e1af50321f02
B1373,c24146553498b11133c73b471f128c4034fbbc101da3d55d16b786b97abc6fc3,SJ070,2026-02-14 11:37:36.951,2026,2,February,CANCELLED,False,True,False,22F,5d66ccfa715a8a84e66e1686dff3372330d4e5ae29d53685980bed018dba27b3,R*******h,512ceaff0992b601351650baed53d3e046ed974531ec7b6aa2a954a87de2789f
B1374,10d6d6ecb2a19a228670bab3cf934566fd9976ff05b8628d509958a3af826188,AI085,2025-04-24 11:37:36.951,2025,4,April,CANCELLED,False,True,False,7F,e19337a471ceaf82a3edcf2fe3add431ce42be6616da8307dd234f3e0dcd85d8,U************i,e05992a8656690745968084c6a591d99ac59c7f1be82cf21e967f4507a0845dc
B1375,1881045f69a737bc4f4dd7840b4f9f5b006fbbf3f4b5a605a3c66ddfbdff5ff0,SJ109,2025-09-02 11:37:36.951,2025,9,September,CONFIRMED,True,False,False,15B,2b1f5483a4cc78927354fcf1efd9937032c1ca229a01231ad347559d71b5f66c,N********r,7ef46bf431cf56e5071af67ccfff1f79070cd184990bcbe3e792763090f54b52
B1376,b4fdf273d54b2ade5506a89ba09603e0594ca44b488621e16852cbc787ac395d,AI168,2025-08-24 11:37:36.951,2025,8,August,PENDING,False,False,True,16B,272f505c37ab1597644a8b702fd0667ea6cf5e951bf84aabd2acf885ad628036,X***********a,797d91c466a5dc4a682ee86a49e2e72c4bf583315e04aac7e3756424ffbad3bf
B1377,9dbf68e071e2c1bc37c5acc4c1e6272d719672928db5a6393249fee4ee9951b0,UK123,2025-10-24 11:37:36.951,2025,10,October,CONFIRMED,True,False,False,26A,f9036ada771a2986538540e69ed66cab9fabf004d38451555f0fa735956ef1e6,W***********a,fba686e893e0716222587f69d0c08eac849672517b7e95c450d12182fb28e53a
B1378,5ad895f805352bd089d1618e6d92731687f52b9ec12045b5cfe70faa0821e0fd,UK110,2026-01-16 11:37:36.951,2026,1,January,PENDING,False,False,True,30D,f585a0af8cdadab5c0d506a03bab6433eb4c43b704d8a6e1fe81343026089724,F*********l,42fb1e7710f03e58dfcf7b8bd6ed589b913523d8eb2ca87bb7da89a5465e2e8b
B1379,735846a90b8720be80c983aef65b04a379a43e86c0f4a8ccc5310b77f7271dff,AI206,2025-11-02 11:37:36.951,2025,11,November,PENDING,False,False,True,31C,75e6b8e20c4beb48c4a8819f8a3a309f0a8d8d12feb4de568e2362c15ab7cf9c,R***********u,a852e807690f2627e4808ea8195ed10d349fd3b41d9b4f45282a2c6e7b299905
B1380,013d99516c3b5284e05ed24e98fead9f9c3fc2ccc5886314c7ff6b72aa3a2482,6F007,2026-04-16 11:37:36.951,2026,4,April,PENDING,False,False,True,6B,5850503d1da37199d02407b7c674a7ed82a1ac5b43a13b571904ebe7fee7150d,Z********l,c0be665871cc4e134e1e37448b940939d165156b0caf851624d8a2407f2545fd
B1381,15fd27eb5581a4470d632fb8f63f155f85e2ae84e05544a2f9e169da810e6711,SJ013,2025-11-11 11:37:36.951,2025,11,November,PENDING,False,False,True,33A,25d8d806736c98185b1b965eebb464c65d25fd29ed46891bce1a7bc4983214c0,G**********k,c3c15941d2971c184f4beebbd236f2f693fe3d30cfbbfcd53208cf3e6d198df9
B1382,cdc2e6ec383396f644a32ca366118b4a309e0ffe202578b23ed4ccdd0d0099d4,UK061,2025-09-19 11:37:36.951,2025,9,September,PENDING,False,False,True,20D,664c32a013817b374e7372a993eced6a0bdfbb5ee574870568ae1657524c1bfe,A*********a,5285014d2d9a01d19e1d00c2e2393e927cabd2775909da712f0a5f8a7d34c2a3
B1383,2271c9268b10ca16a8458505c1f7f05fe98580f7411f2245579a82ba80687066,AI010,2025-09-24 11:37:36.951,2025,9,September,CANCELLED,False,True,False,8C,9f2376bf007e0326e5bbb9d721c3fbd4950769d8045e8ce6b8164816c49a3ba5,B**********l,939da8c31c13cc724edd1e00096a321e2eddbab7ac64dac3aed8e551f74b5f59
B1384,ab354da3fa71b24d589ecd87a5023da29288a6d317b2edd06829a827f500fbb6,AI024,2025-05-16 11:37:36.951,2025,5,May,CONFIRMED,True,False,False,11D,8acc935278d46678bcc065830cd44ecb579665da48d91c77b0b1ea897aee2719,U***************n,fe3c41336ea1638b332bc1260003b89737b3f247b13a2394b65de0861d25135e
B1385,10ec5467b62dbd27378d1fff18fea368e3c6a52b3c796c8ea97fe8fbf30db16f,UK130,2025-06-08 11:37:36.951,2025,6,June,CONFIRMED,True,False,False,30B,352af516850369165f07fce32b4285c5824ebb0556d76cb600cf96b464455446,R*******l,651783028eccd7a8324e76b617d740160a3eee4664c6cfd7ee032f2e8dc2be23
B1386,79033b56d853693270e1b765fcd2c2250f8517228f25b69ce7432d748caae205,AI161,2026-03-12 11:37:36.951,2026,3,March,CANCELLED,False,True,False,10A,25b94b35c22556924a58853b8a3cb666a4f30b11e2ff269bcb25508f4a4710f4,P************n,5307b91a0378ca4a71d1daff230533a1f58122ed73dde2c0bce306231a2a345f
B1387,fbfdae7167ca504fb6574b58058717aec2eb950ea169dfd4a4e81f4a4d437af7,SJ208,2025-07-23 11:37:36.951,2025,7,July,PENDING,False,False,True,24F,fe741fa0d15aada3829fb87473872a94eda8df1fd1cf1345543287327d265c96,V************d,ca0ffd0f71c84052b187eba01fad6825e80657cb5e740013598419bcbaa6876f
B1388,f4133d1257c4df22d1f3160f167fa0b82a2d16ffc2fa6076b0dd622aa9284cbf,6F038,2025-09-23 11:37:36.951,2025,9,September,UNKNOWN,False,False,False,8D,ee46e55ce141f0e71d61ff20663bb7a07e80c0c969bed8d19024b0efcc1e0b8f,U*******l,c9c94a9556e5e3712930e85629b42cf94f1d5973d3f987a9b6202e7bcdcb3dc6
B1389,8e26350544cae3f0f70ce8db62951546a2e8e09af01719b2917ac5c05e1798cc,6F085,2026-02-22 11:37:36.951,2026,2,February,UNKNOWN,False,False,False,30D,5b0337f649c4d44e756d6b02297263536c7938466839efb2aeaf8a1420cd18ba,N*********h,e7b5f3be7bcd5ad514d4084b145e40596c8e19a985fbf9cca6cb198ce6fe4626
B1390,7aa176d0a5f6a996e7fe57dec83784416fe6d898c98ce4815d2a6492d57a6472,SJ028,2026-03-09 11:37:36.951,2026,3,March,CANCELLED,False,True,False,8C,e90f78cf72157732a18b624bba25f10f8c8324551191e4d519dc20134942cc33,E**********a,ad313a2feb6fb6a57908417b64d78491543d9fbcbfb604cba0441f91174209e3
B1391,0e699f0e06c390e586417eb020e3a0d80b33e618c62a55599068d510c850b9e3,SJ084,2025-11-26 11:37:36.951,2025,11,November,CONFIRMED,True,False,False,21F,6c66927b488f66868f9db78514715ed03968fc6942566ebedff26b4c2c592596,N************n,68d981e9f7b50f6813b3d619edd8c41a0108eeae756a0c5cac95111f2bb69dcd
B1392,dd0d4f009ccd8b20446938da00fde4d16ce9a707f7318dd1f54c3dafd7e07f28,AI139,2026-03-27 11:37:36.951,2026,3,March,CONFIRMED,True,False,False,21D,c6aed61e810837f7174917dc8e20eb2be69893004ea7d779690f1f187c065181,N**********n,38d8dcc83cbcf926eac48ec668a7361c997705fae563526c1fc65508482207ab
B1393,06cf5fba4db048c6700c1058a21ce384bf0093a18e77441744df25a610cba230,UK179,2026-04-06 11:37:36.951,2026,4,April,PENDING,False,False,True,26E,b07a839f0d71b0e6a80975cb0e5955c9fd33438e666270a6ac64007ae89f04fd,B***********n,ab04e95fd5d7161a7970d61b625aa05d44669604bf7a3dde73da31e8ec397f7a
B1394,37f70e517d13b58c91152dc3c591320d5d08e0be15019d148e5655232948953a,6F256,2025-07-23 11:37:36.951,2025,7,July,PENDING,False,False,True,23F,b20bdee61b6bbccbde4dc1a61c1110bae77045145b99c724c3070a21236a5def,B*********a,54becc0291835f88e75a7c20b3c4b09c0b67078b1b17d9b4ecf055024a2b80f0
B1395,3c5a756d3cd50af2c1cceb589f32a40d1a67aed43e64136cfbab05982a63230e,UK023,2026-02-10 11:37:36.951,2026,2,February,UNKNOWN,False,False,False,23B,d7357156a6e404a6182fbc282cb69189c02b3574fc565f28d26a8f1ed7aa1f64,G***********y,8cf7d5dad20d53369ce15f98ac574cd408c2285120e119315abe9cf4b39bfebd
B1396,cb8500518a266d0a024d0a16e212d8f568a9d5a6ff092b0c3a15c9f2851823d4,AI039,2025-08-03 11:37:36.951,2025,8,August,UNKNOWN,False,False,False,13E,2535e1ec2a432b45bf33457a8a7d863b69d14e944a58f4239364f4198e5680f3,Z*********k,77717231923e51ac48c5c7af408fe554a0607f7fef3da8f3c365b82c54116013
B1397,8537c2efa30e935deb54fe09333c46fc8c4a8e94c6a0d5071c78a160d734748f,UK190,2026-02-05 11:37:36.951,2026,2,February,CANCELLED,False,True,False,28D,32f6bf49dcd7f3a3a4fc0cd24d2422a78935b5da4e9a8a992f29be41a1aa43a1,J********l,b913720685c8973f3195b6d0014d11d46e0078d51edc7967243ad97a3f993ab7
B1398,4501ed1c58dd1fd2e579358f8d11c8862f6f538680eb712ec38db5827d52e883,6F224,2026-02-04 11:37:36.951,2026,2,February,PENDING,False,False,True,3E,08af2eb8f4257835b69491e9252b7bb40f90b7191f376d62d0d232b0ac677538,Y*************l,dd31f3c2d5ababff631a375016f41cf79cb8bc76cf38a66fc43a1b24fa420351
B1399,fcba60f55cac724244b245a65498aa46e73d352ad9540883c0139d3ddab15a1f,UK221,2025-05-31 11:37:36.951,2025,5,May,PENDING,False,False,True,7A,ba0a84be81a24a6c1740e4700ed8bd43191f7c9ae4f3c7f326a69a13e66069e4,T***********v,e83cf7ac1b4e73432659b04b14f9fce81a5ee724f1d34050deb16fc5924404f4
B1400,d4b256a73ebbf0e5b9719293cd5872b7a42284f944c914c2bd3b5a53a3ea41fd,SJ107,2026-04-02 11:37:36.951,2026,4,April,CANCELLED,False,True,False,12F,b5e87d4c746853271443049845b13b02adedb7ade30fb78d112f4831f33e1a90,C**********a,e5b419b9cf53b523e07c873c8064f885888d40c5c154a3b3b08c340903582834
B1401,3d817a3baaeab5918782cebbce2614e3be8b2aa2e4a7d6573775ad000da95c0a,UK155,2025-04-20 11:37:36.951,2025,4,April,UNKNOWN,False,False,False,21D,f7aa5a0c885017eaef8b46bd0a938c2ef396e639fa1d9c53b82b3ffead2531a0,Z**********k,d9cbe26507db5eaf711bb2d93cb4371d9e73b58ebd36f4652e85ae58b710cfef
B1402,7f8a4f8fcffd556d60cdd9cb6d9881c5f0952f211e879052948e285011a4da4c,UK183,2026-03-21 11:37:36.951,2026,3,March,CANCELLED,False,True,False,7E,d7a7d31cb5c9471ab310f2a048aa4a1216f6e1acbde1d49fd81155ae6ee65db2,W*********e,2d3a8747aa100bd8f9c8e20ae7d0a808e4b9019096e81ba47b631b0acc2a81f6
B1403,6515520768c95a5f9eb8e00e887f960da5f9152736525f43c985a851f5bbec35,SJ203,2025-05-08 11:37:36.951,2025,5,May,PENDING,False,False,True,26A,886ca7c450f6feb23a9c9d3ecea656a593c421c676642c149045b150b9971f65,C*********i,886880c4a10221251242c511cb0dc8d61c409b39a8d5709bcf148e65216d061c
B1404,6c78ca347eb017af2b5b06207cb1dbb8974d9429ed43b397a5e91b4af78ada20,6F253,2026-03-07 11:37:36.951,2026,3,March,UNKNOWN,False,False,False,16A,aba6403bcdd7e47152d3137e8e9d01dd4e802c4c98013cea97555fd1df01022b,A********p,e5b1e2dace4c674f68a9c8a761a3d692787065636a6712e6748852fae6f3250b
B1405,5878c05908f7ccf9727182c3c14470e84de2a2d890aa6a301ecb7dbde8b34ef3,AI100,2025-08-26 11:37:36.951,2025,8,August,PENDING,False,False,True,32F,3e464b814eac09b31a5d558cd29395d79e1897f8b13294c3d5fa871e16c8719a,B**********a,aefbd72df693b6b664e715c9235da736d6047508062428774bb376649e7b297e
B1406,1f48e7b58235f1c6c2b7353190b545fb09ec1a460a4d9b3700a2542cb336f9ad,6F140,2025-06-24 11:37:36.951,2025,6,June,CONFIRMED,True,False,False,15D,ad101d350a5ddb9ea6344cc2bfebf927246587e8790b3da5f371e46e7d112f54,V**********a,db488f98f5c2462797d3b5c46bce09093f1dd69648dd4983d77a1ad1c5726a97
B1407,bb9132d26cbca0e016df03b78092d28936b000d4e484bc0e3b0a154484a240ed,UK048,2025-08-26 11:37:36.951,2025,8,August,CONFIRMED,True,False,False,25A,9826ff0c1804bc8c8676ace0f2df8ad028d0078ec33d0168d7e90243c1c85755,A**********i,d862f4f0125dc2b4f674d7b970e2cbaafc8d846a9c52bd37576e53afc54798b3
B1408,9e9cdc2bf4b91e70025e63cc7ea079b158f64e6d9631a7cc43556b9c29593df6,SJ204,2025-07-29 11:37:36.951,2025,7,July,CONFIRMED,True,False,False,12F,4bcb9e78bb4742fef5d5bfd6cda8883f33469bb874c8e61f78879ee57736498a,N*****************y,16199f2c410c6caa6f8ad8732b5381ad8f39a5efc37a653f326ad771eb352bb2
B1409,5d042d25d06d51fbd78a2786c9f26c209908332be3a106bd04d4ca9068850202,UK105,2026-03-24 11:37:36.951,2026,3,March,CONFIRMED,True,False,False,28C,a3dd6179270a3c9c0da0f407162e6f9284f912d7574b1a511918cb815fa45548,A**********y,31e98535def7ca2201adac20dcca2940abfb843fb8fa2eccb26d225599139d43
B1410,881c00d2b84a6a006122b3980c9909139c98b62633c8c1648e5b2e9f4045482f,AI098,2026-04-13 11:37:36.951,2026,4,April,CONFIRMED,True,False,False,32C,1b2f7dacd2d50b2a87e7673d3bf9b5b9836c55477df1e7c50cd1435bd9114a59,G*******r,5ddcb0de316dbb7becc8903a307e62c69a40a48a60af3576b0f9e8ad4a83f6cf
B1411,ae37fa4a6e4efefde12bd52af53066456a5c1b5a8b5ad036317a0dc0218e0db1,6F013,2025-10-12 11:37:36.951,2025,10,October,CANCELLED,False,True,False,1A,eb06f8b0987eb961c13e75337c29ec88ee312db3db85c2377f82369562812a05,I***********y,f26c785282b97de594a8515f0ad47e011c16fc3aae0d4eb210fbc9cd7325e288
B1412,9c90f9d7d09cf46dbd5bc724a796b3ce1fd1c65d9a531c50bfe36465f539c681,6F128,2025-11-18 11:37:36.951,2025,11,November,CANCELLED,False,True,False,28E,f09ecfe022259ccb65b245d8ee19248b438c14f937495d48ee7be55f1eef3f1f,J********e,42d9e752e87e391d1e232d48024df6421d6e8d1ffcbbc37d90fbb65e18e4de3b
B1413,8249f45e7acc37f4632d0a259fbec44a4ed875f9ba9f655e0c57b224d001a1f9,SJ038,2025-10-05 11:37:36.951,2025,10,October,UNKNOWN,False,False,False,14A,65110ab0608c5a431fe01e94bb0b837fa493a9244cd9317bff0400fc6724020e,W*********e,f524f1a7468e42bd0637f1d900db828dc81d54e1503288a6163623d65ee2e4ab
B1414,2d65aaff1dc20486978ace9c77e94bad4e166cd3201e51cc01a636e375a3a606,SJ182,2026-01-07 11:37:36.951,2026,1,January,CONFIRMED,True,False,False,25F,b7d4741a357479899d235b691838cd5f00c8a80ab850f89999571b4f916c769c,Y****************n,004af42bac3e931fc11d20b2a0fbee0e3e69a38a297fd9680cd6b2a43c420e2a
B1415,3fd6c6a6cc99badcd994e57f26eb48e6a13687640d02d155eaed0cece624ed0e,6F199,2026-03-22 11:37:36.951,2026,3,March,PENDING,False,False,True,23B,20e9b755ab54b245b7a34f977d71c76cb9fd5962d2c5f396b56291e693829159,O****************n,9e07046e3cb9ab49a24ce8f6756d87a4cc1cd369db92cdab5e133db009ce1be9
B1416,c8666e35e4376147daa64fbecafd2397fec3516cc643574c7d70e26fb1040f2a,SJ187,2025-08-17 11:37:36.951,2025,8,August,CANCELLED,False,True,False,20B,ba26634eb12f352507d6b56f63df26106d8fd258e9060242f50f29ab067c2b6e,U********i,43c45c340e2453ec2d54993657c6f663b0887007a48702eeb1227fb72ec96cd6
B1417,1e373aeda1556f7d6017e2900a519b40e81a9d833fb84176f353c5077e2b2936,AI182,2025-08-18 11:37:36.951,2025,8,August,PENDING,False,False,True,8E,b52bc04c66a4a4571290f9a7312098b898f9378e6d842629c98197c3023c26f2,T*************n,a6ef8658c78109374b9d7170fac7487a3854e807075dc364f07863c09904a648
B1418,d9b6a9917a89ffe75a69702b745bac5690f52c4610df6ffa7c927dbe92f70f16,SJ027,2025-05-04 11:37:36.951,2025,5,May,PENDING,False,False,True,19D,01c32390eaf548963758a5e29ff5022b2a8cc0383dbc929615cc72af611f5415,L**********r,b899dbaddab10a3555626b79da45be4c0b35558bcbbba6a14d5273d94c55663c
B1419,39d03c4167d7676d221533e473f0d21870452dfa5c4ba1cac63e2c5696ebf8b0,SJ062,2026-01-20 11:37:36.951,2026,1,January,CONFIRMED,True,False,False,20E,4b5851018e8e67a8419dd336a90fe12e57f83c8e6a98cae19687fc8fc5fd9b58,Y***************e,e57f8826bae671965b117ce1414488e96cf7b42be01cc0f782ec6682f3ef09ae
B1420,69fd58484aa6c379bc58b3399dcf2fa5c864da1db856d20cf157bb901840fd88,SJ161,2026-02-24 11:37:36.951,2026,2,February,CONFIRMED,True,False,False,27B,8372df661f86a9653065700c75a4a35c54a24585c4efe165c29fd9a6cd7608bd,E*************r,0d2c352f6f31fb28d627ce9b4331db5735310643e5e161645d8db78c6a096f77
B1421,028cb64631392a377977c87bedcb83b08efa3795ef7252615e60dd9e8b72102e,UK058,2025-10-03 11:37:36.951,2025,10,October,UNKNOWN,False,False,False,23C,443ce9a73da46a9c06701b7c62d21e325d6e411ee044c8c8449b86ef3ad318b9,O*******k,90e02ccfe6e8db27ab75bd6dd5025c467f1a82f52f8caf799cf03d297d07b525
B1422,90b4e732ed7b857b631db1628f6d3aacca64e3954d38a803da76f97f588eaec2,AI181,2026-01-04 11:37:36.951,2026,1,January,CANCELLED,False,True,False,12D,a5f3594f96ff89990f4d309d5a31b55e007d977b2a722d81a86394dbe0c6938e,Y**********e,a412a3e6da838cd16a7fcc42c0bdee4180c0141f63db057551879d0766f8dc2c
B1423,24408563e5a55389f4d0c14b5c0ea4c58f2f5884eb1733220397e93a75c7007c,AI003,2025-06-12 11:37:36.951,2025,6,June,CONFIRMED,True,False,False,14A,57dfd94bd4ef351963262b963388262b44d7d4128d1178b4a321f7c2e522c58a,A***********l,bbb1e10923c7bc0ce075b35f7f0dc95d18cff867fe466e9b84373296eb901410
B1424,54880709cf829c2d0d703d6ee6f77deed4c47aeb026f35def2f7a6b2e789432d,6F150,2025-11-05 11:37:36.951,2025,11,November,CANCELLED,False,True,False,11D,8e94a2d9289a3a84f38f97894fc8f0c599af11eb7a160e956a0e4568e14228a5,C***********i,a192ef7da7363dd1a35f4a7e6fa561ad67168838406f68c542ba34c88580933a
B1425,0c217e152ccd55f1a535c71a74417b87d18517d362761af9e40aec699d050137,SJ175,2025-06-28 11:37:36.951,2025,6,June,CANCELLED,False,True,False,34E,2c11e289f300ae6c8a52ef1bcfb70920916d843946e22100597cf0caee12f129,M************n,cc77d2c31ebfef0fe1310eb6d21a8b5a689f2c688c39e19d74c07bd16bfc36f7
B1426,370a5d9b1e3c152abd94138f869cda838b8cbfee5c965e3d0343efe0bebe74d5,6F041,2025-12-15 11:37:36.951,2025,12,December,CANCELLED,False,True,False,17C,d5fe3b72f50b2828af4973d0e174278691596aa02f12b291d6e86e78afbcdf44,V******i,58822f7ac1965419b96c07ca87f74ea03b5817d4e28c24192feb50d1c9852d15
B1427,228617b3e082657a58da30650b2fb1949a3b5e0caac340093eef48a1c41397dc,SJ040,2026-04-15 11:37:36.951,2026,4,April,CANCELLED,False,True,False,16E,6c6500f7f00865d63c4623efb2558c178bf5b71e8d3fd29ad14000e1700efafa,G**************t,b38a98dc7a107093fc9cef2234e6e81c64b3b85c2e49cb947cea4cd7052a1775
B1428,0271a1d8f8a99a208013ae3a75d36081e26d30472bc25ced8ac6dd1fcde8a2a0,6F020,2025-06-17 11:37:36.951,2025,6,June,CONFIRMED,True,False,False,27C,ea17837d5f417ba66f5d7a7aba2f094df5f7d00035b90a6f06929a1812ebe13a,T**********y,fc0047832fb042ad350f91b813976049eee3661a03a6765c634bab70ce356af5
B1429,26376445980d26bc12941def79163d953b953328c691492cb9be226039995e6e,AI248,2025-05-08 11:37:36.951,2025,5,May,CANCELLED,False,True,False,27B,48c21d848f29f5344a1057c36baff6bee4c26d8a3738ac092f404080959f78ce,R**********e,a5f11351476f818f0d21c2e019f2ac68b0b7bef4f1984e60c1c7b3bb53f85c1f
B1430,9d2990bf14adf28987ad0230c0d32cf41e5dd7c9fe67790ce87de1a0d14dfc34,SJ016,2026-02-08 11:37:36.951,2026,2,February,CONFIRMED,True,False,False,11A,66838d17d0c3dee938b6dc3f9a4aa777914372c460851a39a9cc8431f460ce02,L********r,bff2a3558c7e3675b477ab299321eea9f74b1eec7cd0b3c357a9bfc736f20bc8
B1431,6cb07625c8ce61e7fb453d4f324e936581ec3f8f5a9910869e86bf2226480e9b,UK204,2025-11-21 11:37:36.951,2025,11,November,CONFIRMED,True,False,False,31C,134432d491a3b0e75f0b312c1ea08dab5e900b5a8ef3521be2aef4ac59a031a0,N*********i,9bb8ce213d3319b8c6a24c68e20b215cea6b7709abcf9c73570010f919b08543
B1432,bb7774ccaf953afb4ae638b67587b7b5f0570cabfbbdf5e8da80edee03a0829e,6F211,2025-09-02 11:37:36.951,2025,9,September,CANCELLED,False,True,False,9B,446bc6a2a65e4cd45c81f6c771cf1e1fd2956cb2587e7e26057f8dd2355f7cc6,E***********i,dbd601b6924542d801919fef8fd1c57166936e495bc2c380a0cb82cb08ac5aa0
B1433,c7ccf6a417208a4d93399733f39ed59bee1b97558dd765c7045aa071123b4d68,SJ166,2025-05-07 11:37:36.951,2025,5,May,CONFIRMED,True,False,False,5B,32791dabb82b4393c2fd3cfe70e6006a7e4288214c4910f40677d179914b5dc5,L**********u,698d88cd16fe6f0b4dff26de56816a34646c6ef9f0e5db6fddc0c4b2bfb726f7
B1434,299bf2b46c2d2014c31c4e663242cf1252c7b080d88cce3b4a92f83b74d0b156,AI036,2025-10-19 11:37:36.951,2025,10,October,PENDING,False,False,True,30C,f1760baab5471d13a08e829d27289390168f1a8e14947d063d9c008446949f40,M********n,3589357caa7354a3307a0189a7fe97b77ecc740764ef09886aa786f9989f35a6
B1435,080a17634682e71ccff40216f33d1db23888846acac37c1bcd92906b217651d1,SJ215,2025-09-18 11:37:36.951,2025,9,September,CONFIRMED,True,False,False,1E,3da80707ab31b3152329e66079eadc86c1891deba9badcdd8151ae942ab3b6ee,B**********e,fcc37b2832a624a7b043dbd510a9c632f44fbe86fb700bff12a3b41617ee11de
B1436,142269fb0b4837a6e59968db67dd27409803d9d8ee3cfcd2f7b6e12f15b26ada,AI076,2026-01-05 11:37:36.951,2026,1,January,CONFIRMED,True,False,False,20B,83ff48264ebb0d881791668d7412a1ec552d73699124f26aafeffc71ce8b0016,Y***********a,e2b14a8b2ffaf60b567e4589b75e452cdc61f1b976e5f91fea9d969493ae9cee
B1437,025863560afc7b8c9b2bb07f8c9b0b0e121df2fbbbe2f5a805e4307afc34d9a0,SJ012,2025-11-28 11:37:36.951,2025,11,November,CANCELLED,False,True,False,24A,7be5f7dae78ef72d7e2a71f55bd14d1d9c26a23ae805dbbec36633557b165bd6,H***********f,6a9c21efbe3e14643d21ca0bd16f60f8cd5285e5b11e3b85527f0ae162ed7d78
B1438,c69e01f1f8c5b49bd6cf223cf519595b36def4bdcaa285f1453b19422941dcc4,AI073,2026-04-01 11:37:36.951,2026,4,April,UNKNOWN,False,False,False,20D,e73cec75cd6b229592fb9031e050e58c679139507f5f5861afac6c5baf148ea3,H*********a,7402897551348f99630f53211b06bbd74602af56a17651dbdef420eccd770a01
B1439,a04db1b85ec66df8d551e8c37b9b69bc4e1ff6bc91c7992d9d371ebf4f5d58c4,SJ173,2025-11-09 11:37:36.951,2025,11,November,CONFIRMED,True,False,False,27E,eecf9504f8115c38a760ee5fb45b4d5be2d503e801e4527a25b564d1eb884762,T************a,f4ef92d96b469211bda0dad635a14d0aa5928265da6e4fba4677d04877c3d123
B1440,cb63a34e951c83ee61425ccfca410cae16bee83cbaec915c07c10ce5ef44a375,AI193,2026-03-09 11:37:36.951,2026,3,March,CANCELLED,False,True,False,25E,5c2bb459e1c2612e3c462dd2bdeafd5633cbf83eaaf8c3aaa90d8abcf28ada0a,M*********t,5411579475fdf089d07ae33723cffd362d4bc4bb504d626ab56f74a2b9155d89
B1441,7a73ce2a7fc78ef30e7d3767823226ec53bad36409ec5e2d54d4373e77bfd26e,SJ131,2025-09-22 11:37:36.951,2025,9,September,UNKNOWN,False,False,False,13A,4955ce400754a64a0cf25f4f2ad6f2213a946850344443375d7bdfc3c0553b15,M************e,b26e1b3974e2eb1be1921caaa72067e371dd2dfc4b329f9dc4fea5451b51b2fe
B1442,0a093d698b33ad8f3a16b652d006c66718f552e2709910d5db13ce04faab6a6a,AI225,2025-06-02 11:37:36.951,2025,6,June,PENDING,False,False,True,11E,a1e9964a530b7dacbb1cac3e0749777bac8ffee67c2c3761da8bafe3a860a67e,U**********a,0c3fdc10acda74e862547dc70ad8c267621b228d11a32c4a94510cad1317a9c6
B1443,022b671b6c1a787f8e18f8f36dbe7fcbf50142158932d527006569dbebe96b3d,AI190,2025-10-09 11:37:36.951,2025,10,October,CANCELLED,False,True,False,9E,cde7a00501fe4df32920ca24e11029d33fa1747b71da6d30d302ce795bb5b4a8,H*********o,6b27e00d83a6eb6c0bf43af4b8b7202be002492b8c156d0830f48e5a96b8b003
B1444,b65304c929ac9ac90b919fca5846a082845092de07e4a41e87a5f1f26d69276c,SJ238,2025-12-25 11:37:36.951,2025,12,December,CONFIRMED,True,False,False,7B,1db92bf52d6e167b77017867d4a3d1fe6ef91c519b28fbd54ad332781fd52198,F**************n,f43eb512d67d0e72cf8017ce3d7dce5d9d674b13fe695968e70a6550938eaeef
B1445,932990ec1a7797587578bdc8611fb94c98f194f57adeb99310c649a427a396c1,6F005,2025-12-21 11:37:36.951,2025,12,December,PENDING,False,False,True,5F,0ff96f71cfb679caf367b36dfbec25a05a17abc8fc1ad06abd833835b6a074d1,L**********g,6c0d7f06ec22bd4c1eb2922d8160157b29d70a21b9906bd7a9de4f9c59f5f2a9
B1446,ff028e62663a2d3fc2b4ac99baea8e4e38a5abad0e16a0661e0a49f39b6c64ea,UK136,2025-09-25 11:37:36.951,2025,9,September,PENDING,False,False,True,23C,4904b07e5d4278e0c0fb3ea14c4fb4f08e77d31c0a585849c6dc9421b80e8282,V**********k,8151d484135b5f119c7b205b83be83120294c6527b98f1215a458bbcb08771ec
B1447,09d9f20b170cb65e13df0168ee65b5e40907a45c66b98230f59d7dd60c63a13a,SJ063,2025-05-21 11:37:36.951,2025,5,May,CONFIRMED,True,False,False,15F,bdd31f573906bfdd0a2a14b19ae0c568cd1a106616c1e35dbabda95985bead1a,E*********r,2d1db2a5efba615dd1b81e548ab6f81873a5fa6de3bc82982f9b372b5d6635a5
B1448,06cf5fba4db048c6700c1058a21ce384bf0093a18e77441744df25a610cba230,6F175,2025-11-21 11:37:36.951,2025,11,November,CANCELLED,False,True,False,9E,4bed1472fe6db6fba453493f5b3ddaa216fac730d5429feae69e9ca98f2bb192,B**********n,b35c8253f8170c90ebc5b69ed43b94da81c37afe66c523e91f477dbb14363765
B1449,a3a748f0e1d1d03123dca2f1ec659ecfa1e3393ea2b8f22a46ae8c38d64eea8a,AI037,2025-05-23 11:37:36.951,2025,5,May,PENDING,False,False,True,19A,d93f43de76fac5e7cd061c7e12d08d4ea7ab5a267d0a0cf92cc16b902b1f0cd9,G**********f,6f6100467cb60761fb2f4891bbd79b91ba913bb6a33852d8be8452d077029be2
B1450,c70935e216f396d69290bd6a36aa1f5ea38bdf31d34c313050e37f1f42d428af,UK225,2025-11-11 11:37:36.951,2025,11,November,CONFIRMED,True,False,False,21C,f4e54aa26d9f0129081a619e528ec57ed40b6e840b36583adc42c469a6c96e30,G*************y,f5fd363d1e85bde1853571133c9f685cc81700535a9465d20717fd65fa21f088
B1451,fff5e2b2b327cbbbd75cfa1cec294713fdec51c162b57a10856ce07ffc06c27d,AI141,2025-05-20 11:37:36.951,2025,5,May,CONFIRMED,True,False,False,15E,f5fd0df8f5ed7582b2c83f620abd102a7c3b1d3dfd6034e5f101ca38e20783d0,S***********n,2539c1202b52d8fec2c6cb83cdf5226fa2f52157f80805a34ea59593a0b29dec
B1452,7a73ce2a7fc78ef30e7d3767823226ec53bad36409ec5e2d54d4373e77bfd26e,6F172,2026-01-26 11:37:36.951,2026,1,January,PENDING,False,False,True,3E,2d2b83ccbfaed9929377516ad21b6cb7be02f3ca898a81b260563fff93ad5573,C*******************n,cf93fb86bd748c122f4662aaba0354243c3de9fc8eece302be713ee9bcfbf99d
B1453,214570e8e57cbbedb0b4b324f9d19943a962fe8291da22434f634a5989e07f18,6F219,2026-02-07 11:37:36.951,2026,2,February,CANCELLED,False,True,False,16F,58323f485d32d67f7b3ce6834557082783c17331774b2dc0a5ab208862d1afa1,C*************r,32aa2357f1e56d394d7a577af41e1ce00d4bb1f070bc0a1e67717c3952d7e271
B1454,ab64cb415612e62b2e83997f579ce67fe17cc0a0720320eefb864759ac62606c,AI045,2025-08-16 11:37:36.951,2025,8,August,PENDING,False,False,True,8E,f11d996211899566490a9ab25b12cc4f3a11fdda2a96f2ddb809376bc2bdcb03,D*********n,fdbe5218235c627ba82eedbf8ea2405ea70e355183e0be7816623ef4b83a0864
B1455,109ca04420be7bd482269ed2ae4255dcd71241c4ba0ccae0fec8c698ff0eb2ae,AI198,2026-04-12 11:37:36.951,2026,4,April,CONFIRMED,True,False,False,30A,7b91fa2031331205dd4cf074eb117dfc096312a0a6a07cb5081eb054c86d97d4,J************d,d04799ee925c9a45c5cc2694af0becc8c610e5b0b5e953d3959857ecc3989c04
B1456,fb96f6804a99a12f7236eb188f60df8faf71dff19b717a27691417808a27d6f4,AI120,2025-04-24 11:37:36.951,2025,4,April,PENDING,False,False,True,17F,442f1d7f13e55ad3c61d20fc5ed11c9c3bd3b17194a4f383c9d940a2762a79c2,R*************a,be10c7f76bac82ef8051b77c1f56bca9a104d34a830d507700f10fde8cd5f421
B1457,4247c8365843695e9cf30d3275a93985871cdb957c8a5ea6dd92e44287754911,6F134,2025-06-11 11:37:36.951,2025,6,June,CANCELLED,False,True,False,32D,d00be8032494b1a73463dd4a8f5fdf1a13d2dde0131e58179cb2e8154ee14f2d,Y*******i,ba09b1117731cfff59b29f95519b9707829848c7e767cbf3e39c36e1fe7ae1a6
B1458,593fee80959859d7d383c3e69ce7c146283f30f8e4abba15916346fcac056ee8,UK102,2025-11-19 11:37:36.951,2025,11,November,CONFIRMED,True,False,False,10B,89b800253fd07cd17855c01866a4161aae8f0417bb6667c23df05265307c994c,N********e,91954aa520f8bd4d7b11f4819e835d0241acc5da010cbb26f81df17662f28a2b
B1459,ffd7386b5130f996a8724381641ace5b1cff4a853c1553378584a30f244d5d3d,SJ199,2025-06-10 11:37:36.951,2025,6,June,CANCELLED,False,True,False,1F,3f4ee4adbe47c023a8aa973abae87f652b80dfb953f486600f471e58ec2126f4,O********l,1d961281f73a5b704f0da925b202eca8f26f830312367d9a79e6243946510ca6
B1460,cd9411366cb12a607d6557d82dd84d79ce3f1a60fd3c3b1587ea7debd76f97f0,6F235,2025-10-01 11:37:36.951,2025,10,October,PENDING,False,False,True,32E,6ee5308b0c9ee5aa481428033724f3d0f6e0d0586bb43cd578302e6571628636,F*********a,fa5a1c4c256ad6768006522b7b44f9c58b26f4acc75723ee8c32c1232d561419
B1461,af73e26b43f653fd66c79ebf74dc6440a04dc060b0b4fadc2ff2726a16a2c325,UK065,2025-10-14 11:37:36.951,2025,10,October,PENDING,False,False,True,33F,6cdffe387e98f96c911035d965df20db987b67fe4dde03d038b4cb931bae5cbe,W**********k,4ac1cc40a157357594dbc6753f81cbf122721a4b0ecbcbf923eba512c65d4973
B1462,cd9411366cb12a607d6557d82dd84d79ce3f1a60fd3c3b1587ea7debd76f97f0,6F135,2025-12-03 11:37:36.951,2025,12,December,CANCELLED,False,True,False,26D,bbafd94a1679df27fba169ec18ee29a6732b5945eac55738183aa34eba21ca33,L*******a,747bf36032f29d63f85bbb0a40f2126d32f4709c3efb8676db17fa8b5aa70e8c
B1463,e5b07d8face3853f5042e4ebd798387247f04be2c406bacaf679ec9de5db41a3,SJ148,2026-02-10 11:37:36.951,2026,2,February,PENDING,False,False,True,31C,5e7e664b303279baece5af1da1c47420c37fef23e7c6a7b32c36971813501064,T*********r,df66df47f1ae1c568fe7bd13c86198fdce5a949993db8747159b1ed80fcc264b
B1464,e4a82b2a713097e6262aef24c33fd7d503c875339f1864d37634936f3a800a47,AI083,2026-03-07 11:37:36.951,2026,3,March,CANCELLED,False,True,False,6B,eafb917bf2dbf514e1be86aaae0ea8fe1cf86ba47f648a0ee706d1166059f60c,T**********r,d8329d4b061888d23bc1cca654ee886e821083a8f1eac44c9662c0e5b1a01fac
B1465,9238aed697b53737552fb13265a728aa7c4afa319dee6756640baac14e5946db,UK024,2025-07-02 11:37:36.951,2025,7,July,PENDING,False,False,True,5C,c8ed86bc4b1f5b2a09402c8f4229497cf8167a44b623ed4e76e747f485beacf1,A***********f,f0b01640c0df10901dfa1dcba3fc72bbb939964dee21746d4d5d110447f4c954
B1466,c78855de749f50c7f98e978b2cfdd41aa62ab578f4c1a64e282225ec59b10bc2,UK220,2025-04-27 11:37:36.951,2025,4,April,CANCELLED,False,True,False,28B,db1e1f7bed19757ec03c73a95e816cd168439d98bd3f8246c5ffbdba2e6a6135,B**********r,2091ad9317ec0f710aa852e83dd9764e8b477c007c89598512bc919c19fba2d7
B1467,9520ad3d7a70d319e14e25c5b52c6b6257fe2f5dd6bb98d388da154d09afb415,UK115,2025-04-30 11:37:36.951,2025,4,April,CANCELLED,False,True,False,25A,16c31d4c77527f2ca2ec9f0599e6ffe79538c8044d0872c54c91682e5a6927b7,E*********e,0822357bb73e48e72aea5d1c3b558448cc7065af276a01b6440ae96de8ea22a9
B1468,d53bf95834e2706661adf58091b3c62dd790be99457254b9d928c721b1549304,AI255,2025-07-16 11:37:36.951,2025,7,July,CONFIRMED,True,False,False,14F,cfce696e6992ad7133656086d323b05c917885cf01c5028f6f7fadfe829a5b04,H***********y,b2c945363b7410104abb0ec29f522b113ebe8ad3833e36416366c1cac3a5254a
B1469,c34c08c1d9a4c7f2bfb10683732101b1221af7112c810547556524f8b020442c,6F001,2025-12-25 11:37:36.951,2025,12,December,CONFIRMED,True,False,False,11A,78bda9a94bec5a874ff31f2fad8d140eb53464aaca673796a71065c1566d024b,P************a,845fd15f8000a97d3bd41972cc06bc1a539a6c4844f095f663efa0846951b9b0
B1470,ad3bdf275e916fdac402d01898ca3a3c574ac15d01c763ad5c76f9a772a79c2f,6F132,2025-05-27 11:37:36.951,2025,5,May,CANCELLED,False,True,False,24E,d4bf3c31b9fba13e4cea7ad9b73f3ca84533b03852e9da4008f91a0f7894e7c4,T************l,fbc8893fde8e2260290c1e3ded2dca502fdeb896cda7da2422598358b5c98e9a
B1471,8e3db6260921f94bb9ae157f337c44374facb3a9d586ffbf3e2154d807ab9e9f,UK184,2026-03-28 11:37:36.951,2026,3,March,PENDING,False,False,True,8E,a6b2053c8f7fdca146822e58369412f6ce55b11568206d1c357bf713e6f45261,R****************n,9c718e457a9fa6b0a1a9a4dcaf90a5959be292b3a6950a5203619269b54c15bb
B1472,4c3a8fc84168a8bc126a5ca3af6e3f11b385eecb56dde50d00292dcc1c94ddff,6F098,2025-06-06 11:37:36.951,2025,6,June,PENDING,False,False,True,3D,398566e4efab1bc367111e8830c16d334ddb41d37a968d5e628af185a8d74600,V*************a,1251ee5dbed883688997a97656f434115396cc6018c8b6d86f49c585ac4e254b
B1473,10d6d6ecb2a19a228670bab3cf934566fd9976ff05b8628d509958a3af826188,SJ168,2025-07-19 11:37:36.951,2025,7,July,PENDING,False,False,True,21F,2d1bca16bb43040410c82d80c38641eb61905218629b762817c10bdd70f098ff,W********j,145a3b53cce176817e6df763ef1bf54c2f56ea3c3aa453fa4e90fac6f34b36ed
B1474,db08aaf372fd832f574ba708a918e51fa6ba08576a45004fd5fe14fc02ff2777,SJ178,2025-07-28 11:37:36.951,2025,7,July,CANCELLED,False,True,False,14C,0f290cea7657e120a95793362db2cdd070fe4684ea5ea715036b0c1708187c71,J**************t,8ca9ad5762b6eb2f4e83ced83b13f77d756091a180d0467d78177ab384ecc9c6
B1475,256c5e44719e844bb763f553a8626e4a668b28e4f71e8f1944f4c2ff6d097c34,UK111,2026-03-07 11:37:36.951,2026,3,March,CANCELLED,False,True,False,2C,7e95721715325d787e84c596accf19fb4179a5b9701dfdd511d037d674d4ce31,C************s,76778f69762a01bf995102577965a2b5d7da4e6fb6f206d3deae8ec38bccd384
B1476,a759aaee0229400211580e1ddf0be6282fdb5e809de0389fc1b5944444cd749f,SJ051,2026-02-27 11:37:36.951,2026,2,February,CANCELLED,False,True,False,32E,d2ea77c0e608c401bb2f32a937d97c277d2d485f0f613fa58f6f02f1745a9881,M*************j,5fc424c5d07e8d6bc3af64b4b0bdfc5f5836ff181541ce174b1149298e301b14
B1477,0dc9794bea46327cf2144b2ef6a23e05eb4caf4e2e093699f75cef32e0dcaa78,SJ193,2025-07-06 11:37:36.951,2025,7,July,CANCELLED,False,True,False,18E,2075384dcb84dfb895515a2d5162a46fc0f44919c0a5dd98569691e9c2f95c7a,A**********a,f1fcc89b07de4abf13eabc8177744ac2210f7dec66ed930079f1e6e964d9a8b1
B1478,8902a17473b6c437ff8c43e32cd934e7c42b00cb9b0bcc915a31c2c87b31af06,SJ039,2026-02-24 11:37:36.951,2026,2,February,CONFIRMED,True,False,False,28D,524094225ff1be42d08b50e85034b0b5126c19951726d48ca369ea25a5fa4369,W***********t,6107ef4c8c35d46d9db6b505f99df55cff878a1492821ace06cbcc884b884136
B1479,9c2461755b69c4ab97fdebbf778d8d1282e65164f889ae51c6c255fe6d33f20e,UK066,2025-12-17 11:37:36.951,2025,12,December,CANCELLED,False,True,False,22B,bd1d9854620422ec848b85db24920e9a6303010c0b8e1347352105543a247999,V***********y,063e9ce8da4fe69cc1e2967de315d4f6446eea6d54e099b46648fe4a5b85fe42
B1480,9c98c8b1d89a4e55dce19251248a5b5625dd74a91c54075de00a12a03d978233,SJ050,2026-03-14 11:37:36.951,2026,3,March,PENDING,False,False,True,34B,272e67418c149210752a6717bda39b371ef42ab7765fe2ebb45353748c13cbbe,T************a,94c9eb212153fe8012834e17b00daf736580b27c1c9fb0430d8ac83a1efc21ab
B1481,c40c05a54c634d27000ec2a324cd133a8f75e6c6b17a76f222eaa2d4022f889f,6F052,2025-06-11 11:37:36.951,2025,6,June,CONFIRMED,True,False,False,4D,5ec0eb20c5e81aa1dca6b35df2a3d6948d8b4f7e0c18ec1c83d52bb1b3d475f3,Z**********n,1eb73f5fc753a1e04ee3710bbe2836769c823acb5be315d4b0a6133484ef9ae2
B1482,d3b928029d494708eb591e8d42c935363494bd162fb1cb01829009349f88a1cb,SJ170,2025-08-29 11:37:36.951,2025,8,August,PENDING,False,False,True,14E,a2904b4ae9aa36e16b75c69bd7d0436f996ac3d6017d26bd99bb93e00a2e692a,G**********l,ef077eaa4636c76e269b761e11378f4e92e6974fa2ac742702fa90a67f982f90
B1483,493f03c091f1bb5b6181ee7ab114c66faeda7d62a9ca480f33d547d492e5b590,SJ119,2025-06-09 11:37:36.951,2025,6,June,UNKNOWN,False,False,False,26B,56453b9d46fd3d02236092dbc9bc2ce5402a9a908dcf496bb6f215a201033646,D************y,e66bf61cb032eecd0b4b4a269907ff7ec32a7ffdde632f2e442de13c5d276103
B1484,fd4ebc9dc6ac0128e148d02b89e1e098861fb5ee6cfc889d7d3d650a78290777,AI219,2025-05-07 11:37:36.951,2025,5,May,CONFIRMED,True,False,False,13B,7c4fe80f20f9b66483cc64025a221578d32a5f7799e4c45a4c28907ddad111bb,B**************a,d1333cc39e254ed16a01ee065d30773385c374f81307af2e693f0e0eede8172c
B1485,d871d6c1b0f4950d7432ed3b0be98732dd480e982ae01be6db6934de4e5f7012,6F220,2025-07-05 11:37:36.951,2025,7,July,CANCELLED,False,True,False,12D,69be083ce3cad74bea05b2dcd4924e7e39223920ce454182d0329d6bec0eec6f,K*********a,590aa6534df1b8a4cd6dab9d5859f322e4426700a514c9954550e064ee7335a5
B1486,c78855de749f50c7f98e978b2cfdd41aa62ab578f4c1a64e282225ec59b10bc2,AI207,2025-05-04 11:37:36.951,2025,5,May,CONFIRMED,True,False,False,3D,a924a4199183bcc1a6ef1e33bd61ba5cb9b95289b653d27fcaed87c8518b8fd2,C*************n,74ec06640dfdc02319a42afd9d1aa8c4c120569e595d54db321befd49b1813df
B1487,cbce6411448934040ed7d1dde13cdc5b1476b8c4547803701bcc1ff5d7a66ced,6F024,2026-01-26 11:37:36.951,2026,1,January,PENDING,False,False,True,5E,c80f98a465beef558881197b27e4e3b2c521bb92a5ecbc70c1e056eb1bdd2d94,O*********l,145fc780266ed3648259b6e691a04bcaaa15cc3bb1bfb30e0039d99df7602876
B1488,22d376ef9d59991a42bcdcebe35f5a88750b13c18736b4849aeb338b61258bdf,SJ073,2025-05-04 11:37:36.951,2025,5,May,CANCELLED,False,True,False,27E,3d53e7809ed61bf918feb4d22f73f586ca9fda44f7fa8d1cb1a6f3b55b865bb5,S*****o,c895becb016b803ecb2ad540b883a3fea7d2a75a9e6e37ef935b4e5fb04422a3
B1489,cb4595eab2647a242da165867fc7547acb0bcb9b371785952c592621033867d4,SJ201,2025-07-08 11:37:36.951,2025,7,July,CANCELLED,False,True,False,24F,b5595e03ca062d474bc033d681435cb2f296ab85256ab1aed60a960941c65396,J*********i,9e37a944066d37c187849f6fe1e3d1b34611f550aeed5a1d78908229122d1755
B1490,3637cf9c2a0f3c442d1fc9871e196e275b5092307c15aaa343430617f1846df4,AI180,2026-03-10 11:37:36.951,2026,3,March,CONFIRMED,True,False,False,29B,0c6e56d9c9929121c6fc03016d34004c851d17b2d4cd687003e10d1b5fcd3d53,Y*************n,70833f7edcb275183a27d917be40e24caf24b95a778783d4003ff16cb6432b78
B1491,f82a60e2bbf27d94e8721e47f2b4b031cfbd46b5601b4b93cbc8e7ce409d28ec,UK022,2025-07-16 11:37:36.951,2025,7,July,CONFIRMED,True,False,False,18F,b3a50d387bc3a935f1110f7350c8aef65bb6b97af96586f58fc5230e4b002f1f,N***********n,29ca1c306d65eede2f6ebfa90ac7632677bbe8a3314a64343b069cb737b47804
B1492,95edae0cf7e42aad8885909c537182f636aeabc79386efbbfd48ab71b16f1d99,AI202,2026-03-27 11:37:36.951,2026,3,March,CANCELLED,False,True,False,29C,7d4544f6735d1cf42af13f92eeb97970c9af32913af6d6dd58a23a8f75cc9230,V***************t,25586a9692946e2e7ee240268c6698683e562c8dfad4cfd94340a8980aab20e3
B1493,7b3d44d6828e3b78308e415c43238352b0b6f56ef167c891dc1c9bb0aa38c364,6F212,2025-06-01 11:37:36.952,2025,6,June,CONFIRMED,True,False,False,26D,c07324d0d0366f022f5072cef3e87ae0600b542e5199284c09c57a213bbfb09e,H****************r,84a3fd8a80196bcdb5b720bcea30ac515f8b0445876d5f39d7cfeb94eb736bf4
B1494,fe31257e17d3e90525e09aca5aa6e17bf802824282552023f0a1b5291e996c1d,6F163,2025-06-09 11:37:36.952,2025,6,June,CANCELLED,False,True,False,23F,8582756bc78a7da7ef52481c8155b51be2a9ef99db417cc695363902372ea444,U*************a,5d274a0e287bb808d20732d2f96b8dc5c15f4cc551ccb1a29be98fbb87070e34
B1495,499e7285cc098ec708ff0827412797bc0639092672141320cf102be85b3a672f,UK028,2025-10-15 11:37:36.952,2025,10,October,CONFIRMED,True,False,False,27D,9d5f2fe9ab866f07b01711615f8549bdd624c4eb2d12a4561713afeecfaff719,L********a,c9f988c0ffea23cb42bcfdd025b0d6a01293e8a12d22774e88dfdb2b035e27e8
B1496,5b46c230b44c531a908051bb6c234888e249b44a92f98d515e82e9fdf1fb71bf,6F243,2026-03-21 11:37:36.952,2026,3,March,PENDING,False,False,True,7D,a712ea3ae32e4e90c949b49b3cd19c94aaf25f636bc06d3f934312a94292e287,M*********u,c95c63e7a9864112da282bf42cfc663af6d40c908d490d4612a04b2fc5c99fe7
B1497,b24576ecd2ed6403ddcd31b778d1bbb7344f6a124efad807c9397688faa70322,AI165,2025-09-02 11:37:36.952,2025,9,September,CONFIRMED,True,False,False,11F,46c9f2f81ebe9bac23cd7612e372fa0488abfe9d4489f7af31932844d99274a3,G*********a,6876ff1c0ce4246f48ebc4786b42e2ca40daad5e1de094512388091fc9cedd9c
B1498,73ee0bb4a2c155aeed1fb6586e0965012a9fc446cb63b2adee5ffe3f0a8f5ccf,UK099,2025-07-18 11:37:36.952,2025,7,July,PENDING,False,False,True,3D,25f54e01705990847ab3acf45f035cdec32dd6841bd6d21afbc2dd4f3c024097,A**********a,0c2d03efffe804ccce123b13c1a790537cd55e356de1a3cf4da51a5317bd3a07
B1499,39d1daf0321a65a7a8989f5b89cb63730fa04b1f78b6cde9b2f3502eab8f0d3a,AI033,2025-06-17 11:37:36.952,2025,6,June,UNKNOWN,False,False,False,17C,c2322292bcb2f2b27262472789696b3b32d9c449b562bfec75780ab6409dce36,J*******a,2780bbff4c4d0984018c7d84321878313cd4f43e8f58b1f868021812794a64ea
B1500,d645a3f176a42988183d2200a102f0dd10c25011d7269c08a05d7313fb10003d,UK056,2025-04-30 11:37:36.952,2025,4,April,CONFIRMED,True,False,False,22D,cf05d383479f502be49caeb6a6be583f88de812986263f74bc600bd9f6989207,J********a,e67fdd6c268f3115659d59287e6759b29b5e6375012e1d482b523a05960b6aaa
B1501,2426b0a2227ebf71df01c02358fbe2e0c013c32dd2ed3111ac01227c7df8acd6,SJ122,2025-09-04 11:37:36.952,2025,9,September,CANCELLED,False,True,False,23D,73051b55c7e97fdc216ea8d94d2fa425d527bd3c93f12b148d8bdff4d72428dc,L************u,7b46f5a7ca54bd19ba43e734b65a27b668c1d9e07495567e39187556591a7ae8
B1502,ea9422e929a13d02813de016955d26a0bfacef41fe3958c78687e7389e504468,AI086,2025-10-15 11:37:36.952,2025,10,October,CONFIRMED,True,False,False,23F,3c7f220cb5068b0163c0739311a4ff6ba049b425d291231b83adda72a01394e5,H*********r,432817e1804dc65a294210d035b2b1ec4a80375d07549c161ac68adcb1a4ed87
B1503,92e8e78de5ea033f2f0c07afe5f92fb5b2a2d23595888da275d9af9fd7d03490,SJ011,2025-10-17 11:37:36.952,2025,10,October,CONFIRMED,True,False,False,25C,20807ba9eae1985a2f0d95b03073f334df96c2030accc2b503427e0644629647,U**************i,afef7d5838b256140ebcc1107e1e6f8382096c1f666f0a0bb3e96626fe50afcd
B1504,e6450104d06644bf2863df9ed5582ce863511dbf53e43924bf1abbcc17608272,SJ021,2025-04-21 11:37:36.952,2025,4,April,PENDING,False,False,True,4E,2f1b87f7cf7e4ea93c56db4b6055dfb8a3eb63a4cdd4b98758edd02edd518f75,F********t,dbc4a93144e6f38a904cdfca7c7bd7179135edee0b194e1bf28d3898f31d5a17
B1505,4efa49bff9c89314e81068129ac6d30efef6f560b1d61faed6b4b18fdab4e2f5,SJ106,2025-11-29 11:37:36.952,2025,11,November,CONFIRMED,True,False,False,8F,0328c1bc934ba3cabcc3e1eac5adac9446836ade845d0a2150a4a3e6bd4991b8,D********y,70be6a14b233c528b325e7596cc966ab31fced2ba986601b5c29b9cd831542e9
B1506,c8666e35e4376147daa64fbecafd2397fec3516cc643574c7d70e26fb1040f2a,SJ026,2026-01-29 11:37:36.952,2026,1,January,CANCELLED,False,True,False,9E,e69d7f79bc574473fe3a1f982ecbeb5470716e49528b89f44eaacdf1efd05bb1,C**********e,55c466e49ee5b1b6717aa5864b12310a698fed76bd3178461a65deb7b664ff4f
B1507,e1983cc03bd1e15f304800638b3586b3f744df3249efb51aa3f4cd8b0c105f37,SJ245,2025-11-27 11:37:36.952,2025,11,November,PENDING,False,False,True,20A,7bff29254611796d8955118ed35c1cdf92b85ad46e7fdbdc630f41318cac7c7b,J*********y,0cf368a4280c577751af76f9422b279d67f63ed8788a9ba552822b9d88009d54
B1508,fb80277747aac668145bc47a70b7ee1c7a652955c60fd434859603bc2bb0f212,AI023,2025-07-31 11:37:36.952,2025,7,July,UNKNOWN,False,False,False,9C,1687175f826bcf70b75cd7e9072c71a54f2c06edba75069e14750a121ecc7af8,C*************d,7e9f467ec69d1915ccf86440f6fa36ce7c5d936ed1b6f731a5cbc5698b368ce9
B1509,10d6d6ecb2a19a228670bab3cf934566fd9976ff05b8628d509958a3af826188,AI032,2025-09-25 11:37:36.952,2025,9,September,CANCELLED,False,True,False,14F,1fc210e4387fbb3c3b1f684df5873f5884a381408afea3dd11babe6f8ba456f5,D***********r,8518a33162b4da73b3a86ec7ee59fd24889e37a417c71ca7c04f06c8ffed0518
B1510,e60442d25bc5f693c6cfc0937063c635de3a5baf3a0221977d97fdfdb824e54b,AI236,2025-05-11 11:37:36.952,2025,5,May,CANCELLED,False,True,False,19F,c18ad2c166bf6122e9d3c3c4c0e4f36d445752e85e6cd796aee313d20408e596,J*************e,92b88c03de8a99891faabaa05a1d30709d2b070c2bfe3b0f3cf1e92858b6241d
B1511,ae37fa4a6e4efefde12bd52af53066456a5c1b5a8b5ad036317a0dc0218e0db1,6F094,2025-12-24 11:37:36.952,2025,12,December,CANCELLED,False,True,False,15C,b3fbf117ace790642594f69dbfd4fd632c775f50de9392ed5c24e50e06e44f32,W********i,74114e5fef6a805afd06629bf5779964d215c5ced6be4ec9a9f824541318f56c
B1512,932990ec1a7797587578bdc8611fb94c98f194f57adeb99310c649a427a396c1,UK163,2025-12-21 11:37:36.952,2025,12,December,PENDING,False,False,True,4A,115fd913ebc291abd5c78a6fc8c4f932c224b40f70bade00782a408f11e4d6d4,K**********a,0d53d45aca4f03f8f3b207e9b9459d086feba95fad7c546d1bc60fd487a78323
B1513,671275e88f80ab6612b251a834bc7c2c958d795dd8d53e18ca9e1e16136f7771,UK163,2025-06-30 11:37:36.952,2025,6,June,CONFIRMED,True,False,False,32B,a42a5130b1a1787b71f82ea7deffbe03f304b33c03ee32637abd24c0565343f8,S****************r,ee478457dcec69babf7477eeaba4891d043535f4bddb431de20e58a5d7e7d058
B1514,8e3db6260921f94bb9ae157f337c44374facb3a9d586ffbf3e2154d807ab9e9f,SJ045,2025-05-07 11:37:36.952,2025,5,May,CANCELLED,False,True,False,21E,3da8d023b85cd0a171b1f2726f2871e3fae2a12394ed1b1f3295631301dae861,O*******y,1cf6fa6fe136ba59c6ded50a7d9738e7229c0383765278df97de8a873a72a07a
B1515,afbd94f1848fd41087cc5acb8d09e72c4f5b0aad55a614d2754a32417907ca51,SJ006,2025-07-06 11:37:36.952,2025,7,July,PENDING,False,False,True,26A,a6cae71ab6b18e469a8f5c4bbe2927b8237fd8214bd018428e03b3404a7ab33e,O*************y,ed05be1b9e92a01b18eda5b649f0e9b597a9cc4ca5e3990449b4c0f43c7453ea
B1516,115f110efe2c65297179f84ceb6a5154ba53e08f2d9b5659b5417adaea4e61eb,SJ103,2025-08-05 11:37:36.952,2025,8,August,CANCELLED,False,True,False,34F,70bb52f06ec5a0512c87a717354391dd59f0e5f24dde64f88adea1e3a82d3345,V***********y,b5e246c2b80a525458ec160bcc674f8541af93eb497b9caeda767603127f89a6
B1517,611287edff2d9e602fc6312c5850f6c8c7f4718408f7c4e4adbda51ff8cefd15,6F221,2026-01-16 11:37:36.952,2026,1,January,UNKNOWN,False,False,False,31B,9cdbcb5ed296d8eff8cb62d51faeb7a2db7f5ba169f5502fc79155cb4229840c,A******i,614357a6165027b2b3b9f436812940286f5abc4f9aa89d5a81932c7611e6ce22
B1518,255778825079acb5b763b6559c5fc45e24e91da572163fe53460a36801cb563a,SJ147,2026-03-20 11:37:36.952,2026,3,March,UNKNOWN,False,False,False,30A,4952a34c84ab4ba9664ec22a322f35620693b227ae2042c386181c27ed0774f7,K**********a,ba88a231a959e000e9afd5d8c3314f6f1eea773b376c4a89a668bda1f14b09a5
B1519,10760f5869cb3300ef931074f9a321622460186725400f7051c238775eac7953,SJ064,2026-03-25 11:37:36.952,2026,3,March,PENDING,False,False,True,3C,d802ef9a25cd2c80d7078ddfabb8514e8d6fe53654b5c49ac6a0fd77dc963a3a,S**********a,91a8ae591c72697165c5ef798b9e1cdbdf3a0de72bfb0217ec66f4e87108e8ea
B1520,eb351e94403b6f60c95255ea5125d89d492595be2f89a2d45b3d0257990ba1fe,AI028,2026-04-02 11:37:36.952,2026,4,April,CONFIRMED,True,False,False,27A,e839dbf85d70e738066f2aa3da7f8b3aa553c85ca70d82cd94008e41ca5a7fd0,W************l,b7b83c5b01c0424b398cfe82b372abf8a18336604990ddcf5921a8235c54f989
B1521,120b27eb84582f377b5f050d3db3c581e073d05d4a308369ec0e71d4364d324b,AI148,2025-11-08 11:37:36.952,2025,11,November,PENDING,False,False,True,31E,0d35de9dfeaffcc673d4416891beb61661a7d69aa209def9196afa88b1e51260,H***********i,667173194eb89a89e182f55b1b2e296415d7e7ec345d540a9caf5c9517e1a28c
B1522,19e6df3eeb202a02ed4e1e0f8866f45558337bbbb2e80ceae25e0d804a6b4379,6F263,2025-08-31 11:37:36.952,2025,8,August,CONFIRMED,True,False,False,1C,bbc5e31f4377c7b2ff4700764160d2fb7ce8fa84a7f9adfa72520762be4060d8,J**********t,2d5984f079f5a1b131bd1119f70b6f9fbc51a3de1ff7a24b2899f595678a9a12
B1523,148b9ad00dca1b3d2358919e159c35911bb7a83968adaf8e861d72e83045df0a,SJ067,2025-05-19 11:37:36.952,2025,5,May,PENDING,False,False,True,21F,9e8d151770b78effff840c3da38bcd72b6f6f2a01801b0a62915dee9d47764aa,M*************r,2924924c9e349cdfad7929cabae99dbacd3d9f987d80ae05cc67279c924b5bd4
B1524,8c032fa2e7fa614df341181caf802873c2b310da6a8bbd341529120c3cf6fea9,6F061,2025-06-17 11:37:36.952,2025,6,June,PENDING,False,False,True,23D,f78818522b64dbd4d2f534181350bf6d25bd28af3277b382b7c874b4ed50f84d,R*********s,89d62bb20138e1985006866ebc707f83d73c7382ce591d9d2bc7bbc9d2c4d4e3
B1525,bf4ff98420fadf43b6c000838d75a055de2f506c98c68535320fa5759aa300cd,AI254,2025-05-29 11:37:36.952,2025,5,May,UNKNOWN,False,False,False,11E,aafbcd16874425013c509c94284dbf00cbfff6422b74edce0ae3d0ca14bee7db,S**********d,61078ef72cc63f7a983a63b075dd0c02f0dbf4552e77600bd30661b1591de9a8
B1526,744d91a3215c2e077d7367ccc23bcd54d683bfcb0b98cd6f5b8d3e627b607f99,SJ136,2025-11-15 11:37:36.952,2025,11,November,CONFIRMED,True,False,False,17D,fd110a595c7a06bc06f9679de14117cc88e02b42a2de3f1f2db5aaad6ca83e3e,S********l,0992b424ff7389847f24fbffcb210ceabfc88c5d589699a7a8733b2f9fefd44d
B1527,d53bf95834e2706661adf58091b3c62dd790be99457254b9d928c721b1549304,AI046,2025-07-09 11:37:36.952,2025,7,July,PENDING,False,False,True,8A,587d97ef85d284a22def857c6bdc273bd98843022808fb3de2b1663363b317ab,C************h,8d5ac5cad32c98ed05834ffb83925c65ed3717d51d44b1e677573c69cf614600
B1528,ecbb0131879dd73033d039b6a05dbbaf1f5427c77db7d4a05c8e6587a0d6cd65,UK174,2026-03-28 11:37:36.952,2026,3,March,PENDING,False,False,True,6E,3e5ad2c601bf82bbe6f55a2650bcaec3a32644316d342a63e221b33a62a1d00b,Y**********s,5ad3706a59466a32b41959f3efce6ad6ae6b99c4859f2058a189d087456bc7ff
B1529,5c2ee892f9c113da083b5f93cb2cd85c59404e7f20884cd0a9799298b91cbc28,6F066,2025-04-30 11:37:36.952,2025,4,April,UNKNOWN,False,False,False,34C,dedbadc838bd62c7f66f1b89dc7c99214ba20ac4a37c8b1f519e54f76239baa2,S***********s,ab3f8e297f0f6725a9b786f2ef5677455a1bf243dd3e64d92015df17c2d11492
B1530,a283a09aa25e74844adbaa72805adfee5de273ca179f93f31826cf2ad4dc9551,UK095,2025-12-08 11:37:36.952,2025,12,December,UNKNOWN,False,False,False,23E,68368d14479806e041230d58173125dd49842d9b3341017327643faddc99ff37,S************a,3bbe90db0eb4ee450a432a6b1afc2e06319538b7dc1bfc8792193202e4de885f
B1531,2bb472f799372f4d0f11780096f1b1c58d98d65d1f611d7d7e881bd650f76a1e,6F063,2026-04-01 11:37:36.952,2026,4,April,PENDING,False,False,True,30F,9d9255c610233be4f38775044718113e64064682c6f727b0028cd9aab2b6a75a,V**************n,c79eb244c888c1c3e345abe56edb277b9e4d52b16fdbba680fff3780dedf5267
B1532,d9b6a9917a89ffe75a69702b745bac5690f52c4610df6ffa7c927dbe92f70f16,UK118,2025-04-22 11:37:36.952,2025,4,April,PENDING,False,False,True,30A,a640a6fc52f85b75f1a69d5732f6dcb8a88c0b627a28fc727b20b5978f9cf1a0,M**********e,460fdad1e98fea06fefa78aac30de3b3e860a3dc2a8e0e8b1e65bbe12c998be5
B1533,b7bdfefb74cf63d4089f12a9cb9200236d2dde0c566a54fe4ed303ec12724707,UK218,2025-09-15 11:37:36.952,2025,9,September,PENDING,False,False,True,28D,72aef7faad6a1f5c60480b4a257c51a66a3260e43b6aa68d3d862c4c6aa87627,A**************n,eeccccb4b19872e640623d4d10c59d4902b2a6f4fededa88dde01e736090e803
B1534,1da5ced675158aae1330e1b276fb9f70b0e2d9ca7441caf3321cabac534484ba,UK031,2025-09-11 11:37:36.952,2025,9,September,CONFIRMED,True,False,False,34E,8e1b9a2ed02a4e5e77d9b7b539f7ed0bfce0c30596cd4002547887beff79e7f5,K**************h,e481b7dd465d8d06e52d7416324eb9983c9a2e0ef9b100cad4f2ebae98589394
B1535,c298cecdba76c83f263350d53e080a96bd431f42cd19de6efdd702431a28ae0d,UK142,2026-04-02 11:37:36.952,2026,4,April,PENDING,False,False,True,6C,4cac606eba3e8c4e72f2f64f067dc061d16fc7c4577d6f4a0f49f70ae8801ed6,Z**********h,88241e1c1599c0ceb9aaf0167a57c997eb71205a9889b5e7fe6020c7a08d6c5e
B1536,0a7fd94c6462ec540a915ec379638303b93d6dfc232cab50baaa2fd78eab14ee,AI002,2025-06-01 11:37:36.952,2025,6,June,UNKNOWN,False,False,False,4C,083c7620070f3214e20115a43024a8d8c30c1a1b048268738e30643762327834,I********l,1c61584a98fa929d260356aef66beae9e9d83a11126ab3ec02e409bde4ec1b21
B1537,24fc7c6096a40eed288c35c622b441eb6bbde8a9aec94edb595f67cc2e17b907,UK070,2025-10-08 11:37:36.952,2025,10,October,CONFIRMED,True,False,False,21F,29a974b13af675fcdcfaae4c17d4f10cc678d05d96824de2be099d9638e8ab98,K**********a,035a1f8f08a5ebf4e0b9ef4899f5d4e29ca0557bf9898aae2a0a34e35376ba6a
B1538,214570e8e57cbbedb0b4b324f9d19943a962fe8291da22434f634a5989e07f18,SJ121,2026-03-17 11:37:36.952,2026,3,March,PENDING,False,False,True,8E,bc41d1e5250c21770a8524c65c1325686badd1562e9a6b0b0eb985b575bca737,I***********a,042d50cb72c649bf43dd6f73833e44eec1f989e7112ad2227218b8581826772a
B1539,653cdfb1325933b24ada6db5a4afeff363cb0f52acd1f049ffaae98513b44a5e,UK201,2025-06-11 11:37:36.952,2025,6,June,CONFIRMED,True,False,False,20B,8ef9c1aa92d749163c58f4e8f8d51eabb6cab1e1e14e8eb4e68296864dde25a6,E********u,6e0a77d784aea8ac162bb2d2f37b8eada8d6800a67c92f7466331f247263d1b8
B1540,d28a5ecd0c7360caecb8cd4b87c981d024e1f3f4aff9164e9ef19df5655d5133,AI138,2026-01-15 11:37:36.952,2026,1,January,CANCELLED,False,True,False,7E,456d01ba12323d400f1cbc0b52c4fe96dcbbdc3a9d3439f7b1fd04eb050cee07,O********a,b80646dcee2f98dc79214d2fbcc70f9c18ea5e508d29c8a3ee858e5fd70a0e8f
B1541,b126a52f3502ee36d639ea4ee356481f58bb7dc6129dc08dc71d2f7e6d19b1e9,SJ014,2025-12-16 11:37:36.952,2025,12,December,CONFIRMED,True,False,False,26A,195c819f87475defcd989d63467ab5c68ed4d839fb40ca43fc0b1a860ced492c,C**********e,42279c2ea06edb8cdcb66ca482d05307826bd6cc2df235bc5328d041f60dadd8
B1542,e418a33441293cc1bdedf9aaf5268b3bd55d10b8eafe856461cfa59230986bff,SJ053,2025-12-13 11:37:36.952,2025,12,December,PENDING,False,False,True,14F,0f5c9f6389227c6e1f525ec17d8d6d228ee2b753412da946e7d7ccdcce4aef09,O********a,68bcf465a42eae7b4243ddbf45afcdf8d7938f11b2182e38c8343abc09a144ce
B1543,c4373c1b39af67a844b4f0fcb9af4efccc01f7d47ee13a02e81537fb003c3306,SJ241,2025-06-16 11:37:36.952,2025,6,June,CANCELLED,False,True,False,4F,938856af766d905b5b3c4cf1fabb3324d3e06188fca7a3181ba01040e67fa4cb,I**********t,03282bb9819f397143c1d01c88610b544310187fe525132a59aadf16b9fceb1c
B1544,eda3949b35498cd8ba32356b6e4f2e4346d199d612ffd85403d4ac73cdb19ee6,AI249,2025-09-01 11:37:36.952,2025,9,September,CANCELLED,False,True,False,16A,d9e4dc1aff8cf9471df3a6bf78539250ff1a5c3fa1a4de7649c85bc521410e6b,V**********n,06601779bf82a047f691b61b50ee8fde50cda06c3afb009b38ad9cf65926877e
B1545,b50944dade76ec98abeef33d1290c664cff21210c0f9ec364d41618f67e11f83,AI176,2026-03-08 11:37:36.952,2026,3,March,PENDING,False,False,True,8A,f0cdd2e9aa86a33bbb1a93d6f96f5cad33fd04f1fef42ff5a72440d7d8769edd,J*************e,03d401207ac61859b391a9e4005b598c6921f5b6dcec3353d1173acc66c5a9c1
B1546,c06f7e72b998fc9e261e8d3ddfd20ab26150349272c2872e7cdc582105ae227a,SJ234,2026-04-02 11:37:36.952,2026,4,April,PENDING,False,False,True,32B,9cac3e84da757941e95160df08fd3251f1d8cc3d9b537dd482799e2a3aea18d5,I********h,492c21c766c3ed4d4c83f841c63f9653bc2aff15a3b29075d30caf66f6884f41
B1547,598f3ecd29618917be0a856163f8961e27fcdd51dd54738d4dbe36dfd365acb1,6F115,2025-04-18 11:37:36.952,2025,4,April,PENDING,False,False,True,16C,2101ba54061d9495ac2fda1d9a8abfc9dbfc54b8bc239530e81e07a5a99850a1,Y********t,889b6ef43b0094d03aed8d0e11318d76eaa9244256c8331f18212f78f300889c
B1548,a965c821df17a512bfcddb4713aabf5da605a30c3b3e016e047f14523f413b2f,AI020,2025-10-04 11:37:36.952,2025,10,October,CONFIRMED,True,False,False,7E,d73dc68c4e326432a3dceef93acf0f7a2244bd3b651aae2f1426ed46f7af8baa,C*********a,bbf7df983a6a9d9a5b50da7067a2ebd2960d28f565c668ad0b21d9b56474546b
B1549,c3b65a7f63cdf9077407c656298c53cf2f5eb3571bcc4fa8c5d8b5aa74f4d8bc,AI020,2025-12-16 11:37:36.952,2025,12,December,CONFIRMED,True,False,False,24A,67f0d93bf65ce35cb30af266d5ca6a9b0582d57b7ada032dbb7ccaa60f5bff0e,C************r,bfdb782d013c1567455d0d87218e4fcdd0b6a988fd56a6dc63e365257efe6cc2
B1550,92e8e78de5ea033f2f0c07afe5f92fb5b2a2d23595888da275d9af9fd7d03490,6F079,2025-12-06 11:37:36.952,2025,12,December,CONFIRMED,True,False,False,10D,0691432311c289a4b6a1088293087597ea44377f3c0886bd3b94018531e56bc4,A********t,fded33068a78f63dda62c0186890c16f1e8e11df618abc3a8b1d15b01a901277
B1551,b80f0792f54b48b735169ad48fab43e1494809354d2a41baabde61a641586c52,6F104,2025-11-14 11:37:36.952,2025,11,November,UNKNOWN,False,False,False,8E,ed9c985712a982ea0785d423e9d2bd86eaba62616b4aafbe38f256d48a941efe,V***********i,e1674ecbfafc06816caaf5007356c7bac8b50320c00ea22feeb4c97f3ccc7232
B1552,54ea7cded53f3952244526e5fb2f0efa0d1871a1bec73f5f12883b6444b9b590,UK046,2026-02-06 11:37:36.952,2026,2,February,PENDING,False,False,True,32D,68f96837be47df0ef0d8abe73fd00d87a671649e5c76d8178e126b1c6ac91aea,P***********i,3278a4ce0d5e945d428f778cb1bdcf98c721aaf3ac18889231b8c0af3fad7675
B1553,680933683d5650204f499668478e9ceed7b994ffc70329e2e7e8993996f3cbdc,SJ217,2025-11-15 11:37:36.952,2025,11,November,CONFIRMED,True,False,False,33D,327d7923ba84dc125d313b3f313997abf15e09a193a41fc605cb8416560726cd,V************y,be9c4dc4177d90be8ba2419dc35184eb36d90fca51ff23641d2d246d1dfd93b9
B1554,91d46efeb9c1ecd916a62857d2bcb0e07955223b7cf4cd40817fc0bfb04391b1,6F142,2025-08-26 11:37:36.952,2025,8,August,CANCELLED,False,True,False,8D,90587db3ca08d8366e3847926cd68ee8a2b8cdeb072504a7c8ae1e09fc4072a1,E********h,1e8551e5f564e5b92d10fa4dc536ea693f5a81d42567f73beae410e0a795b616
B1555,120b27eb84582f377b5f050d3db3c581e073d05d4a308369ec0e71d4364d324b,SJ139,2026-04-04 11:37:36.952,2026,4,April,CONFIRMED,True,False,False,3B,d02b268ada5cea55f3ef00d66e8c2ba7574c891a77d9807514e49adab6d58988,E**********n,328071f1732aecb52ce9b673e1a0d430f6412eadd234135f45b09e61f3c6a3e9
B1556,bf96c740475045fb1786249fe2e468ebbfb7f344c8c9e37c7fc645650e6c64cb,6F059,2026-01-18 11:37:36.952,2026,1,January,CANCELLED,False,True,False,31D,a8be11d1dce2fea4e7f9365371b412f62737131578a48a716f497d93c306849f,D**********e,9dc5eee1f88869d03fa952a79c048aed6a83ec73cd30fc0a9d5e0862a50f9869
B1557,844bcfc3767694bbbc1892893b5dfe528b050cc8a7fb5cc5533ae56387edd1ca,6F067,2025-08-10 11:37:36.952,2025,8,August,PENDING,False,False,True,17A,eb5f6e33d1cdc45c8e41284f6380de46d106d1ab35359e26201f424b8b6c4c92,A*******r,0ca5ec2fd04107d0c00ed3e09053343c35fa40fd71d704842169b97171346713
B1558,1b785ebc8f4e10966f25cc0ddce41c34d6d52826425038d97b29a9ed23cdc167,AI007,2025-08-07 11:37:36.952,2025,8,August,PENDING,False,False,True,27A,db0b8fd08bcf3be49b9874bf04a614b9f53463de614a8d491bd03307c2fd62f0,L**********i,72649f4a0b3f7001fdef9865978c03722b53fd1145d2b1109cdf4aefcc296cd1
B1559,5f77afa3d4c2de29a329918512584b72196ce1432c866ae54e161e3a5aebcf8a,UK202,2026-01-20 11:37:36.952,2026,1,January,CONFIRMED,True,False,False,5F,22bca92c99154a516795fdab44cb22bf4b3a9f7dd59fbe6876e57d625033f093,C************y,b9dca3d610d5c263de467c8b19ec059ff7e3d442f5ed8bc415c0c7bc09ba55ab
B1560,d5169308ce3fd20e529e3b94cc846e5723dbadb54b0c69af7ceb2713f60c1692,AI200,2026-03-07 11:37:36.952,2026,3,March,CONFIRMED,True,False,False,18C,a7354c849bc2dc639885847a4b0b550b94a281f42d7a71172dd63da132d00891,Y***********i,5dde1b01cb78e044fce5e33b6ff4eee8a2ce4975e25e71e11824b9a3902cb1c8
B1561,9182058658b2ce97182ebc13b51ac923a7c0558824d95a958924aa218357a9ed,UK172,2026-01-27 11:37:36.952,2026,1,January,PENDING,False,False,True,18C,e4c409c2bf97fed9b36ae59e0a669f14ae35f55db732be8e50af2929630d13ad,H***************r,c21e92080f00153ada762d5a1e4cc3a125539c3a70bf982f06a8ffc29c31a1a4
B1562,5f42312a213a917091439e08d41d8a5f948e75823347c53210a3cf38b485968c,6F214,2025-05-01 11:37:36.952,2025,5,May,CONFIRMED,True,False,False,10B,d3cddf774a5c01476a495a8c64f828df50c28c2c064e609e3f4de23daf54c2db,T**********i,06463739222fefe3734d80aca218bbd0554912490dda090fbb0dd60f0ad2b13a
B1563,255778825079acb5b763b6559c5fc45e24e91da572163fe53460a36801cb563a,UK037,2025-09-11 11:37:36.952,2025,9,September,PENDING,False,False,True,27B,47f8762b8a9e4b6eec1af51d98367dedaa157101453f29ebeea4e8e534cf6994,S*******i,eb175093f41e57205f2f61f12d8d83897be7f1774a6e18c9822be525958355ed
B1564,4ff00403397e83e71b7bac58d46092c1f4c0558542749ae813ddab899eacdeb3,AI022,2025-08-14 11:37:36.952,2025,8,August,PENDING,False,False,True,17F,19bd6375ab34461576ad6e4f0545542738c3af022e4f73d2bedf0e812dc5e43a,O********i,305581574f5192ee53a9b357bd4d83a4509dadb42848e0ea5bf5944428eff0d5
B1565,d852af5fb259e5b86aebef43fc2da8fda39e2fce74a88a7fe83002d7f4381525,AI243,2026-02-06 11:37:36.952,2026,2,February,CANCELLED,False,True,False,20D,05eab4037205fdbad8048c4ef6e4aa9ff935b0f66950dc4e2863b9b5a6406637,S**************i,a1fdf28d0dc92e8a883d379a64023d10c7da8d496444996ce94f35521c1a1341
B1566,67455a9d4cfb64033f16ca44861f86efbe78638e044bcee1eac0d45a747f402c,SJ174,2025-10-08 11:37:36.952,2025,10,October,CONFIRMED,True,False,False,29F,929b517da2f662f3f1b9665859b93da7688edcba4bb2b6ab9271cc5c9e4045f8,O*************n,582c9f2dd3d656c032087ce783ff07388bbf9e5beaa1730e50ef8b1403eb40e6
B1567,badbc8cd2f0a1abb3798a7e4bfe25aeb01f21bc0469d012e92ad7a53f4909490,SJ079,2025-11-13 11:37:36.952,2025,11,November,PENDING,False,False,True,9A,ce3f5b0279ed8a4d956477239562bf89acbd0323928164d70632f60ae3d201c8,D*********e,feab24585138f05e9685b0572077b854b76195341055bbe7756f0b7378df920c
B1568,fff87090542f8b51a79bf35133444b0f8471fe4637a7ded64d144766c44e7bdc,UK097,2025-12-21 11:37:36.952,2025,12,December,CONFIRMED,True,False,False,21A,d2d204a15dc3e2877c25f03ef870931a760f025e6876ac2781f66d8e9d226e41,D**********r,5db4e8881f93d2587095830136e96067b0f858e82f7e378336232711a614d8f5
B1569,bdc50ba48d0be6aa003dd8438cee8b3fb28a6d39822633c122919b3043491d3a,AI013,2025-12-26 11:37:36.952,2025,12,December,CANCELLED,False,True,False,14E,aeafdcc07301c67a66fda887a166fa1ed496b3bdb12066c1d0dd0e670aaa49e5,K*******a,b74506e756836473d4017d23149117bcb831ced2740980ae36ac77a608190726
B1570,43162d4ec9ebb8ca231a1237815ccd5f56ac1f07f4f470abc2f47b5de6c05c29,UK196,2025-11-21 11:37:36.952,2025,11,November,CANCELLED,False,True,False,25E,46cd253d0ddfc280cd5e312a8b3b580aca96642e0d34b36353d2eb9a81413292,U**********r,3245205d49ca857b90270212fe964fdbc2513efc28e1f55e35917d9efa6003a8
B1571,bb7774ccaf953afb4ae638b67587b7b5f0570cabfbbdf5e8da80edee03a0829e,SJ213,2025-11-06 11:37:36.952,2025,11,November,CONFIRMED,True,False,False,2C,2c13d59651525445fcddba7bef8a8be50e3f77648e815c63b54236f994f5273a,G*********a,bf4547bb6debf8c57b7879d67b28665e42978927c47cafd1121e5fa0771da921
B1572,7e8681b0b5dcad0de38066ad7b0a7c2be54c6d39727b1b40a94c03a56faa1c3e,UK119,2025-05-26 11:37:36.952,2025,5,May,CONFIRMED,True,False,False,5D,8685742643f91937706de31345b336e557bac1bbabf00b66d3281d4a065ce810,G************n,900faae9aaad145860ea73039c221bc685ac4fb7b86504d306aeb895d565669d
B1573,dd2315e37eac92923af0c408e6edec9c9bf13aae20166f1afb4bb3235b7b3553,AI043,2026-03-18 11:37:36.952,2026,3,March,PENDING,False,False,True,19B,d508364ae4a65b26ecc74b7260994ccbc50a7a933a78c3c767527168f4f568ee,G***********n,64a27a3c4255baf0165756f7485de0fc441b89337680e88bc5c96d113c268480
B1574,9c2461755b69c4ab97fdebbf778d8d1282e65164f889ae51c6c255fe6d33f20e,AI043,2025-04-29 11:37:36.952,2025,4,April,CANCELLED,False,True,False,18A,354fc8f9c9f50c0459aa3c75d27bb7445e888d4bb1726ffbbcddb977f8f2b2a4,K***********n,e979e2af9dae36fde0d46c700d673a5a06629173a0c33da3f61aabd778e19077
B1575,7aa176d0a5f6a996e7fe57dec83784416fe6d898c98ce4815d2a6492d57a6472,AI143,2025-06-16 11:37:36.952,2025,6,June,CANCELLED,False,True,False,2B,589aa892161cb27c820ff093570e9e3e67b879eb1a0a78e5f618fceb3a03537d,F*******s,5063b33039f368ac031ff50398ccc54a732ffe83af97b6af778b9fc065a0f996
B1576,a0c14a5b58b318831041a0da4ae6ad5e5c47e2a06ebdc9e3c8b149b595d8a682,SJ032,2025-10-20 11:37:36.952,2025,10,October,UNKNOWN,False,False,False,6F,b63b8cf743f305554c62b27a7fd12e1f2823347d4fa6b0ec57a9f547130417ba,N**********a,d038feac4a6d8627928901299a1ebaead0b9007289eb7fc146255bb1bec79eca
B1577,2dc43d859714a78e509c0d7143436d2f896de5518e1837c78151c59ccd78bcf1,6F050,2026-01-24 11:37:36.952,2026,1,January,CONFIRMED,True,False,False,23A,68073d18015288515b531cd94747508bcb82979a66387b1bc6b69def38bfc1b2,P**********l,fb3062189556126977a8c6b9c3aa43aebdef9432e9933a751f7183a7525b979b
B1578,e2aecd9570718a8807f0e8649e84f841cbd416fa94f569737c9c3127f2702b4f,AI134,2025-12-25 11:37:36.952,2025,12,December,PENDING,False,False,True,6B,6b971d54c209110c30956bc63618e702194d39c491f79340cc36756fedbb658a,B*********i,96b929c12f6238c396c2855a19f201cc40ebdeaedf9a6d6bbc1110e35b22f36c
B1579,f2e1cb35b74d366920d797365caeeaab3eea7db0becc60fb58aac63acd97e1de,6F182,2025-04-24 11:37:36.952,2025,4,April,CONFIRMED,True,False,False,28E,0e5d2cb7117cad6aa05deaf99d73e6489a83aa853f426b892b603c6bb6ae1967,I***********a,ac55b112a5242e4622795e92b01df4b24c3f369f8117d4cbf4b13c7178a6d955
B1580,a759aaee0229400211580e1ddf0be6282fdb5e809de0389fc1b5944444cd749f,SJ086,2025-10-08 11:37:36.952,2025,10,October,CONFIRMED,True,False,False,20D,467cb9edc7f56b1e9650e98df33a3ae703f30fac072633f4533b7f01aae005c0,Y**********a,aec05d7b7ba38ad795330b7cd6ec9854343974c1d5e178f0d87fdbb31643b89a
B1581,9c8b72e9309f1ca4a801e836ae3ee548e4fab5ba18437be41dbac15e14aa7c97,6F170,2025-08-06 11:37:36.952,2025,8,August,CONFIRMED,True,False,False,3D,8b38c8bc31f03a953051381a06cca4cd367789794989c90034b0b36e9aa8c336,M******************m,edbaacfabcb4dd1e1e561a2e47ad7947e2c078e2c2c14a6e2935ff4f7ffcc6ac
B1582,89b838af3563d06bd281ffd294bd47fee3a54113f63f7076dd031563c4a41c3f,UK168,2025-04-24 11:37:36.952,2025,4,April,PENDING,False,False,True,34B,c828971554c2ca5652fe7f5489ee3a18957430ba20de3a192a36bdac455e956c,U************i,7744390e279593ff196e415d6ec21d942044300f71733a072ab9dd179ea5d163
B1583,0b40c4ed7240e82b9daeb1d3d1dfec63f961836cb323b1a80f47700b744efddb,SJ072,2026-02-22 11:37:36.952,2026,2,February,UNKNOWN,False,False,False,33D,60c30884aafb820739c8b489a1ba7b80ba746358480dd6550957c45bb7856d0a,I**********i,909d97b8c3dfcaae65df34b38a2b568bc71a29bc8f8d9df46ac8bae7a39859e5
B1584,f74c7ceeba75df59fec0de11c68f8fbc5171cbd8ec128eddf975cde87f58a095,UK075,2025-04-28 11:37:36.952,2025,4,April,CANCELLED,False,True,False,21C,8808199079ca16ac79a74160263a0cb2f5a2d082454aa4933068afb2fc095922,I************k,9e7fd8f14d640d1d43709dacd4a29a21b2ebebe61f5da58df641b14f131f60bd
B1585,323969a7963eafc6513bc14886c789e73bb1919adde854ed931330089747a1aa,6F233,2026-01-08 11:37:36.952,2026,1,January,CANCELLED,False,True,False,1C,a594297ee416bbef8c48a7d52605e6b1896e8bb851a0048622ab676ee3663f03,U************i,d25af4881827cb1315ea93dbf4f276361d3854f0207a256061f503a566c8ecbf
B1586,92929313a75069630a3f41a498062f3b99dc58e1bb7aaab8b084ebdfa4e98f0c,SJ143,2025-11-13 11:37:36.952,2025,11,November,CANCELLED,False,True,False,25B,a691462429b9550d2a14e5b2c6abbda569dffeaab1ecea405e68a034d03e17b8,A*********e,3faf9ad09aefea90f579906ec216327e2c96ed46b83b8a5baa555e1df80a8e7f
B1587,ad3bdf275e916fdac402d01898ca3a3c574ac15d01c763ad5c76f9a772a79c2f,SJ246,2025-06-28 11:37:36.952,2025,6,June,PENDING,False,False,True,34E,5259c492c7710ba1213be024f1e71e562db86c51bb3e82f1b840c416d093801f,A********e,a83d164396368eef0a37f7076005f188709a2f25ce2a1b3fe7be2cc54e069d8e
B1588,901331ea90015d4bc0291766f4f107a0d34cb5ed3825fec0e3dbd03717fde73a,SJ247,2025-11-04 11:37:36.952,2025,11,November,CONFIRMED,True,False,False,10B,2a4803305cd02857bbd9cbc896ea36dd6576ed5dc3dc5ca34bae43487663cf1c,A*********e,856ec265121071898e6e8fae0e9447e3179f9632eaae08aaf1432ed05beac0cf
B1589,05eea77c075ff7329e9eb383df908cc03d91db1aad14d9e93f0e534a08c2d972,UK157,2025-08-31 11:37:36.952,2025,8,August,PENDING,False,False,True,3D,9a68f2fde5c292642af815fae1bf5237515c8efa9eeeca1589252999dcb09944,H****************l,7fd170d8308a8d0fea9ed918180f2bd3c9f7234e302df97104defa988b2801fe
B1590,0211dba0308362d09d12cce5048bc85a2ef253da3e6168f427992abe6729bcef,UK069,2026-04-01 11:37:36.952,2026,4,April,CONFIRMED,True,False,False,25B,8665d4d18dca34d8e907b69724e21509aeb32d6b9f5443f6e937a296133ca88f,A*********a,0cfb4d8e66fa616faf19813e226f067f54afdde0fdb96921cf2e68e0404c326a
B1591,a29b0b8a8a5283bcac0ee3f87fc316a362732ca213d0d6508e9fe78f2c82a662,AI106,2025-11-20 11:37:36.952,2025,11,November,CANCELLED,False,True,False,8A,c4a96038b4f9e9072673f93977eef98634a3b631eb3ad8f6da7a2126cf6e6363,L*********n,7b75f73a87c7097ccbad255ae79225f73ea3eb0e70f00fe22c54466d37ab5eef
B1592,872ce3ad7cd88dc979b90e4a798b5a58bad12953f5433bbf4125c0fea3b9c0c8,UK085,2025-11-17 11:37:36.952,2025,11,November,CONFIRMED,True,False,False,24F,bfb12fa9d66b7690439d44a2ccb431ce616adac8c05658ff3227eb04ec5bf62e,E*********r,86afa1a1722d917e880ae60dfa9c1e32375c31ce803a712dab99c2dc8bb2d04f
B1593,4f298002003d87c1d612ccc5bd08710bf4a0e8820b936ee256fe2747d11f2c86,6F087,2025-09-24 11:37:36.952,2025,9,September,UNKNOWN,False,False,False,1A,b6d47f8c80fa1004c544d744bdc3e1332f155cab682b02c88bcef88bb0b4779d,A*********d,365471a9d13f65caa6b535afc942a5ef47767266aad63ed8c23ac4ad92168675
B1594,c298cecdba76c83f263350d53e080a96bd431f42cd19de6efdd702431a28ae0d,AI067,2025-06-01 11:37:36.952,2025,6,June,CONFIRMED,True,False,False,25E,aaea2ce38aa9005fdd29d85101918f87b2faf46637d0553d1aa9a5c6a8722d5a,T**********i,9d7da90b610882ce481ce782c0d465bdab9cf617f40b4c6cda9ae5a2840be0bd
B1595,b502debe7f09d395199c85c9dc20b9edbc7eb055b4499ff2ea811a2cf747ddfb,6F226,2026-01-07 11:37:36.952,2026,1,January,PENDING,False,False,True,4E,171725b3e2f4f8a7b2f40c65ccd0302f4ae4e77948bf25d8698c989cc2888e3f,O*******y,9751386d7a21d2002de5c913c34c1da68e1c4fb91bc1cb2ba1f5ac609a8675a8
B1596,a283a09aa25e74844adbaa72805adfee5de273ca179f93f31826cf2ad4dc9551,SJ210,2025-12-20 11:37:36.952,2025,12,December,CONFIRMED,True,False,False,15E,34988969eee46e40feb29de238dc3b58d149a3671bbf308ab731266e412319c3,H**********r,b19bfcdb525661d62b93bb4aa645eb24d40d9586033a5790c5b7ebbe359a5403
B1597,057f584babdcf5f8b5a00a11422fb1d3548b0f6452655b0d7c48cae445d21bcf,6F269,2025-10-23 11:37:36.952,2025,10,October,CONFIRMED,True,False,False,33A,4a123b9d3137e4956275825f2c230b789b04f7fa1231444ac48cb53c53a884c3,K*******i,2b8280d1f9de0f325e407162af6abc6561910c260b204be1c435d88f8ec382c4
B1598,e34896f79a0e0759380ec16c206f581d69ced88424a2c7256da86cdf0e0a46dc,UK013,2026-01-02 11:37:36.952,2026,1,January,CONFIRMED,True,False,False,11B,77969c3eddb831d9b5e2ea3f984ced1d8f948afb9cd9ac28029623ba66691c99,E*******d,9fab6db1c7618091508d3d6f61353b632228379b028c01824cc7d72929003115
B1599,f1f58d998de0d7ee37881e3c74ed382741c723ad260b60c0acb6992675a46475,UK013,2025-09-30 11:37:36.952,2025,9,September,PENDING,False,False,True,9E,1229af52a1691e215ecbea86802e9f45e89e5b7ff0f88e234532a081e7913281,C***********l,ca977f9da4cf54356ba1a4a12257e4b663b68ac65e17559a9f5c5fbef0293b39
B1600,8265fbf82c26f5f4ea4718318fd82549bd67feb2c7eee42d0a82a978fff7527f,UK143,2025-07-20 11:37:36.952,2025,7,July,PENDING,False,False,True,2C,8b020d637180a2659678c41c72898733e8f9cb748080b70f0a8cb4938738ae3f,N********a,e684907178cca4631cb48dad96b0628e98a2e575a978573f76cdf6836907f986
B1601,f1e921ffaf861ea372dd545d469e4e291357c01134a401015942fe6a92883e31,6F262,2025-09-07 11:37:36.952,2025,9,September,PENDING,False,False,True,28D,401daf4031e0aac358f5c337d8430e1985e508a023734ec5285ae1a5b2c63f65,F********r,2f64bdd3f75b8525f9171d4cfdf4080aa4ad12f6521bfac848a99465aa1293be
B1602,d74aca86f92c65cafecdfff785341967ab44bd2039bb62550cf700740e5c15a3,6F042,2025-07-07 11:37:36.952,2025,7,July,UNKNOWN,False,False,False,2A,495450b9989e598c739c2f02a674028cc0678812711f4c1c70112c4877932d15,S**********a,2c5ba3bd88587767c13f6aa28e863b96453b72a4047e8a7cda2bc9c82af9d724
B1603,323969a7963eafc6513bc14886c789e73bb1919adde854ed931330089747a1aa,SJ118,2025-12-06 11:37:36.952,2025,12,December,CANCELLED,False,True,False,17E,9be67efa903416f26cb42d1fc017ccc25989f3bb44149385260380dc32125449,V**********e,a0384a7e256919eca86790353c70744204c1ab6491228b48e6c74418878cd81c
B1604,49062701bc17258527088cf07c7e776ff9ab8fd2f895f78327fd26d784ff1985,SJ118,2025-11-17 11:37:36.952,2025,11,November,CANCELLED,False,True,False,3C,def234c0b75c5d1ecb108bb9a591eb372afa4b0850c3ad4ab3bf6a4e980b5a18,O***********n,22f37d00e428faa44c20ff422dbae27e9f474755e0b665a72fa502d40fe719a8
B1605,da15c99dc20d50e06abebbb036a7275c44ea7d078611a19e8af04cf4cbd45319,SJ082,2025-10-03 11:37:36.952,2025,10,October,CANCELLED,False,True,False,6C,1bb2de95b853a6df990f2d2c13b0360989174d7afd048bb270d098f3a57fedc1,T**********a,59f5dd3a443e6ad36875b9dfb039525259d1c1f725650cb878b4d86469991169
B1606,5e7e23a4ca4cb432c8a49b9a8ae99d22522d1ee10d3b1f32eb5c62ce1a2b8e14,6F015,2025-07-18 11:37:36.952,2025,7,July,CONFIRMED,True,False,False,23E,35ffd069ac415985455607c754d59f4b89da1c838ec1b51f0d88dee5ebdc0767,I********i,0f7a5ee9b1221c80dc72db4ef380223e65255b9ffb8e84794f4a9802ed0dbd7a
B1607,381fb8bf617b85b1500be36389446b3dcb63971f826b60836e4b32f6d1d2c80a,AI101,2026-02-02 11:37:36.952,2026,2,February,UNKNOWN,False,False,False,30F,31903349f1c2eba85905c923ffa2e9a8cf6d605d128cc9cc8a41d9eb28a9da10,Q************y,02c773024d86836f4be8b19be47c5cea36cfe40c83974be98c066f7e63040d19
B1608,cfc35c9d3cd9f8deea603f67203cba18ef85d22d30213c6a46b654ef9dafab3e,SJ110,2025-06-28 11:37:36.952,2025,6,June,CANCELLED,False,True,False,10B,19cc3241f12ff2d8e0adc3c77125d7fcd74ab3bd530c4fed2352588bf608123c,B***********r,28adc48c6804f71742cff35b2700fd91893b528faff67cc5c1ae1a80931927bf
B1609,d78d33086a6ac7092ce5210ee0bc93c09febeb9745177ccab0a40151aeb89c3b,SJ042,2025-10-21 11:37:36.952,2025,10,October,CANCELLED,False,True,False,19D,5af0cd586be384f47f22b1029b6ca4ba29f537c07be6cef04e2e53c87624ee89,D*********h,434b92c25d990d54a883b8f080935ee26fd42ab240e9a132e20b399dec0a1e86
B1610,fb8fab599298ca767005a6c1027c660a1c2d3ffd621b3543c2e094475a60f63a,6F145,2025-10-13 11:37:36.952,2025,10,October,CONFIRMED,True,False,False,27A,0d14865cc37b5496709db82f46fa8886391c80eda7f2308a71d3121ed4e14d20,T*********a,ad77aecda87dcabab0d86910ee53d725cbc57359d74cbb8c69e7e0c55d56b3e0
B1611,4f298002003d87c1d612ccc5bd08710bf4a0e8820b936ee256fe2747d11f2c86,UK029,2026-01-05 11:37:36.952,2026,1,January,CANCELLED,False,True,False,14C,bc83cd7d4f7b2e69a00ea3d6a6328ac81ee1499addce04e31f7135b4208d6c04,C***************e,f55f59b6470ba72589a51bb69a9c8152b6eec607e27839231321cdb78d2babb3
B1612,115f110efe2c65297179f84ceb6a5154ba53e08f2d9b5659b5417adaea4e61eb,SJ200,2025-04-18 11:37:36.952,2025,4,April,CANCELLED,False,True,False,28C,362f1c4c29ca8172ad830b53c14a432d98a7888badbaabc38883d3e4993ef317,S***********a,f33f115e1220697c7320086b9de7b2639f939f0c68e956c131ec48c3f74fb644
B1613,9891e403b0f09d3ef6bb6a150444d7aed41685e904c6f0657120ac5fec5ca431,SJ209,2026-01-29 11:37:36.952,2026,1,January,CONFIRMED,True,False,False,6A,36f3e7a69bc2d13790e8a894c66562871a911115668d3cb98ac88eacdeb61089,S*************n,806d02911333004145047f98585455af6cb1d147a204d0950b758d9799eec6d8
B1614,687eea855b2141c9b9b456d62f95581bc6ee5de2ee9f5f5a62c04e8464f8bf98,AI116,2025-05-11 11:37:36.952,2025,5,May,UNKNOWN,False,False,False,30B,0ce6ea43c344e22757535d637930bcd151258570338b269cd62e9c619df19cec,A*********n,17215bc71569b7a171c48ed85481ef6617db3c3f1b11f4b6f6442d718a687e5f
B1615,02d9d27ae05319a4f21cb92e5b6fcf3b4e27956a143b05e78c46a8aece4ee338,6F117,2025-05-23 11:37:36.952,2025,5,May,CANCELLED,False,True,False,33B,1e8011c366fcb76760042a444e32c9f3ed0753ec855fad78672b049b4d8a168a,F*******r,8385ace21a6ca7d7613e2cb928110c9ea3b8eb5973d68065ceb13b4455ca54be
B1616,44095b416ec47fb21c8b6f1953f3931c1cfc2f9c0971d99fdf5baa95f0a9425a,SJ181,2025-12-23 11:37:36.952,2025,12,December,PENDING,False,False,True,17A,98281bd664be8df030f4a802f10ee4e2d73a3c7519a0dffb1538db7f2e14a405,A************k,0d888e73e9554d378f9261ec9bf7e53705c86f8d8cde3bdbf5c88fd1e81a8e78
B1617,c8825a62bdff38dd0a66384c87a053d4c10cda8640c32505017564104dd13cbd,AI070,2025-05-10 11:37:36.952,2025,5,May,UNKNOWN,False,False,False,18A,21f4515e5e25841deac42b4b7a7ab82622d6acc519bf75e5cdbcd21cd83df256,Q********l,8c45ff129050c779b0d82900de1a02ffdee15e3b97b3ccd714683d0bfdd1a563
B1618,127d54786aaee6c1941a732885eece87c3ff2ffb3b58fe9b4877dfbc618469c7,AI070,2026-01-19 11:37:36.952,2026,1,January,CONFIRMED,True,False,False,1B,a74fb0fb0ef754576acafd952f52601c6b8c4bdadb1ee91032b525c18961e42e,K*****i,19e9d8940c5ebf4073c2352bdc5b78f5acc2f6a072a12ac2f04a9c0ef2600dae
B1619,984e6bf675c3775a7207205f3101cf0f21f6b264d95d6966c29af3f0a427ad3f,UK042,2026-02-05 11:37:36.952,2026,2,February,PENDING,False,False,True,13A,35f6b0b3061afb9ecd49547631aeab3ab63636d893f2b098cbdbb64f4df2293b,V**********a,28a09cac59764b96138e9e3a9c3d3eda657068832f5adc94c5e77f8db4fd3bf5
B1620,304f4d73814c7a525c525b9a96053ef9d930c17a0f3b9888f8d7c5242bf8daec,AI169,2026-02-24 11:37:36.952,2026,2,February,PENDING,False,False,True,1B,d565b8fae932abe0ab78f3d66e622c64933f9d11ed355e3b20c7046d61958874,I*******a,59b449ccc128a7ee3b69f45bc4e5afdca1c363c4eedf0e930206a8a1a964011c
B1621,1047b7c4faa338bb338b8d60b66d9ae0e7d14f1ec9f747437882f4f724a283ff,6F021,2025-12-21 11:37:36.952,2025,12,December,PENDING,False,False,True,27A,5e348003290cc55802633c6b7c925a2f32abe5d0993eddbbb87f941fc446581a,M***********k,218798f2695cc8c2f1ddc5322bab143e9b78c501fa2d5bcecf779a6313de6c21
B1622,8f17adbeae4fc7c3ee6893ebd6558cfd4943303f3c27ddd33e31e307de8a659e,SJ046,2025-06-23 11:37:36.952,2025,6,June,PENDING,False,False,True,19F,0b6e015de6f981476050ecaba97e69c3e347e11d93177ce8a6628a2458d03dcc,R*********l,7784f14fc44073cfa3feb7670a4685c0d8cd547bd9a0dd38dccd0e9fd336466d
B1623,9e61fe0e86b4cad7a455db60ce2f8d93248386a575d692ca20e92bff7c443b4a,AI211,2025-08-17 11:37:36.952,2025,8,August,CANCELLED,False,True,False,22B,b36653540e86085dd458cff345f5505a6aea923ea93910e069d467eca88d56d3,T***************t,81295797b379b1d8b6c32821d690279a161f5edd72fd881eb53ec4bc474ba8ed
B1624,21b69c3f33f23bff6682534eb2985655efef5b8d811c12b3598bd7c5078c22e6,SJ091,2025-12-20 11:37:36.952,2025,12,December,CANCELLED,False,True,False,34F,4aa292eccc639cea3e43735013e104b18448ce780c3df929eef27c3bdf3875e6,D************i,36ff4a1af3ca299792bbe61bca7aff7b41434f3b01804ecbd65e2b5b04da1afb
B1625,6dbf5c97b3972bc33cc630fd9406dd1e2957e28daf5a308f8093967137802876,AI123,2026-04-05 11:37:36.952,2026,4,April,PENDING,False,False,True,7D,165b745f5ed02eebbd44517b434a5068bd6d56f343b0f79698c102c568103beb,N*********i,2e6c59b54ae7c4755a879a3c1941935693a5ac4f8e677c7d9dae227e5727990e
B1626,7b3d44d6828e3b78308e415c43238352b0b6f56ef167c891dc1c9bb0aa38c364,6F053,2025-04-17 11:37:36.952,2025,4,April,CANCELLED,False,True,False,25C,bfb888771f3080fdde82ec55a46ca6e9c2aaf00343473cf379483198de2db70a,B***************r,9b172f33df47e3043b6815771d72e0446808dcd6d38e3f51fda844bcd11661e1
B1627,7f7a4a05ac7584dc445b403e3f3476be43426f7f0889117eb963af5f8bb1d4c5,UK012,2026-01-09 11:37:36.952,2026,1,January,PENDING,False,False,True,27E,77d9cefc7cced9b07aca5cce887b0a1791a5aa19689d25fd00aac9224683bfa3,N********l,5bfd85660d043ac16de33049728e2082fb322c5efe082e4082673947902c6f8f
B1628,6da5c98a0e976031563964f81b319886e196349ae9f369ba8040a279181cfcee,6F023,2025-11-25 11:37:36.952,2025,11,November,PENDING,False,False,True,33A,e660354dbd4dbdb97609351b6566aae0af518354a0cb04b34b0d75d4c8081626,E*******g,cb605e4e30385a3baf822fe1485664f8885c7684be6cef95047ff989dc4cbc94
B1629,b3b2bddc4a1da01906c583ec44330f267849113c6afe3d26e04eafb43be7bbba,AI250,2026-01-02 11:37:36.952,2026,1,January,CONFIRMED,True,False,False,11A,4142e92c8dd6278b20696b25930b548f1257a21d80355d86fccdb8c2518db85c,T************k,0a0f7f070270883a31ebfb28e5508de42facd9f8bb29496d63b003e4ec62e2e9
B1630,576f2b5c5c776cbeb15003127b514a4311d2de2a9e3efe9a4ba27e25ace5cb12,AI238,2026-04-07 11:37:36.952,2026,4,April,PENDING,False,False,True,26F,fc03e909e8a5710c6eea82fb20d708794049f993c9a7f0138dee4ced49d44559,G************r,abdf905a0e7a43d302524b511b5b16216dac9fdbdf1617ddd90dc72282777a15
B1631,9dbf68e071e2c1bc37c5acc4c1e6272d719672928db5a6393249fee4ee9951b0,UK096,2026-02-17 11:37:36.952,2026,2,February,CANCELLED,False,True,False,24F,4adfeb15fe587f60bda9c9cb1fe445c8b18f49e81ca5c3d9fb3244a2b3ecbbc3,H**********i,6003d39db373ee17175a7366cc253b6af9dbabe726b89b08ffd58ec94babeb8b
B1632,c341214938cd7c5edf253986538ef88ba218fc4e63ddebde1dedabac2d723091,UK126,2026-03-30 11:37:36.952,2026,3,March,PENDING,False,False,True,1D,5a2fd0bac26c9c553a7cf0e79d0dda235fb909aaf13ee975f958d7af28bf7605,R***********n,31c78aa43644b58c646cf0b50792917fe5506be5b4daca4f30b1810fd99b4cf4
B1633,04dc00943c6cc896642b413a0bca1fa231546546ab965f8f9d290a068e3bae06,SJ195,2025-08-30 11:37:36.952,2025,8,August,CONFIRMED,True,False,False,8E,b2d7cffcbe296ffe43b48c5a281559d1739bcc8024698888ada73e29bbc2de68,F*************a,766fa5753139efe5688f2431c67b2b970b974c0cf0b0a5ca8a4d442bd1da6fe0
B1634,2a8fcf287fa1e6f5228499fe1342b2862e5284695bd138093267305e7772a4b3,SJ171,2025-12-25 11:37:36.952,2025,12,December,CANCELLED,False,True,False,1C,2a5178901251bcd2883d370bc10b7e38b1934a0d3905ac55254d75285f032b45,D*********i,a9df1eea241ea8e52395ed88317cbf2d48fe808a14cd7c2e79243def46dfd46c
B1635,6d64c5db9320443a09f781a2448e89f34f0981a8a62009bf634605c5eed2f85c,AI136,2025-08-14 11:37:36.952,2025,8,August,UNKNOWN,False,False,False,7C,b309beb7f6765ec7d94e10bdf9eb3f5c38a82b52fc5cfc4e7b4b8e7460500321,T**********h,5c9b66428b66111caf14077c14daa982a403fc7513ae12485bbb73c88dfc3822
B1636,fff87090542f8b51a79bf35133444b0f8471fe4637a7ded64d144766c44e7bdc,SJ192,2025-05-27 11:37:36.952,2025,5,May,CONFIRMED,True,False,False,22B,4c07947ec29f9f8eb077fd497bfd2d722ec2e62ab6774deaa7b8d25247f195f0,O*****e,a8f5b688dd41625101065b0e710406d6c7bed904f25e530b0a94b09566f1f091
B1637,69b5e68dd6e023bdce827c0154123c85c52134492db4a8d2f6017b5502cb9da6,6F035,2025-12-01 11:37:36.952,2025,12,December,PENDING,False,False,True,27C,9ef28d67266b2b8587e9e069b8d59e33c43eea740790da2bf017af169b8e86a5,Y**********r,fcaa53392096a93f02c62fcc424e96d718b8185d1b232b2c37a9bb38f263bb4a
B1638,0e313068dce20d1ac040c00e54c27f768f8f2aab412ed5d0f51094152054fda2,UK088,2026-02-23 11:37:36.952,2026,2,February,CONFIRMED,True,False,False,22C,3b1ba257ab17e50995fc934a9d9fe7cf1a43d14fc63619dab231293e2c0570b2,Y*********i,b1b66271e24fd158415129e52090d302e8743a9f0a881365fc99e86ce1841ba2
B1639,86d87cbac905451cd1cf943b93648d0f6b147644f646a978feb82bf0245d63b5,6F009,2025-09-14 11:37:36.952,2025,9,September,CONFIRMED,True,False,False,24E,99a304cb3a4f0714213282c70900746dd74004f058691ab972deb7187fd28f4f,I*************l,55ee6c2711cc23565d720bacc8461b996f3fc45efb788aa7a0e2efc3ee553f06
B1640,e453e79b699aadfa85bc39c7dd2730f841d1f87123c949fdea49d3dc23717e6b,6F004,2026-01-28 11:37:36.952,2026,1,January,CANCELLED,False,True,False,30B,0dfa3d2dc8c7955279553fd9b434969d6ea71290b779f541137cdbd95539c0a8,M*********r,2e145078ba2f406ea8d0633a8b8aa8067aefd0bfd4057a2d73e4b3e8b1544ec7
B1641,515ee739d3b1e850ea87009babf136b0542638289a3c4aa231c50bec8a47e40c,UK122,2026-03-27 11:37:36.952,2026,3,March,UNKNOWN,False,False,False,28D,a5a177db9d351cbfa115988e10cc1ab9d4e3cc237371f779459d05acd1e79c96,H*************a,10652e1a2225c307aadb393f1a6feb7536d307005786e3af528bf02c677ca931
B1642,b6699f1f75b07aaa96b7f6f1ef1d6d58c2b00d2f311d23df9be2942ca0335ae7,AI251,2026-02-15 11:37:36.952,2026,2,February,PENDING,False,False,True,4E,8e5bb2f1f092aa3218c9dda46065b9191625d1d6ffea0b069ab14f9d9e76cf38,A*********a,2f1d9384bb5f631596d16838c4d0001fc5a4a0a9d3ba348f57bda024e9d03659
B1643,f20ce3cb543f67bc821a65bd2b3e7b00675b3ea0919d18456fa618faaeb38386,AI027,2026-02-04 11:37:36.952,2026,2,February,PENDING,False,False,True,14A,21f4ba7013f69a4083864f0d557ab6a857ce19dbe63bcea75dedfcbe5240fdb8,O*******a,50cebb66e71779e283b48e5029c55df496ffeca6550728d6dfa6e431e8b79f51
B1644,3d686e842d77285c197c6e50a56b5426bbb37bfc344fe8b5849ff21cf82dc6c7,SJ165,2025-10-20 11:37:36.952,2025,10,October,PENDING,False,False,True,20E,7f89177d2919ec57ebb0ce955bee9a7ebd010dab10f3dfbc9d05d11bda65cb95,F********l,060dbd4530efcbae71336e1b6e0051e07233eaf0dbb18a5aa0d6d44bb2e335a2
B1645,2a8fcf287fa1e6f5228499fe1342b2862e5284695bd138093267305e7772a4b3,UK081,2025-08-16 11:37:36.952,2025,8,August,CONFIRMED,True,False,False,17D,0bd50d55d21c694559257336b2f109adcb559c4e48c99ef5d56abd6d3ed7e08b,W************y,b2cd58cb086e21fc9b621cb4eb267230f5fc1e31afe126c1a65cdfd651a80644
B1646,705e8a54ff06745a1d7eb7683081564cad6419b93cd7e231e99b8e45438caae8,UK191,2025-09-27 11:37:36.952,2025,9,September,CANCELLED,False,True,False,28C,dcb3450557115d32760688a0eddf65b4d433b3182cb7c82ee4a4059d0926c414,S**********u,e30421eb458c69ab85901bedb6866635a367c5b64608593ad51a6d6694065617
B1647,a5d7ccdbaa33ef6ad8ff6cdca600e6bb1ab3186089c6286d1695f87fd374721f,SJ188,2025-11-06 11:37:36.952,2025,11,November,PENDING,False,False,True,14F,2a3d133a580f0244d5055aeb03d5861b48c0db66700c2255a4f87a4cb369f087,D*******a,a575f6e3b60e921eb79a44fc500027d4d73c2b6e56cab77ffba683d55bb41d33
B1648,2b4d0c8fdf599c052b4fd074e6545ad56cfab92217400417ac526e1780373df0,6F016,2025-08-09 11:37:36.952,2025,8,August,CONFIRMED,True,False,False,33D,4ccbef63e0bdf9971c5a0271cf1e1c51066678819b1184857fd3d837f00b2aa7,R*****r,a29543048e42228134345527bfc42bca0f62da81416ff9b4ad60dc8917b36b3a
B1649,c4815f266028f068c58e0b99f862eeaf65c210e25072af5e72a63ca53af020e4,6F064,2026-04-05 11:37:36.952,2026,4,April,PENDING,False,False,True,4F,ec7e3cc1e6cc47310a6c5b8045529e83c9e37d3d0e5a208f8aedd7efc36c3eba,U**********e,dc7877c7694330db04d1e4575f687d6fc940ad2decdf7cd5c414f07e8d9407b7
B1650,4501ed1c58dd1fd2e579358f8d11c8862f6f538680eb712ec38db5827d52e883,SJ105,2026-04-03 11:37:36.952,2026,4,April,UNKNOWN,False,False,False,10D,d3fb11aa8268cf78159b56a1922d5bc35b93b2f1da7422853f8ba1a95a1cd4bd,C************j,d794850190e577f0e52ac540e6df981dd45b14de750a1c1d8e785160c2315aba
B1651,1e373aeda1556f7d6017e2900a519b40e81a9d833fb84176f353c5077e2b2936,SJ054,2025-09-09 11:37:36.952,2025,9,September,CANCELLED,False,True,False,21B,a7c92440f67553788ac51a3006d3f594190690c8c4e318ef94f2fce31af98b4d,D**********y,95b4febda135e5f31ea44bc84c904da7193695a203d07e1a5dd74e6a8122dd2e
B1652,e34896f79a0e0759380ec16c206f581d69ced88424a2c7256da86cdf0e0a46dc,6F197,2025-12-19 11:37:36.952,2025,12,December,PENDING,False,False,True,23C,cdd97d2f70f6382d57ae8705afa5a49f53bf2dc246c0b8d0ce00cda359a9dd5e,Y***********h,ae9f4c9b28d1ecffc68db113db64bb4a542ab71d5cf8cc3d60ee56e265078602
B1653,15258cca169e4b6fac5a723b1441d132e8627640980bf983d4302cc0334534b1,AI040,2026-03-26 11:37:36.952,2026,3,March,CANCELLED,False,True,False,31B,9eeee144b1866f99b0d2df76e443f52e0b981aa4c44047b59ba9b1011a57242e,D***********y,9fd1da2ed929aee3e1e20ad5d716a0b3b7d78578b5f359e332a6ef05b7ad7286
B1654,9a5d603fd6eacc409027cb091b3ea3b03a3857bd38efe4a1b2ad7e450b585085,AI131,2025-08-14 11:37:36.952,2025,8,August,UNKNOWN,False,False,False,31A,3dbbdc54cf78fa74627153f9f3c73db5a5f4dd5a26659be8d94c6c0f536f2034,S********d,a20e7f0ebbc5a1da0e9f27a89a6011d66bea65d9616901b0e99a0b5f8dd11da5
B1655,a41aa336bdc7df1d3bea1213766b0634d96c32553c29944da7da1b2c140dbf6f,6F141,2025-10-09 11:37:36.952,2025,10,October,PENDING,False,False,True,7D,ec748ee3966e242dd071b616eb2b3950c4a0823a507fb366c1d452aae80738ee,D*************y,c218dd2c622eed3cdab15a8ea37655e10c0d20502013381582ff72c3e92ec706
B1656,7b6084460742c67cf5d01ffbb3d49073946d33ade4f6b271e63e320f18a9b4e0,UK035,2025-05-12 11:37:36.952,2025,5,May,CONFIRMED,True,False,False,26E,41b998aba0b892c7848107ad75833c47cf0cf1efdabcfd7590b8913089a38a62,B**********e,d10ae42b66a7b2c6b7986dffd339f0dcda4c5c86b3703171663a4340f7759994
B1657,c4815f266028f068c58e0b99f862eeaf65c210e25072af5e72a63ca53af020e4,AI005,2025-08-28 11:37:36.952,2025,8,August,CONFIRMED,True,False,False,12B,180ed27dc9100f4b46748fc0136ae279e50a681b9db2c0d4e0423188495b031b,G*************i,71203a7353dd5cac58648ccbc745d4128992eee7f34fd652fda59cec207c045e
B1658,9ace1218d596c69b7238faa697878d47b85d4c5220f641a097ab72a8eae1a1bd,AI001,2025-06-22 11:37:36.952,2025,6,June,CONFIRMED,True,False,False,18D,c2c3095f7f47e91accb93424ab2f8d55635f6920ef2a8a20ee31dbf6af331d93,L*********e,b51dbc6eac980f8d6bb55ca8da554690c1ca5949cc3f57616d235a27bbb2292b
B1659,b3b2bddc4a1da01906c583ec44330f267849113c6afe3d26e04eafb43be7bbba,UK211,2026-01-17 11:37:36.952,2026,1,January,PENDING,False,False,True,6D,57d6033ba5fe53db82a5838d6b9456095b179c9d3f7350feabc515c28acb4c15,B***************a,432b8166ee949bbcc8a57f4b2767b0e290b9e7fa6ebc69a5deec42ad8bd010e8
B1660,b63f0c822b6e830ae9c355c7894d5c011f41efd0b6667b3a0d2cf9230d8bea10,SJ189,2026-04-04 11:37:36.952,2026,4,April,CANCELLED,False,True,False,12D,93771791c943605c56fd329f1c855f615facbd8e925cb36c21fcfaca8f9545e8,R*********y,ed096d35f8d03335215c9c1ea95545c754188b4234a627988639599087c4d40b
B1661,459b89f1c1c07e4eeab0dd6c7d5c40bea90d231854870ac2ef30273e6339ae40,UK006,2025-04-21 11:37:36.952,2025,4,April,PENDING,False,False,True,18D,4f34bb1dd5c1aac2dbf2cac678d864b1bd910390b2a09a763cf5957b1e16bc7b,V*************r,3392c28aa7e0097f25baf16dcad6c147865d3b7c37858892a679c1a361e0e88e
B1662,a741b6dd8a5b8f1543b96f75d81f04debe9ac7dcb9e5ac7f7c4a3de6ce352b3d,6F189,2025-10-13 11:37:36.952,2025,10,October,CONFIRMED,True,False,False,17A,6eab22ee2340440216b5b46852f6702c6251519f3338ab166da7dbe69c2bf9e0,M************a,064ad09ea2a52bd0bbb95050b935c2c387c03b8441952428500fe839fb410820
B1663,afbe1d334c79478b8e5626b3ba334e5e23163f59e7cf271ac0ca60d0fef851fb,AI133,2025-05-16 11:37:36.952,2025,5,May,CANCELLED,False,True,False,15B,180d2539362f06e6fcef368043fdadc847e0e419fd4ac9943463d294aafbff33,S*************n,c3bee888b832f880ffb26dd7e65d445d95bbf3f11177954942f0735d8f339f0a
B1664,6c78ca347eb017af2b5b06207cb1dbb8974d9429ed43b397a5e91b4af78ada20,SJ216,2025-11-08 11:37:36.952,2025,11,November,CONFIRMED,True,False,False,25B,48bc740d5cd7931c759fa7354a4e778dad19f4782826d09da2a8fea6fa562b06,H********d,7409f77ac4e5302dc54fb7417af824aaa539dcd952e3ec93255fd58a7c751b21
B1665,1a2d875e42cbcde58b46c3f2e6c2423ce2bee58a8f47dd3d0f6823ae4cdf7fa1,SJ133,2026-03-04 11:37:36.952,2026,3,March,CANCELLED,False,True,False,29D,23b39a585f3e43b6fa5ca3bda306679bd7fcdd013f3f1d5fe61ef3eaef2456a8,Y*********a,11f2537839351952dbc87a0b7884d67ce022a454dbee4dae43b731aa677de4ee
B1666,6ab8a8743eee13a379d2cdc3e72ce0519cad4434e395705b497796e2feb00f0a,UK082,2026-03-05 11:37:36.952,2026,3,March,PENDING,False,False,True,32C,98c0dcb3e2837662543ffcfc0b2c8091e52cf4c854db339f741d0cdfe57b17da,B**********a,c8acacbdb50f22f50438e84a43bd0fcdc04d4ecc1d12ba5fd9c8ed8baec6dce4
B1667,2f421b3dbb240a28a434b83b1cd56f07a31b837f7ed07d6d7286da17287b5bdd,6F136,2026-02-16 11:37:36.952,2026,2,February,CANCELLED,False,True,False,32C,20e8c56e6c76ef8e908e9006f270974c367e303585d8bf61c25ff89701f36faf,R**********a,23352b21a98f9cec751514dd422485c023b4850bdcd3743f047e76bb67941cdb
B1668,d2d103f48be2ff0f5fc94d7dec21c6e07325ec0b483c03ddd3c55ceb699a3fed,6F039,2025-04-30 11:37:36.952,2025,4,April,PENDING,False,False,True,3B,08542579bc6c9a81fa147f521c06c1e73a91b5cfaef4dc81dbc6d26f9978a8aa,N**********a,2c3b03bbe740e000c8691b3c217da8c8c7b84813df86f223dbc8b9d4e851ecac
B1669,304f4d73814c7a525c525b9a96053ef9d930c17a0f3b9888f8d7c5242bf8daec,AI011,2025-06-16 11:37:36.952,2025,6,June,CONFIRMED,True,False,False,3E,76c9be4589d3d2ea7af44bf648d90c2f4a3825119a1f343bbd5d06f3e541ffb2,K************l,2c70f9449747908b3bb1afe89397c82c7963cad659f187870e81d61a327cc6b2
B1670,4a6add987cf788a4b9d925cf7495e0b62399b75355bfea4e79eeb1b51656f843,SJ225,2025-05-12 11:37:36.952,2025,5,May,CANCELLED,False,True,False,16C,cb964c0495c097ea1d8cf3f134a8fcebe47080f10ee6e65de7e5784cf32515a0,L*******e,4a8bd6ae5af3c431aa6616c7837361ff180c8e36996fce6127d51d18190ec0bd
B1671,2160872f2e614a13bff2e81412b0948c5fdc0e77ddbb5981e2fc4ff99c926561,SJ024,2025-07-08 11:37:36.952,2025,7,July,CONFIRMED,True,False,False,22C,e2af476ea74868e91cff727f20fa729cc658d10be935444c80e18c48e773b3da,H*********n,f53e88e21ef0c800f5b681a3950d4728632a4debce3481f563bd3a40b0c148b7
B1672,e453e79b699aadfa85bc39c7dd2730f841d1f87123c949fdea49d3dc23717e6b,AI109,2025-08-01 11:37:36.952,2025,8,August,CANCELLED,False,True,False,14E,650128205a4c56282bb499374f986a0a00147acd99d1752c8206128142604375,G************i,e220c76d523da2e2af89a6e9d9fd49ded47aea00072de620ae0514cbcc73b692
B1673,c9a061d04a6e0a5d88cffda77b795792bfeebad00ac005bbf03dfd8987a6a0ea,AI147,2025-06-12 11:37:36.952,2025,6,June,UNKNOWN,False,False,False,28B,823745f06bee486452ed54941a0896edab25d433ac003559eaa00fee2dbe983e,F***********a,f5cd08c75d285f806c3d3fb50c27d12861f8677048eba7433402e3bd140b9b45
B1674,3803ac7fb64c7eeb9a408f241b02c35acff29c60c4d586f144124c8fd24a24ee,UK057,2025-11-03 11:37:36.952,2025,11,November,CANCELLED,False,True,False,18C,dd3467605c235ed48e0e6dc9e96975bf446f633c432626d5068230bd0b7bf280,L**********r,32f6f61373fb41942f8bca6bcccb5fb52c2459c98088dc65960b2925787f66a0
B1675,2160872f2e614a13bff2e81412b0948c5fdc0e77ddbb5981e2fc4ff99c926561,6F111,2025-08-01 11:37:36.952,2025,8,August,CANCELLED,False,True,False,9A,a7cec80fbdbc1c3be346c196dcd5d1a4a98ec4b1b59e2d2f9de745a586d2c689,Z***********r,f1d96d96770c902b4a8a043e23e0be6495c1ef232dfb396340062cff1f0486b8
B1676,a95e4735d40f1b587fbcb3f12289b87ed52b2654c3c0e088aa4a07ec062a5a42,AI197,2026-04-14 11:37:36.952,2026,4,April,PENDING,False,False,True,24C,9111e950c2dccf9abc029c423d8bdcae94696130304dbce78af0b947bca9ba95,G********b,532fd699753613f71666a27fd56b6e576f0a4f6f98beb428404624e25106bdec
B1677,ccf9bd5ff5d83a193323ce5f3df498036b7b1159d06d994ae19139d4297a49dc,UK127,2026-01-31 11:37:36.952,2026,1,January,PENDING,False,False,True,29C,84a57e583b3fc3fc3c7008e4fcdf8bd053622942ab0ac54e9938c428a09f81b0,L*********a,e670b2e22015a8cff2a57da0cc105dcc7d2c141618ea4f67a57ffce7acaf5a4c
B1678,1a2d875e42cbcde58b46c3f2e6c2423ce2bee58a8f47dd3d0f6823ae4cdf7fa1,6F240,2025-12-31 11:37:36.952,2025,12,December,PENDING,False,False,True,24B,51d9180b215f977557cfc1a9625313f0ff03a324b1bddc50af350c99c19b8a3c,D***************n,af9396410b15696b6cccde7f2956d069187cd2315e6c69724f827a22fc2ea0f3
B1679,8327c2ee1689aa6dc970de7411a1fbd55b93f654d304f70be74eabe49621e002,6F257,2025-08-17 11:37:36.952,2025,8,August,CANCELLED,False,True,False,25A,9edfd73850d65cef58b94746eb8a0991a8b9e9523488aec06412be4712057b86,K******d,a925c9e46df74ebef6418ac4a4a01e60fc667bb591581523f109fff892098899
B1680,5462e26b2c4f69495b9a7e04fdb2576e4484537640762a2bd5ef3724ad75b5d3,AI253,2026-03-19 11:37:36.952,2026,3,March,UNKNOWN,False,False,False,11F,336e0a1cc660d92e1a8e081c15561d3cba85916d602ec7bc69f106e9dc1296c2,D*********i,995c0ea4201564e9dc02a662ee8fd2df86e633a85a79727da6c322954e53ddc4
B1681,fd4ebc9dc6ac0128e148d02b89e1e098861fb5ee6cfc889d7d3d650a78290777,SJ135,2026-04-02 11:37:36.952,2026,4,April,CANCELLED,False,True,False,15C,df283b8533f84ceaabfe530012193ad0a656096ece9b22ce72b6a2cd991c3bb0,F***********a,29715cfcff335eea7b7e56ab2d52e9eae40d1b86a1c8c8a7fd177fad69364ab1
B1682,d79a34f57b1a7071f7288264b812d63b840ca7fee1b295f044992392ab2a1e9c,UK112,2025-07-10 11:37:36.952,2025,7,July,CANCELLED,False,True,False,20B,232d1c0d9502797c3d1ede1c44b2a2dc72a0414340cb99b83a1de649a470028c,G***********h,a4b1e50e7491a2b85aee39de86619e33c3dac298914ecfd2e6a43658e9d6dd85
B1683,e2aecd9570718a8807f0e8649e84f841cbd416fa94f569737c9c3127f2702b4f,AI050,2025-08-07 11:37:36.952,2025,8,August,CONFIRMED,True,False,False,9C,9f61d041b615380030761ce903ce215e3948337f37bf514e79d6d6cb0372c2e7,Y************k,b1edebf840d4e53edd75dd35d4b89092fb25ab8f8d367e32cf7f6470c538448c
B1684,d74aca86f92c65cafecdfff785341967ab44bd2039bb62550cf700740e5c15a3,UK060,2025-11-18 11:37:36.952,2025,11,November,PENDING,False,False,True,8E,7f3a90ad9d4d71b27cb739193d965999f40f3cdce051a5622bb6d665718a886d,A**********l,fad603c10b789d7955cee33af00dd5b7838e4ef822cc2ccba6f689cbb4bf14c0
B1685,e851077501cff6e3779cda283f08b1ff8ce02b3d044258a6f250445dff32101b,SJ183,2025-05-15 11:37:36.952,2025,5,May,CANCELLED,False,True,False,25E,2df5d0e071d2793562836d03bcf44c796125f5318ec427b69238792996c08b49,D**********e,47684dfcd2544729a41aa276c89c1d18cf6f9251f911f901c17152c4c5233064
B1686,c7ccf6a417208a4d93399733f39ed59bee1b97558dd765c7045aa071123b4d68,UK138,2025-11-17 11:37:36.952,2025,11,November,CONFIRMED,True,False,False,23E,e2ccff8e291a3bcfa056bfbe58bf6e4aa87f6d08452d803f7f565b1b89bc6cc5,T*******m,827e609d81979367e9bf3bd5092c0d6d38d2a67ed20768f7d75373f5337761df
B1687,f578969533b3f6b3dab72ec2fdc7d0592f61427e461cec167f4c481805ab303e,SJ071,2025-10-12 11:37:36.952,2025,10,October,PENDING,False,False,True,22F,e7deaaae6ca16ac1f93988fea9988431c332be1baa360dbd8f4d9f80b1fc0851,V**********a,98d424b70a1f7619cc750110ed97dfacaccc0e412d4fbe3a8a03a747add39dcc
B1688,1790ea86025b84f7e5d62043ed8a411e768d2626fbad93bf03569dc640a3fc49,AI057,2025-06-14 11:37:36.952,2025,6,June,PENDING,False,False,True,9D,a01873f30682f0db39d7f039f6adcb28e5dd0617b99153f54a544f0548901925,U**********n,6e6f6e3ce63cca86cd56a7033a8d8779fe75e9fa55ab646fb24f8aa5d9e0cc68
B1689,48d0441e3c09dcd5670121d6361a6d933c03274afe1b985e939e761d08ce4230,SJ151,2025-07-10 11:37:36.952,2025,7,July,CANCELLED,False,True,False,20B,30a69f52e614decfac070ad7a6250050a5763c157081c23f39e86a05ae1a72f7,M*****************t,42624199e76a8bb92feb9e45e7fbe70c1156219fe21caa36512c8fcf5eaa0dd6
B1690,bb9132d26cbca0e016df03b78092d28936b000d4e484bc0e3b0a154484a240ed,SJ144,2025-06-28 11:37:36.952,2025,6,June,PENDING,False,False,True,12C,84cbd470a56bad5a23b8c226dd6f9a00df74f4287916f711c2bffed2b650ae63,C****************i,408d76d6cea17d96f9715706b55bcaf97e6e2a2caa1a6bf85327d57420bcb5b9
B1691,2931a606a61afdcb673da2a9e0ac7d0783f700c913a9f329ea2ea116a99e8c3b,SJ087,2026-01-23 11:37:36.952,2026,1,January,PENDING,False,False,True,12E,5ab2047d375d8b9bd18c3db304eccdcaaddfcbe3c5982fddd2669289d85f42f1,Y**************a,41cd5d5e235283b703153c260068b61abf10ba8f97e2721c3c2d19613867740e
B1692,b86c4bf1fa01ec51c15c338168d4e625007e59b602487261959fbf8382ec9ceb,SJ066,2026-04-02 11:37:36.952,2026,4,April,CONFIRMED,True,False,False,18A,fde81946c722e21662728779b862ab437142c013c45647383edd1e28fad7d7ac,B************r,386089338f0eb0031969510bb37bb363127030ff2848c490ea643b02a9cc4c86
B1693,0211dba0308362d09d12cce5048bc85a2ef253da3e6168f427992abe6729bcef,AI247,2026-01-02 11:37:36.952,2026,1,January,CONFIRMED,True,False,False,11F,fd88a5243fc93e55c4a8be787902372d6ddf0355795afaa4770d62b1d2f8cb5f,K********i,543696eb471cf080b6589a4888b94964670786fcdd38a142a9ee5127d48d3568
B1694,dc8011c04d95da8562c51fdfb92dc4d19e6f865742bc5f706bbb420e4da47fcc,SJ102,2026-04-01 11:37:36.952,2026,4,April,PENDING,False,False,True,24D,d1786521094812672de71e02e08a42b51125f064840ece118724361641b3ad14,M*********a,b50f2372c7e47e6bccabf0fb794b7dd22504c1354c5b364b8e083fbffa849ce3
B1695,c3b5a3d13ab79aa38e9f97712a3550cd325822a0b9e0da7a393f66418d817c46,6F252,2026-04-13 11:37:36.952,2026,4,April,CONFIRMED,True,False,False,4F,4438155ebe696c02b25e927623acc0350e86b49b7aeda9945a13bfc97d126e5b,P*************i,714694eab83b00b4a13dd7ca4a11efa87aebc07db39fa84b1d56df2f43ddb0f2
B1696,e118c8da2cb41a25eddceec8caef73a9a328651d0c4e2ee3445d67b04909d028,6F055,2025-11-28 11:37:36.952,2025,11,November,PENDING,False,False,True,11C,276ecaadcc0e56c0b6420f4beceb8f04aa06a2465b5cd357d35e7f4abc78571f,R**********i,162c4fa13a7f7ab91a252978887c873388f966b476b792137902f3d39ccd81cc
B1697,40c119ce6fc328a5c7c2fd0a572c20e08caaeb8003f3659b6a371d8a062fefb9,AI204,2025-11-12 11:37:36.952,2025,11,November,CANCELLED,False,True,False,34B,50c21caf5356a78de6c1091caec42b224847ae476100e0dfa02fe1ad12b8d7bd,N*********a,12e163e5e68a6f1391d259a8e10869962de87cace72679bb9e0884db1a5e7c15
B1698,61d0f276b7160f04f92ce7d852f04296612a23d85e104124985a1e3f1afb6a25,AI016,2026-02-02 11:37:36.952,2026,2,February,CONFIRMED,True,False,False,31D,f0d567941af209ed076469fa5d683100e045a6c9c53657d3b8383d27728257d9,W***********y,d80d11fcb63458b87e3d341befcec0ee3105d0430b899c1e8bcbcb6319831b9f
B1699,9e9cdc2bf4b91e70025e63cc7ea079b158f64e6d9631a7cc43556b9c29593df6,AI209,2025-12-11 11:37:36.952,2025,12,December,PENDING,False,False,True,15D,cecc55d3ec697230da35ac861476e3084b3a6045b77b1a8992d81b9c42c88018,B*********n,2788c28814777b045f9a397046fe1d7409b70666e32c039a57c3997903df1192
B1700,89fef259b03bd24a0b841cd92ec8accc906ac07ab48804c073e5facfc880bcc5,SJ211,2026-01-04 11:37:36.952,2026,1,January,PENDING,False,False,True,14B,65e1cbc46369844c7ee2f37303b3a6869ecc7490b08650570a4a30885020afcb,V**********a,5782324eec63137c6de758ef0eb186ac90fbad361f3b9135ecb5f6b3af776a24
B1701,8a3b05f6e9fd84906e5ba274b4076218de6899ba8b20e9fc1d5b1bf6632e3601,6F103,2025-10-16 11:37:36.952,2025,10,October,CONFIRMED,True,False,False,13F,778a78c05c94abc6c75831345b46be8b956ce152fefe25be3da0ef63c8403814,W**********e,8f229f7bd455d3bec814f73648ce21e6c6c4963d08d6a1f2583540e86a4b6e90
B1702,c24146553498b11133c73b471f128c4034fbbc101da3d55d16b786b97abc6fc3,UK182,2025-04-22 11:37:36.952,2025,4,April,CONFIRMED,True,False,False,31F,448e80cb3fd8af983a1e5ad218020663dc87cc19372a01db8365a5a6b155c719,U*********i,f548d95e537cb6e2046882df40fdcc6ba853d9ff2c9e7a7ad7d92cbad9819b4a
B1703,37b790ac45eacb4d66f50b7c5f6adfbbd850f1ef459633d46e1335583be1bff6,6F264,2025-12-25 11:37:36.952,2025,12,December,CANCELLED,False,True,False,19B,238f552984c69ef516a03274e6c889155ffd85d0c968f09320c6c3aa79eb5c00,J***********y,ddf2aa9442531826fe0f8b10b458df26d00b32468caa209ea32cbb5f41f66873
B1704,63fe68f9c14d380c2f19c9c816ddda65f85fade6e22e9cea4ceddc45edabf834,6F027,2025-07-23 11:37:36.952,2025,7,July,PENDING,False,False,True,29A,28a8f1ea96a0662d672bd3c696da56972a9f3feb46db05d9b8733be9656dfb85,T*********a,b7c2c087c769b2b4ebf66b91cdbba00ca2e5d27141fc160b47896c84bdad8911
B1705,5f9fc9f7518e6c902d2c9c26bab9cde54ba7b8338dd4c90b8bf4389ad2bd956a,UK198,2026-01-31 11:37:36.952,2026,1,January,CANCELLED,False,True,False,3B,ec5ba277b2139e72caf29c5794985e028cb54c7e02beabc89f90503640e90915,L*************r,e7c4c5cfab3215fe7da44df55197ed1ea78fbe48d5b04e4e4958b908a9e55722
B1706,7e41938799d4afd46db8bc75a3b0b483a41627daacf0c1f4f8ecee4cff16c534,6F171,2025-09-07 11:37:36.952,2025,9,September,CANCELLED,False,True,False,15C,6b2d1b2113c249923c23547dc7afefaf5cbda758e7068725c430c1468fa68906,O********n,c5952762807f4d82031d7505832a28887d67c097888f078a8c83316402e46904
B1707,19298fd58334c2576e49a117e7714d5a8dc0fc9a1b9e879f7f8eb13fcb898319,AI004,2025-07-05 11:37:36.952,2025,7,July,CANCELLED,False,True,False,1B,ca48569f7510d5079a623f176ac9b0c8694e874d3fe3daf225d2db99618cbe5b,R*******i,b720dc57ba561f7db7361fcef383909d0eb0c58ac9963a0e8fb54483f6a2d110
B1708,ad18c2be469e3664cc92c52ab98aec9203c0c3fb68b9d8eabb7487c6e41e1afd,6F157,2025-11-22 11:37:36.952,2025,11,November,CONFIRMED,True,False,False,3C,28265e9fff3a747905810827751d5a75efe5f62e34b47afaa28be163b348d21a,Z********n,93227676045179c4ae7bdf45c6d85502ba58f39677f95c3a2f434bd9c252ce0f
B1709,54880709cf829c2d0d703d6ee6f77deed4c47aeb026f35def2f7a6b2e789432d,AI018,2025-10-03 11:37:36.952,2025,10,October,CANCELLED,False,True,False,22B,63b55a036f684a91a31d0e6eb1fbbf47825ec85699f5a92dc946f90df0fc1430,V***********u,360aaf52057f9cd4411d2630526db61fd039753ea1ec507fc82b13da728eafb9
B1710,1244258127ff3e4e2a0c965fc60154de658644e5e621ab1c633773331b25c5f5,UK098,2025-08-05 11:37:36.952,2025,8,August,CONFIRMED,True,False,False,21E,a2b9033cfed071e538b59f3f82a2a968256719e2463328cd484fc6e78863c13d,H***********y,8ca2d65aaefefd15412075739d849628d385b0085945ce9e9b6e0e8f6a04ddb3
B1711,04c31ead0dacb627c690602a1aa6e9a1d82a08b75fce9493dce8c3c852365ce2,6F167,2026-01-29 11:37:36.952,2026,1,January,UNKNOWN,False,False,False,4C,fa143555327c86b01fb53e6c45e1858c42e9d627bc6151146945e4050cef337d,J*******e,3d3531cf2135b26284621ceda1fd22251c01c46cb14bc58de7c31f70371f57a1
B1712,9d45c506c68e3dcaa91fce413ba276f0080cfdb813fa637eb649e7325b0a106d,AI228,2025-09-06 11:37:36.952,2025,9,September,CANCELLED,False,True,False,17C,efc47f6e0d4875430a8ea7529056a7d9e33165eb32dfa66681b05ca33f195bc0,F********l,2fa832c2c6d0617c64f13a5539ee08987dc2c481a765ba42f84c80632350fbae
B1713,fef3551179d3071c36364f32685122bf5ea6d3a401fcc5707960d1986ef03b46,SJ242,2025-08-31 11:37:36.952,2025,8,August,CANCELLED,False,True,False,17D,a493d09b9d53e4b175fa525ac85a2f947c1c8218f2956e5e9376d5c61dbfa3e7,A*************a,f6ef31a5d0583a1ad4130a230d158be09f619846f293c70ffe141ed31106da34
B1714,b10cca87bf39c2434d094f305e8c8bbe33583cbb8f70956cc9b07aa8d93058c9,6F227,2025-12-11 11:37:36.952,2025,12,December,PENDING,False,False,True,34C,7c0e390fcbe61c5e9577bdeb773711aa029f4451d7e0ea5a3237848587565b8d,Y*********n,caf8f59ff9cdc9661111c77a8047c757349af3b9ef9e3649efa319407457790e
B1715,95ed3a25932715f1de8783452bb10dbaced0de8e556476eaa3187ba6fcec8432,6F037,2025-08-27 11:37:36.952,2025,8,August,CANCELLED,False,True,False,20C,9547aa7e70298b9e857eac5213035cea4807fac76dab67d9d21fd9c5b1850ea3,R************d,6a124733533f0654d5990662bbdfdb869f7acbb43adf82d6c1f68dac016bfc23
B1716,88f7f4237aee189269417ac81c4f97a2e3ac25262ca5a762f39b765660e4cc46,6F107,2025-12-22 11:37:36.952,2025,12,December,PENDING,False,False,True,28A,a0aee1417b3c36e8babca6d9569f010bc76ae349194d79b9d520a026c9db0f1c,T**************i,230dba38fba7b1c63a800538b8e4e40ff5fc8ec8890b4de763cba362bda60293
B1717,06cf5fba4db048c6700c1058a21ce384bf0093a18e77441744df25a610cba230,SJ125,2025-11-06 11:37:36.952,2025,11,November,CANCELLED,False,True,False,14A,40db31827ba69c6691ac474577792db2924510243ae55cc21ebdc944b789c143,I**********a,125d27206b323e668717a673b15892c5fcdbd4cb3ba5b5dea1d6598994a31cd4
B1718,fbfdae7167ca504fb6574b58058717aec2eb950ea169dfd4a4e81f4a4d437af7,UK117,2025-06-17 11:37:36.952,2025,6,June,CANCELLED,False,True,False,9B,436237ae11aadadcc8c6c136b91c7bf4dbd3aca1973204d0667a12c5c78f4878,O********a,b5001df6ec96344ca7042463cec13eaab45f3bc640d47b3333b5828b2cf57b66
B1719,30e4512135119c357868dcfa2a810326ae9f8f4c74a43016116bf2ba33458b3a,6F192,2025-11-12 11:37:36.952,2025,11,November,CANCELLED,False,True,False,29E,0403274a854c90495b35b45ed2713838f4dc756b51a28ba56dfec2ee8be9d999,M*************r,4d4f9716e3afa1c2f90f636461e9d0e05b025d4f6f5807a018631de4a9cf6520
B1720,fff87090542f8b51a79bf35133444b0f8471fe4637a7ded64d144766c44e7bdc,AI201,2025-11-27 11:37:36.952,2025,11,November,CANCELLED,False,True,False,27B,deee309e609cfd2a0a8f2464ca4b38386c4b1b48b36c23a5eae1b54769aff9de,K*********r,ca614ea681ec57d5e49f38b9c125bb0257616bc64aed6f3659a4f7bef1386369
B1721,e9dfb2b48762cfcee48cc9c529caa8770eb7098d475585da5e1488755cbb697a,SJ126,2026-03-25 11:37:36.952,2026,3,March,PENDING,False,False,True,21A,621d3cf046eda8651132994e53b75795b028df74c896782b031089738c441c81,L********b,3243a948a0dbff5be977ae38803354ddad3eac5c62ba37fafd47877fe6a001c0
B1722,5283b565c90cc536cabe0fdd947f5841872cd6c8449d1b96e8ec0de5a4e2ce4d,AI177,2026-02-10 11:37:36.952,2026,2,February,PENDING,False,False,True,5E,ab399f26f93999ceb543883c78d22219ce45bd3ab6d8eda3db2812629067c7b8,K*********r,bace846819356857227d70da82da2d766b843918d59dfbbc4db99c38b60a6acf
B1723,60a3b7a0fd4cf4e8dc1da079b82ba46eaee77e024dc64e63fdfa76f3bbaf39cc,AI092,2025-12-23 11:37:36.952,2025,12,December,CANCELLED,False,True,False,26B,568ba77d20124faa8a7915b34c7a8a6a53d093e91755460c53e8f2e32f9edd06,A*********r,1acb3b5b7b54396831d062e08bd396306cd06d0bc207fee8ec49e3a2dc347b8f
B1724,c69e01f1f8c5b49bd6cf223cf519595b36def4bdcaa285f1453b19422941dcc4,6F076,2025-10-10 11:37:36.952,2025,10,October,CANCELLED,False,True,False,11D,14abd42aea37be5924dc9a3d70fce4860e61aaa0a171597c0e549b90cd3da238,H**********k,98feb0ade930bbf1356e6c7c8ac50b127905eef2b2fa883cd82fdd6bfbc7e70c
B1725,b452f773ffff3926beaaad32ab667feca29d88e78d63af3d188e475c318f0619,AI185,2025-04-29 11:37:36.952,2025,4,April,PENDING,False,False,True,1E,1dc394ec4e5ce312428ebcb4790974885a0865c6cd9bc281ce6c1b66f95c643b,M**********n,c242c475920252f4fb2209e9f6eaea810c64bea8688918d6561dd1c1d554efd8
B1726,d1000269373ad872e18776d20eb8dc5b504cce157382b94c11b4519be82a3aeb,AI055,2025-05-14 11:37:36.952,2025,5,May,CONFIRMED,True,False,False,2B,9dccff1425fde8754961e39a5e2905a629d8e80ab75425ed4dcbed4a4b8e03d3,B***********t,c53fdf0b23dd720412069236c4f6f2461cc222f5c690a814b19258b1b40d8d0d
B1727,695819effb2e647cc96708c12760d26f7fac82ba6343df6ef1c4dfbb5bf9eee0,6F222,2026-03-15 11:37:36.952,2026,3,March,CONFIRMED,True,False,False,27D,c17ef9d640b3a612685694b8a03d39936c14bc09fe1f63d8f6be6963e221078f,U********n,b836abbfe048e9082fefca7dd859d7b8a89fd3d0df60a7eb11b7367835c94207
B1728,d391d51a20b5d10035274f269e7693ad48de80b4ff99b61855f4e4313eb28a99,AI090,2025-12-12 11:37:36.952,2025,12,December,CONFIRMED,True,False,False,1C,2c63961575d5f19025444e701e3124e27f6d419de2fc9ed04796de326868e2a5,U********n,df9f275b9cea090c419f75c3de8e3e8d36759a5f6f6036c21cc617028258c46a
B1729,b80f0792f54b48b735169ad48fab43e1494809354d2a41baabde61a641586c52,AI183,2025-06-03 11:37:36.952,2025,6,June,PENDING,False,False,True,4F,2a62e425ef788d0bf303e1171b7941e250bacf5845418d8870248b0ca3791501,A********h,6763062e2cf83fa8bd5752f3f6980e5be4eb8505f266441108a5ba461753aa95
B1730,9d2990bf14adf28987ad0230c0d32cf41e5dd7c9fe67790ce87de1a0d14dfc34,AI041,2025-04-29 11:37:36.952,2025,4,April,PENDING,False,False,True,25F,62d74181a0f3b1f0fe242db338c0bc97d6b4f692ba1c3e66b6a0291214f281fb,A***********a,8b25e4c065e84935982321f0b6b29ad4e1e2bec8614b060ef526c0f9b67590a0
B1731,42b87e547dae3cf711f32022a9cb7cf3f038e48e2752358e9b58cd59aa5e7d1c,6F210,2025-07-12 11:37:36.952,2025,7,July,CONFIRMED,True,False,False,25F,7d85991b6e0166378e54d225498c53354fc737922de5d7f32f1b1f5a403026b4,T************r,9eb2c0e56686431a68665cdf357ccb2fea8703f8a18f722b253f777fc97940df
B1732,08198b0acd2a75c2621123be72730f105a8950937931312ed96e5ffdd406f017,AI170,2026-01-15 11:37:36.952,2026,1,January,CONFIRMED,True,False,False,3A,229aba8e47b68a29ac08c0322003be83cbcbcb4625ab219b2e4939217f82f796,P**************y,e27fbfea2fc937d1f28c056b7c6e5ea8b551406e241bb7bf8450ca4d3e0ab9b8
B1733,acaa798e8ab832a8831bc3b9ff7b7ad8e4926ab6ecfe3615f68d17b4df47976f,SJ008,2026-04-16 11:37:36.952,2026,4,April,CANCELLED,False,True,False,2E,d60682ef8a3ae1d6d1652916fd5a1de732c1f36a0f966059773c8500c445d5c4,B***********a,955d019469f3e9828d31c7b816282d34449b8a72ea660cff33502f13e734fe23
B1734,e2aecd9570718a8807f0e8649e84f841cbd416fa94f569737c9c3127f2702b4f,AI049,2025-09-29 11:37:36.952,2025,9,September,PENDING,False,False,True,27E,a4ca03fb72681515a68f02e01269d80c93eb496f7017132913fe62bd9ea4b2d7,C*********a,17bab756591ae1b82e0821649de041e1bee81fa3e3140695336a35cf2b85790e
B1735,bc76842e61ebedca26bcd9eaf418e5a4f40d29050372a9af629044dc36ec1983,SJ132,2025-05-12 11:37:36.952,2025,5,May,PENDING,False,False,True,34E,1804564eca7ae2dfcfd7e8f7bb45b131b932f8323df4125b8a75841f5f5a1181,C***********e,ca0a998042ddec77cd22dd98f422b7773383c99afafd84ced53cd870f2b786d0
B1736,e7c39412523d8efa559edb6f28acdd154dbe16ba18f8dab0afeea3e4ab42e006,SJ224,2026-01-26 11:37:36.952,2026,1,January,CONFIRMED,True,False,False,28E,286eb81467f00fa13c18e856293ffcb0ab79c9bb5a01eb5ad213ac3b6be44696,O*********r,adbf6a345b80adfd3e94de5b4f0df42dd75302b045e3df642b8627de0f9dfd71
B1737,61c7785b723e9eeaf6effd5f5cef092f29f2c1764a0738be4ec9ec230c0a4872,UK038,2025-06-11 11:37:36.952,2025,6,June,CONFIRMED,True,False,False,1E,a766ce097138901401c92de1b55ef435379d33518038089050ddf50e4519534d,D**********y,e96584d9b0276efc27d55ef26232f12417b056679bcc0a063d68bfa8c602549f
B1738,9e9cdc2bf4b91e70025e63cc7ea079b158f64e6d9631a7cc43556b9c29593df6,SJ220,2025-08-14 11:37:36.952,2025,8,August,PENDING,False,False,True,27B,5062102443c70495b5ea3df24372d29a8a1921c7ef0918f6aa9665b25a0ceda5,X*********n,c9a9ed84f1c1979e5572ad9b3d7fdff18f18582622b972d06a381ac3d52c9225
B1739,e958f2dc756a3c1c4d30f40512bdcd9baf35851950e7e1014c5429fad541b219,6F124,2025-06-29 11:37:36.952,2025,6,June,CANCELLED,False,True,False,34F,e337b0b7de821418d655e191b1a10187e8db98f617b8072520b7b761e1f92b05,A********a,2719a2bfc99b5229234d6727323753c27dc5366d99f7b67024054f84b96223cd
B1740,afd81ec419f86cb4489130cd42d84f23b6fba17ab902661d11149968be4e16da,SJ164,2025-11-16 11:37:36.952,2025,11,November,CONFIRMED,True,False,False,14D,418e7a8e8be89dd3487eb0f0db94d57a5a17d20d63cad7c8a9528c024566355f,W**********n,e7093ba06fad62feffe54a7909051b2dac7ae7a672daff66473d6c96ba5e1c2b
B1741,2244667f8f0e743ad64e69773549c10f24ec562186584437d06aade905076416,AI026,2025-05-18 11:37:36.952,2025,5,May,PENDING,False,False,True,18E,b9c7dd7912666b943acc97ccf9836b0aef809869a6e849d95332014793d6b7f9,B**************i,43b078e874b49f421f40990c9e8417bf16077e6b4e80d33e3199db8f5fd8999b
B1742,2300988a2e179648451303b5288c8a4e2de25daf44d18e59b0f864cb00f24f4e,6F144,2025-09-14 11:37:36.952,2025,9,September,PENDING,False,False,True,16D,066f10077caa38deb8e7d51dd17f624411ead3815e4c9af0db177f83bf9e2927,A**********t,8c9c71ce92df3bea7889a0cf9ba74c34334d52b8c21e781b83d711d09c2c77e6
B1743,5aadc6c083027b2b87c4aecc6767c86098104772d3a66d0dda11ab4cd031b0b5,6F137,2025-11-21 11:37:36.952,2025,11,November,UNKNOWN,False,False,False,6F,0dec466abbbcfc2126393332a128842a0526dcac90bb863e3908b2a32f1743fb,W**********a,46a639c116f1bf154ece377cf766b236fb6423952261324101e4ecc9ebfc925e
B1744,370a5d9b1e3c152abd94138f869cda838b8cbfee5c965e3d0343efe0bebe74d5,UK139,2025-09-05 11:37:36.952,2025,9,September,CANCELLED,False,True,False,10A,fd801dce6b0b07a90dd0975c255b72c55f87290a6da3a790300cead88802ecbf,R**********a,86468a7332ecdc35285940b0109e203f62eba99b099dd380a1e5d7184518e982
B1745,b9c3c485ab3ab0dcda11120fd6a81621479eb013cec7b53ac5b9f8cd2e0006d5,UK139,2025-05-20 11:37:36.952,2025,5,May,CONFIRMED,True,False,False,27B,687048c14a9a8d98f1a85a81cb0ce005af4cffc096509103a77feff34450e095,J*******r,e8e59a5368166401c6867790c84329fc46feba9036adacb81a77dee1f91d4ad0
B1746,3335200f8c13730ce3ea39e3d6099320f25e1b2be89a55f4666f7d507c45c594,SJ140,2025-08-31 11:37:36.952,2025,8,August,CONFIRMED,True,False,False,34D,3127f284842cf5cb0789bae92be082a8702469b00940be4a0bdbdab8e40ffbcb,Y**************i,e60aa3e92ef8b1f68da9f1cf03945840f541e86dc5cec946a24c3b5bd4c6525d
B1747,e0c4ae7c95c83413b3810dd2b7255fcbf8bf407eef7a1b01f21fc01e0d1b73e1,6F131,2025-04-20 11:37:36.952,2025,4,April,CONFIRMED,True,False,False,9F,1a781a89e36abd64f3a56e73f8643f345d297e5e7e8557b2887156c788f50a36,A****************n,20f9bcf6327efd0c376ad1e4952952b6726ba2ddcf46aaca7e3ea508fd11fa18
B1748,2160872f2e614a13bff2e81412b0948c5fdc0e77ddbb5981e2fc4ff99c926561,UK128,2025-11-15 11:37:36.952,2025,11,November,PENDING,False,False,True,9A,64d55121052705eea04227b367110561c5d579e708ac37a8ea41a0f43cf4ad25,U********i,1ad728fa853bd3f8b3d648e63afe105caf302f62489a69144bd500e75192b32c
B1749,6613c11bef2f73d9c12f23614a08b0db2e5ce7955b24d9c36106912af1ec814a,SJ219,2026-02-19 11:37:36.952,2026,2,February,CONFIRMED,True,False,False,23D,0cfb80a3c0ef9ae4da000a8ecb4fc2b02eee94da4201ae492887e795e0c2bc27,L**********h,3741e8a544fb2c3c696ec67de60fb877435492d5ec31d7b405e19f06d0e419c5
B1750,24fc7c6096a40eed288c35c622b441eb6bbde8a9aec94edb595f67cc2e17b907,SJ159,2025-09-21 11:37:36.952,2025,9,September,PENDING,False,False,True,33D,083c7ad8ee107d9808c1772637703ed03d52675ad81d2b41cbd46cfba54b2809,Z*********u,71ae2f90bb6d0d45fb7acd2eb590070e1b8f19dff9ae02af96768ee8903338e0
B1751,7367c04f5225397375bd5fdbf583232e6c813b63fac8efd4b7f203061fd3d10f,UK192,2025-09-19 11:37:36.952,2025,9,September,CONFIRMED,True,False,False,17E,ea38a080e71076fba94eed68d1882e6fd71005a610e421c6a5b78407be84f995,I*********r,6c1157d25dc3cb6ddb2525689a6db138b0c9f24c729787a2d0df2e1d0750e11d
B1752,da273dc1a032c58510a0f5c40b7fb445a2c5d7764c0948ba9af184c805cbed4f,AI014,2025-08-13 11:37:36.952,2025,8,August,CANCELLED,False,True,False,34F,cb0d89eb3ea58cb91146ee8052f45a7fe0ad6d3db5467e27a9d394c780fbb7ce,H***********a,af29abd73db107f85ee7e74c769ff64ecbce26f8cad5f40fd872589b2cf4c1c7
B1753,2af52ca08bb9fbb89df00853ffc63d8669d9d91595d5543e8e0537bbcce1272d,SJ152,2025-08-08 11:37:36.952,2025,8,August,CANCELLED,False,True,False,5C,57c7287ec752f50e973f11ed869acf36edb4716f811c42c9fac91150c85cd0f4,H**************n,e1fe34ac65d74151fd660b1abbf64e1dc0ab26189de50fdd66aea0515073d88a
B1754,e60442d25bc5f693c6cfc0937063c635de3a5baf3a0221977d97fdfdb824e54b,SJ060,2026-02-11 11:37:36.952,2026,2,February,PENDING,False,False,True,3C,c457b729a60b5bd0660e3464dbf0613134b078e739a9fc66c1718fa404f873df,K********u,b64b096d68e8e4c0e5b4df9b5a7b6622fff91f4ff9cbf7019974225259794bf3
B1755,214570e8e57cbbedb0b4b324f9d19943a962fe8291da22434f634a5989e07f18,AI127,2026-02-17 11:37:36.952,2026,2,February,CANCELLED,False,True,False,10F,d9281b4addffec4d0a79cd5677d2967e710f81fb6c5a3f8abf5ff5f3d5416519,I**********m,8e0b15436e5c1e6c733b679b9f5b322b7e13a4d1eb17eecbcf6b8004274317a2
B1756,df5b29f2ff7bba8607f3a0e88336de8a46fdaface5e5b3177310f9a192d55512,SJ096,2026-01-27 11:37:36.952,2026,1,January,PENDING,False,False,True,11F,7270e53e6e1099f38fe0853bbe5c409c116913047127c2d588f40e5e72007f68,P**********y,89ca2c67ef029daadf3c73015372bdf250fe9af1543efd4123b3691f3053d6fb
B1757,ead35841a79fee2737d8873b15d094d44e54d831f202fb3ddc4fa84ae3ebb6ad,AI215,2025-04-24 11:37:36.952,2025,4,April,PENDING,False,False,True,22B,951783aef93037db5f1bd019480e7eb982ffee531274bd88d835706eea9a6b9f,V***********l,9ad2895112edf4e18843aadccaa8105079954f211b05e0333551c2f1011d5b7a
B1758,79bfd5dc59b585de98a96bc123673a45df114171ea2f649f20cdb96008c54d3e,UK009,2026-02-28 11:37:36.952,2026,2,February,CANCELLED,False,True,False,26B,da3cc671cfd39e8a9edcef4124d1c8d745e29d19c9b8f8d350038a2ca174cb24,K***************r,710ffc4c7e77fe5b91593f20e1b762d349d908c7bc55be0e1ed5f3ab3e29d0b4
B1759,070c4bb71150965a2eb0e9679d4faa62494d101fb20b461e34dcec7b51ea5414,AI171,2025-10-26 11:37:36.952,2025,10,October,PENDING,False,False,True,16F,a610bf56c1a436f6406856ae640d151b444d6230159cca584c46c202d5275f7a,T**********l,769fb53082eddea65fc09ee9d2acf47a47a86ded8dbcc63aa7b40173fccce606
B1760,d7883315352f12fa20d6c19c3f82874e6c989873552679c898d43df7c276fcec,UK151,2026-01-14 11:37:36.952,2026,1,January,CANCELLED,False,True,False,31B,f95268e21cabf4904ab450e7e022c716e5ccda5b5560261842adc704b1d6ea80,C**********i,fd13ede353f4591b7797e884e45cfe8a0a1b8affcb2f068cb3fe7a337b68abf9
B1761,acaa798e8ab832a8831bc3b9ff7b7ad8e4926ab6ecfe3615f68d17b4df47976f,AI099,2025-05-22 11:37:36.952,2025,5,May,CONFIRMED,True,False,False,15A,bb977b2f4251ccba9fd1c29d02b619ccbabb38395b830712865aaaa5dedec800,C***********r,65eff528c06868d459447ced77141644f63473063d5f1bc4052de843f15d4c82
B1762,499e7285cc098ec708ff0827412797bc0639092672141320cf102be85b3a672f,UK050,2025-06-04 11:37:36.952,2025,6,June,CONFIRMED,True,False,False,32B,0dddf52e82351b07a8bd47ae931166a69f97fc9b7ae0880708d169898fdee7d2,B************i,735329d1136b5513ba7b26b06f71ab99a02256168c29c6ae62bcf591ff79b5b4
B1763,03175f6d9373fae95f71dc8c7d95e3ffa5e79c08a1daef004201db6dd42430bd,UK092,2025-10-06 11:37:36.952,2025,10,October,CANCELLED,False,True,False,3B,1057e76832fa8edb3205486a5e322787dded5eae85a6c11fd9ffe36c1fde4d7f,D**********a,9bc82000e3d6a552c94855acecc828ae8614d0a2b97c68d8ebd2269ec4bb52b7
B1764,5b46c230b44c531a908051bb6c234888e249b44a92f98d515e82e9fdf1fb71bf,SJ058,2025-06-20 11:37:36.952,2025,6,June,CANCELLED,False,True,False,13B,7b1dc121358b8506a6463d12cd32ffc5395fedb0b4ec9c2c2670f13429d7ecb2,M************i,fe9a81c68416835a7759d3c5a3675a0f4185afbcf09e56e2a67ad9b092393612
B1765,653cdfb1325933b24ada6db5a4afeff363cb0f52acd1f049ffaae98513b44a5e,SJ090,2025-12-21 11:37:36.952,2025,12,December,CANCELLED,False,True,False,1C,bc699cdb65e77f343e6d979dc3f9030fc15fc963b7c9398449f350ccfc0872ac,Z***********l,4144e944707182a09878b6164ac115991cacad75d1d0843b119dc41c685af4b7
B1766,11e337e7f9c993d8b3c88c25c9e2e9bbc27748902b1cdc5fb3f93994054d08bc,6F173,2025-09-07 11:37:36.952,2025,9,September,CANCELLED,False,True,False,1F,b94872c224622b0ce5080503d9d1cd35ba605be3fe9fc6bdc7d676a34200c026,R***********l,bcac33e4a13af7218cdffa7754fc77d7e5db6dfde631a09a7b5cfa5a96ec95bb
B1767,3e07b24d68cceb8f5990bbe9ddead6b3884030d562f4a7d373834ee6a19c26ce,AI186,2025-11-19 11:37:36.952,2025,11,November,CONFIRMED,True,False,False,6D,93d1331aff7bfd2d7b8fff1e3227f5bbf7a9c3472e7dfda6ba9fa564f33c466e,I***********a,0e03c361ca08614045a55524dc03ef6f81271fd65551ad4c998539071b81fdff
B1768,09d9f20b170cb65e13df0168ee65b5e40907a45c66b98230f59d7dd60c63a13a,AI130,2026-03-23 11:37:36.952,2026,3,March,PENDING,False,False,True,13C,bd0ae61fb994748f8981e22e0864197bcf658156fae0a1afe7eff40a6be5e512,G************n,d1aad83a64cd647ced43a5fe75b7d00e9114c69273e9fe38076231e283642038
B1769,bc683045521964cc94c27ae99da8e08e4629083220090d5554cb70c1e97832f6,SJ111,2025-11-23 11:37:36.952,2025,11,November,UNKNOWN,False,False,False,6F,2aa72f01f02e416a60a11965b1b141bdef0d0d6220b1bac749f25c319eb0b32d,J*********i,22d8137ee8fadc3e180558236e6506b40416790a64c6691dd7d7761521ea9c62
B1770,8327c2ee1689aa6dc970de7411a1fbd55b93f654d304f70be74eabe49621e002,6F203,2025-08-04 11:37:36.952,2025,8,August,CONFIRMED,True,False,False,8D,214d210c97b4b26a82ef4c347962d091595a029263489da1af595e48694d511b,R************a,efceab41a489478dca7d53996df2449c5ad7a2823a0163c88e8707a942ee87cd
B1771,07b5816b6b729469de051b69faedb1ac6ebf19a846845c130c0eb96ee1b79a88,6F138,2025-05-24 11:37:36.952,2025,5,May,PENDING,False,False,True,1F,e32408bdbc25cb92de72bd47ac64e79d7da49caad4707750cb7b1b887207623f,R******u,5af940bedaf76590bc22356413e1e5648a2d5a0c810a7edf3d7bc5271e6ac55f
B1772,8827f01ea81cde4c6fa53dba33d2ae9301c138d84422893db8d51fadaa58f6e1,6F109,2025-08-29 11:37:36.952,2025,8,August,UNKNOWN,False,False,False,10B,5855b49d3fa8689fc958a594f6848ef6f8f3acaee173f7120117654f93900af9,H***************r,3f5550b2170c1c6b76bdd121b092ab3da709b6e067170f384cf3af044957b6f0
B1773,11e7405e976ffe2fd78666cff7c08b5698c1ab4dc4b8917abe86e0e24ee45002,AI074,2026-01-01 11:37:36.952,2026,1,January,PENDING,False,False,True,16E,f95c87cfa5819590cb47e2239e7fe05384d9cc30bee29d7e572913ef05b77417,W*********k,1629f2da1a896caf486bcaa6ca87239b5abbe868a6112ac9d260ac3707740aef
B1774,29b50a0cf1005354bee43ac4169f609fce2718c926a49545f42418af74a1306a,UK161,2026-01-07 11:37:36.952,2026,1,January,CANCELLED,False,True,False,1B,b69a687b1873cd903818aeb62f714ea600f0ba2e9f260ba218f6998d198052d1,J*****************n,ee200411521d9da5e9a6f9a5b010e698d28dc2fd1ec76a477b5a497555925817
B1775,dc8011c04d95da8562c51fdfb92dc4d19e6f865742bc5f706bbb420e4da47fcc,AI008,2025-06-19 11:37:36.952,2025,6,June,CANCELLED,False,True,False,14B,60b57faf4fc883ab158282ce4c652b2aba0e8e396b21695cdf3553c23a4d0338,A**********a,6139c77ef53977c475101a3f1542f84aca2dc6f77ae7c2073d2939b46c91cfbb
B1776,070c4bb71150965a2eb0e9679d4faa62494d101fb20b461e34dcec7b51ea5414,UK121,2025-12-27 11:37:36.952,2025,12,December,CANCELLED,False,True,False,17A,69033b999023067ed715d78dd76665001d2c858fcd955b670d56f5ae490c22b5,P*********r,b908466805cc22b38250455c2b2325a11b8c08d147e3820a1da13c72342d8675
B1777,9985af7cd23dbc3b0b3d6d654015391b8f54314efe44e9f3501c1b8821178042,6F154,2025-04-26 11:37:36.952,2025,4,April,CONFIRMED,True,False,False,11A,0bb25a612cf987a76101212c1d45f5e444951ffe58905a4091aa1aa7ab6bfb5f,Q********e,9a0768830ac311b3f280c4ee17a0a5856ba039743873d4affeb68454eee10620
B1778,b56dbde0e0be2b561f40b96027c685159781a84b10adca21d650d985af9ada1e,6F161,2025-08-01 11:37:36.952,2025,8,August,CONFIRMED,True,False,False,10D,a933d60d9bdbe9c03f7374e6b3988fedd4726c1a5f82ecb66a4ca59d02f811c8,C*********i,d7d1d381b6e5f545404de3f2850c18cfd564d5c3f1a2c291295b5bc343b1ab30
B1779,d75a676921b0b5ba379cbf71c9d5375969007807daae094e5449add02f6f5e55,6F153,2026-02-01 11:37:36.952,2026,2,February,PENDING,False,False,True,22B,b5efe065917d66b8641f2980257325b859f9bfdd8b3ebe214a4f4cb3f611a9e7,H**********h,833a929cc2c626d015f879cceb8256aa855be9f8bef2dc33c1a7e99f5a687be6
B1780,d1a1bf1d8dd5ff9e5e33bd3693b9717147d2f499df1369ae6c49644bcaa6d610,6F225,2026-02-10 11:37:36.952,2026,2,February,PENDING,False,False,True,11B,1e0494cc0f478fece310f0c9a04c4046576842db063e56526610f71c6ceebbe1,F************t,64b909083dbaff5a0717acded8f08304beb23d72b8edbed36b96da7e59eb38be
B1781,4247c8365843695e9cf30d3275a93985871cdb957c8a5ea6dd92e44287754911,AI191,2026-02-09 11:37:36.952,2026,2,February,PENDING,False,False,True,18C,36e8c8067645e94b683bf26d3869c97d310f0cb7cbd50fc31eab95c6cf8c528f,D***********l,ef1cab61679c9a08f76b7d9a3286f53e2372f8dbf11cae150cfa3e590938b5ed
B1782,64f53d7e7225fc3d64f3f6540d1a810613c211b2494cdf30765f96cf586355c3,AI218,2025-08-18 11:37:36.952,2025,8,August,CONFIRMED,True,False,False,25F,7b5566e1bf897dadaf93594a0b86ad8c5787e64433947ce9f7d2296fe6d0c24f,P***********n,6e12cd8d1e435147b8ecbd1af926d3669cca44feaec0484bf3421081833bf037
B1783,09d9f20b170cb65e13df0168ee65b5e40907a45c66b98230f59d7dd60c63a13a,6F267,2025-09-28 11:37:36.952,2025,9,September,PENDING,False,False,True,25D,8b07c6c20b2383a73c187de79250ad8d663ca6deaa62bca12103f00046626c89,S***********l,36197ff6622a7ba9a103e7b02a378b0a876df10a11c325f9b83de0164072b9f8
B1784,704f2f60253518efc14299ff656eb4988280160e8ddf10b534a049233fcfa873,UK125,2025-08-20 11:37:36.952,2025,8,August,CANCELLED,False,True,False,1B,3886a1faa09b685180a1f650d9bd8bcbe33221089b8cbbda1ce4fb01c4a0ae19,S*********k,775eddac4d31c78c440e2a298aee9cb9beec8ba3dcd75c0f1df84d5c68c7eb24
B1785,604c9afd067fac61e2daa8a506a2030f2d8c48a0c123a8b1750c198b0cf829c3,6F208,2025-08-19 11:37:36.952,2025,8,August,PENDING,False,False,True,1B,c78fd77799b368fee0424822dcda842cf68d278bc15c4a2fc99f66f8b08dd98a,I*******n,a8916decbd26f08f690159be6b2f84590589dc1088b4514b9c6c8ec0312d2c86
B1786,5601c71b94b41720a92b86c2520a6d04c5491ffb8752f889898611516c318484,6F119,2026-02-12 11:37:36.952,2026,2,February,CANCELLED,False,True,False,26B,1fc08c52c32651a5753af897c83065e4e1768f3cb43b2c0a521b10bb2c49cce6,A***********i,3f8d1a136a5f85850a35b8c2bb442ac5afbd71680251af156d431ec022e796c9
B1787,ea2b1af5291e12c0c2611bb064e78be7b194642f34f2e9ff47c1ae8e4c81c7bc,AI063,2025-07-11 11:37:36.952,2025,7,July,CONFIRMED,True,False,False,1E,3ea97cb742b62d1a00c376fc6ad1a8b9c04130db401878420481abffdd202246,F********i,037adadbc874004d67ac86817fea47486b774ebafa4e3a759716d5c411388e8e
B1788,479494608e848a1d5d0d63f7eca2960cb719fa53a73d3843775867fd73e68570,UK016,2025-06-05 11:37:36.952,2025,6,June,CANCELLED,False,True,False,2B,5393a4a8aec23638a4349c3e888ef2a80425e532005ce2fd5f8dab705396e0d7,J*************e,b2dd113b152324aad7e0f7242e40e3a18f1899d519e6268507c18ce8f1e5e653
B1789,1beed7d23e2d1c4909736ea917fc62445217e0090173c58c386af3e43d18ba28,6F048,2026-01-13 11:37:36.952,2026,1,January,CANCELLED,False,True,False,30F,29118d6e6864630097d1ab77ff7e57b8c4d4436a7fdca4a69f2b1b927d534fc2,N***********************n,0b34c8e4b75ad8206170cb114856b53442239e42e43928906b8ea0e493321409
B1790,593fee80959859d7d383c3e69ce7c146283f30f8e4abba15916346fcac056ee8,6F266,2025-04-23 11:37:36.952,2025,4,April,CANCELLED,False,True,False,28A,09696b649598115db9697a17c925dc8a9ee1e8c1ee30028c010703e330d85b71,L********a,dfdad31a41a30086533596e77ec734a419277febab2f127ddad59f944bf15b85
B1791,b4fdf273d54b2ade5506a89ba09603e0594ca44b488621e16852cbc787ac395d,AI167,2026-02-24 11:37:36.952,2026,2,February,CONFIRMED,True,False,False,3C,377ee23c58948a5dc420433e61d4af59dfe3a0fa3d8e141b426612934e80745b,B**********e,d15bb63cb9496c85eea72e250f2979291f0289d699346c90547771df938a8680
B1792,856bbb0eb3f62ba53d9232d061765401395111a87959203e6a069e16a3df57fd,6F165,2026-01-17 11:37:36.952,2026,1,January,CONFIRMED,True,False,False,8E,2921dbc35c449f8fc04f91f7514cce6ee81dec4d6ea84fb1ee5d9f8e065d0f29,E***********r,dad8d82f4d8f058900c37470ef1d21720636e18a813190ae441a93fcca744f16
B1793,9585a6fe9fdeb56c2583cf346135f842c524d064c6d136b701ea94cc32f44710,SJ104,2025-11-25 11:37:36.952,2025,11,November,CONFIRMED,True,False,False,14C,a7dfd0570e55a09376713a56beb8c17ce8743f5c81bc54ca8eae3f40b6d701ab,J************k,c3f9fb95bb78caeb8ef197bb8198fb6fdf7d74f6e25d5bef7c7f384bb9757715
B1794,048c0b96060f4d3b4701bde452d4b9f8fd255421f16e96394f39d7a6660db18c,UK160,2025-06-26 11:37:36.952,2025,6,June,CONFIRMED,True,False,False,8D,c779190e99477ab32b28f6daa0151e0eab1034ca0e5acd3f9e4ffc8b3259756e,L********i,db8abf76268b5ff85cc69200b6cd365caa7272773f0236be7a30bf89bdad8b47
B1795,9feaf3cbcf88f00a6be9a5b871e6dd47c6bee76eb8c5a751689bb4c97a8023e4,UK160,2026-03-21 11:37:36.952,2026,3,March,PENDING,False,False,True,9C,b3312b0b6152eceb5135cd803214643e78f361ce1c8cefe7e46a45e57cf1d442,M*************a,f1ff06f4a7737635d9b1fb701eca27a421448c7842aa125531e08e81639c126a
B1796,592a57960e97968130e17ea1674c5e746a86ff2626425d1c4d1c0ac8160ce884,SJ230,2025-11-28 11:37:36.952,2025,11,November,CONFIRMED,True,False,False,9B,912c45fda4856be49228fe91f4a1277214e15732ab0c8280464a9b9b14716d3d,K***********u,98dc6394175e0057c8f3263070fbbf12916ae418e9b0b5dc9ede1d0362b5c396
B1797,7d6e0117236bb59cdc989b4cc6f3dadf97dabbbefd1f8558ff0907ca3c56d895,AI042,2025-06-03 11:37:36.952,2025,6,June,CANCELLED,False,True,False,1A,eea73527e427e74aa79e60b8884456a3a517f9d59ce7b7b8d774cae0e0b4198e,S********e,ea93e5d96ce9e49a5e787b9a1121cdc174b5716037f17bdfc5e1dab493052b27
B1798,9f2f59aa1afc6e3ea30f02b73476f19278f1836a70249a7315963ed68f307055,UK197,2025-05-16 11:37:36.952,2025,5,May,CONFIRMED,True,False,False,23E,9c71f9d3a6e780e79d360d616348fe272d3e537e49bab8068cf40013d6ab04d3,L*********e,41094aff6f4b72e3e900b17276a675e99f07e874aebcfcdf2a1d6a71017ec294
B1799,a8d3a0706b90b36155c04d4b89075e41c3b938d6e766092b6952382382ae7676,AI107,2026-02-05 11:37:36.952,2026,2,February,PENDING,False,False,True,16E,6bf15e3f33b925a335606a3f9cc3a8ca22a6a97aee7599432dd968133d716345,J*********o,65d57045f5e2ed2e8a48d2385c392485ff62373f4d0dd48b29bc31d8be7f4214
B1800,0669854a969bcd54ef9b4e00cea98eac24127874b83cb68a2b9c141578eac258,SJ128,2025-08-22 11:37:36.952,2025,8,August,PENDING,False,False,True,7F,eef52c1399aedc9a0c59664725cae3b046b594615a0160dcd904b485b78e0246,D***********k,cb748c1f88d3a12644cbc8172cb9f5cf731c9504b50bce3e19fcda3d638ef5db
B1801,f0260781fb2aba4e4277a4959cefacd2211aef405843b1b72f148059b1d4d91e,6F121,2026-04-14 11:37:36.952,2026,4,April,PENDING,False,False,True,34F,2137a0d6eb13d49ad96fd4d2057c59000a1a3b5e24e1f688c05f746feab81733,Z********r,56aecc0a94b9199bcafc7ae5812d2a83499b8d8289c68b4bbfb1a7c92965ba17
B1802,9238aed697b53737552fb13265a728aa7c4afa319dee6756640baac14e5946db,AI111,2025-06-30 11:37:36.952,2025,6,June,UNKNOWN,False,False,False,16B,54ef2484bfb7d6fcd9c07e7406715d71ccf8e7676066f0c2ce34a41873c103c6,A***********l,930adcfc9a556b5256dcc561d6599c7f380bdf5e3e3ea33555971bb97fd9ac03
B1803,360aedd4c530685d1e43c10ce4c08b4b058c3d72906b4d4ddc621c898663fb49,SJ137,2026-02-21 11:37:36.952,2026,2,February,CONFIRMED,True,False,False,24F,3c71fb9d6c85ef2d0b970be13d1e8c3d49d7cdbb3c5a482bda256bec2c96ed52,X********a,1d4d8de02b7c727d901c32e16abde33edfa12436bb8b96e5ba848d5821a4fbf0
B1804,677104faba0eb37cf9fc7912e402bb55962271b7b600ba163c03b6446ac91de4,AI232,2025-11-12 11:37:36.952,2025,11,November,CONFIRMED,True,False,False,1F,516fa95af3ca4c7b4bab79741cbf204d847ccf30c100dc5a5ac9f2d781da663e,L********l,d9ce9684d79be87a35480503d7d6fdfedd18fbf712049ac66daac7ca8c9d5bfc
B1805,9585a6fe9fdeb56c2583cf346135f842c524d064c6d136b701ea94cc32f44710,SJ113,2025-10-26 11:37:36.952,2025,10,October,CONFIRMED,True,False,False,14B,56d5c7476d10e16412dd57f2a6e0c1be1067f48d4b502f9a6ba39e110fa30d92,A********d,3b73c5a7aeb8d42ed56e0c20d286db42f8e11bcf316d7d6d90374678f33abd3b
B1806,7f7a4a05ac7584dc445b403e3f3476be43426f7f0889117eb963af5f8bb1d4c5,AI117,2025-08-02 11:37:36.952,2025,8,August,CANCELLED,False,True,False,17A,b6e51833d26c78a53bb09873a7edda69d8a2039f6507341a66251cceb8507474,S*********a,0a913fca7855ab7e7cef3b389734efbdc3f9c0e0dadafa47365f96819148ae45
B1807,1da5ced675158aae1330e1b276fb9f70b0e2d9ca7441caf3321cabac534484ba,6F185,2025-06-28 11:37:36.952,2025,6,June,CANCELLED,False,True,False,12C,e37166d7121c8d90f38e15c5d648e97f2423389910b4e31391a53eeaaad549a2,B*****************n,3a3635b67981f059eb065f71512c20327aa960877be5177e588472d68bfa82be
B1808,0179073eea13ca752a402c44f3c114d2f7d66509a2002d8ceaa4c35a155f86aa,AI194,2026-01-26 11:37:36.952,2026,1,January,PENDING,False,False,True,3B,24f75f7198e41855863afbee5d7465be7050a2bcec2413b7b425d5bfd08c7355,R******s,2d1981f41e1dfbff9015521470c2b1a1b0e4d683eda91731493153b6ca0e1227
B1809,69439960bbccf2a6815cbefbc75c9ef207538300e4957acf44d36871752a1f41,UK045,2026-04-09 11:37:36.952,2026,4,April,PENDING,False,False,True,13B,4568afa34a4cb48fdc7ec77f9022dbc77e8db95c1ab3c337e0d302ee780a24b7,K***********h,d2fd2c122dba9e1ba2acb57008b5d36a244bb0b8437a1507df731d661c7cf17c
B1810,a965c821df17a512bfcddb4713aabf5da605a30c3b3e016e047f14523f413b2f,6F228,2026-03-20 11:37:36.952,2026,3,March,CONFIRMED,True,False,False,34B,703372582d619254cec03f93a7f2c0ccbd7c2504a9714dec129d45a21765482b,S*******a,abd311e65eb2adcae9d9ba23ed15ef2b3ea6becf10452d240bdd60099c218630
B1811,20e09fcd1bcdf6adcace35266b8c3d44d1b16ac792d199846a07ecfb1f4d5dd1,SJ190,2026-04-04 11:37:36.952,2026,4,April,CANCELLED,False,True,False,25A,d65fda1865faf86bea04d8907bf8bd48610c6d74daf9aa08322341c35138eb23,S********l,f3e005a3d378d06274ed3f07a7bb3c212a6a13eabb30406cc8692cdfb0179d6c
B1812,ffd7386b5130f996a8724381641ace5b1cff4a853c1553378584a30f244d5d3d,AI156,2026-01-06 11:37:36.952,2026,1,January,CANCELLED,False,True,False,8A,eb85d00ee61f47fb3564718e09ca5c549282c6b366ebc3c3b4d9103eaf0f5431,E*********n,1ddf12dad50ed4c635e4ff9726a659c098be61b611f75e91898d8b227ed92ec7
B1813,448e628481ab8a8379ecc20c077dc8fe5c213bd5675ccb10c8e3ae3be06e316e,AI104,2025-04-21 11:37:36.952,2025,4,April,UNKNOWN,False,False,False,9D,5b4553e334b63a708f2ef02f87c86d2f2449422c944a5781b0861b4b073ab75b,D**********n,38a1362e449ec3b6fba50fba71e70bf4d61c8dcae7a8d4901f85467df5d89ee4
B1814,67bd11a206eac494c3ee8e3d36126c731ac5750467ea07b569f985a27e5c9729,UK033,2025-06-22 11:37:36.952,2025,6,June,CONFIRMED,True,False,False,26C,65e8422d839596f942c9cf2923fb31cee842641790c8d4e3ea3710d5d7571349,C***********r,7fff15ff80c8dc718abfb0b4c2209081a446740b9a87dfe4419f0e10de23fb73
B1815,b3e6d1ab51a6c1534788e4eb16a6c052c8bdf5dbbb9b409228f6f9687c117684,UK137,2025-05-01 11:37:36.952,2025,5,May,PENDING,False,False,True,3C,2484c5616cc9fb06c16949a02384f853845691b6b9ac16c887c8f541caeb4eac,O*********k,e64b5f3003af45fa22a58f3caaafccf5529f70a73284c4564e90fdfd24028f20
B1816,e34d7953edffb5aa7d573df25e747cf0750e426691648d08082ee9d74512c5f9,UK214,2025-06-21 11:37:36.952,2025,6,June,PENDING,False,False,True,20F,cce67ae025959daaa0c33441e12d74ab330c519a30fcca05bce886d7ea18481c,Y***********r,f6ff829c0207e05ea3579948045648a41094daac39f8a327cdd7d3a99b142955
B1817,9e2f9c24c28060dfb0d26c450d358ff0a1919faefff2cb04462ad2ef0384b5af,6F033,2025-06-07 11:37:36.952,2025,6,June,PENDING,False,False,True,28D,ed6179e2a5466ef6f12a6b58e42f42ce65cb0ee40f629a71866e3e4a7a7980f0,J*********r,30ed3b86468b436f4472ef4e663d0a2be1ab9d3be22d2a3aa6bedd1f4ec83fb0
B1818,3becf5df47bdff1dce63de3a38197a771e8c19aa38bef135b1a459eec32e1105,AI114,2025-11-07 11:37:36.952,2025,11,November,CONFIRMED,True,False,False,26B,e77286a7fc8c0918f3b11f1bcae191b56ddb149fc16ce1ca86cce608f8b6b052,L*********a,2608b64bf4d652ce4b045ca41c5135d04e0ef40f09dd5fb3f64c3f19207bd56c
B1819,120b27eb84582f377b5f050d3db3c581e073d05d4a308369ec0e71d4364d324b,AI017,2026-01-19 11:37:36.952,2026,1,January,CONFIRMED,True,False,False,21E,89253e839728ffee2e752cee367b1737c78c3c351d747362ebe526f49c2bc456,W*********l,a723c96954021ef7d5df96232b474013d8f8f69be3f000db0232474cfcec9841
B1820,e1688c6ebc004780bcad9096d26756199cbe40862ca62d8e2d77c7a2f82d0a5d,6F244,2025-12-01 11:37:36.952,2025,12,December,PENDING,False,False,True,18E,c02bc93ead6158f637fcbcc9d2144ce70812bb1ca39829eae4a6173900020523,J**********y,c94880585fd74452d9d60505b89393b47bb813dce659dca08aa9c35eab5191f5
B1821,a8424e40f58a8f17525741e7a40184f0f28afe975a639be8591ff86e6fea896f,6F160,2025-11-27 11:37:36.952,2025,11,November,PENDING,False,False,True,1C,09b389447f89b57019429810e1e088ce198adccd799bb24afb7965b182d774e8,U********l,427763b3efbb2fb40dada6124021a671a10254cba9b3f18dbf812127d358ebb9
B1822,2a83efe6c04452bc9e1eac7659666fc1e2ef8b35ba2aa9dbe5e67d44c035a4d9,6F088,2026-01-05 11:37:36.952,2026,1,January,CANCELLED,False,True,False,17D,c6659e6f9a3ce2ac3115dc3fb14ff4a84a6a4cc2b655de3284209fddf9ac3721,G************i,549adfa18b858c391827ec79de5e4f027ebb7f16a15072676906de4f5018c5ad
B1823,4a6add987cf788a4b9d925cf7495e0b62399b75355bfea4e79eeb1b51656f843,6F155,2025-11-26 11:37:36.952,2025,11,November,CANCELLED,False,True,False,19E,784d546f628723ab8cede91b1f5b4eba2c57f3c353f83f691a7c6607fd17cd6e,D*********o,d3b4dbc2d43c65d3c2a19e7aa791f17c33b218f438c1359d485f175ff70f199c
B1824,d63e39fef866b582f833b5b8f1530f88b3f009a5a2a58f85bd8084715dbe2dcb,AI095,2026-04-15 11:37:36.952,2026,4,April,PENDING,False,False,True,9B,e97d0383fe86aa5a71c3fd254e9a3288f576fc0bee8368e4eaec167a8161fd93,V**********a,3332e1b95b4e35d1d4c7381a87e8fb9f8ac418ff9f56156bb1996a46428fc0c1
B1825,39d03c4167d7676d221533e473f0d21870452dfa5c4ba1cac63e2c5696ebf8b0,6F139,2025-05-17 11:37:36.952,2025,5,May,PENDING,False,False,True,5E,0740083a652c7a97a06c3ab11e0fe7040bc071c8344bc8b42c4c90d6fc6d18a9,N********t,b7fe201aed5355899c2fe0aab6e3f9da1543c123f77aa9a2e5f2dd76cbd51aa7
B1826,9c0013f4322332d261239555dffec69c06732e935d1aee087ffda938caa7c7ab,6F101,2025-07-11 11:37:36.952,2025,7,July,CANCELLED,False,True,False,19A,4c069f6064232614bfdb5f56f69f4aa8fa6d3f963a922ba58730372999c23134,E********s,28e3f5cca0d424da300f7f8ca396f2200540a654bcab6211ab8aca6a80192052
B1827,e3645aceaf7263fa768480a43ba4286e60fa254f986bb1b251864417b42f1c9c,AI054,2025-06-23 11:37:36.952,2025,6,June,PENDING,False,False,True,20D,c47053969b849f627f55640a32d82cc9f0693392291375fdb07ce53158502ef4,E***********h,7f684b768b90804b1166ad610ec46b169d010e53bc05611f8dcbf2204c942675
B1828,d1a1bf1d8dd5ff9e5e33bd3693b9717147d2f499df1369ae6c49644bcaa6d610,SJ094,2025-05-18 11:37:36.952,2025,5,May,CANCELLED,False,True,False,25B,05e9db9f9ff03e2a2a9ec835c7a51d0b9595d2b8852881398433552022e8bfbf,S************a,6fba11a5e2bcb6d42ddc677dfc842dae753dd4442c4391a6871e0c662f59ae77
B1829,71fc9efcf34b34c06caf917fe6fa53b81133b60a7a7c7779e94702f1341eae8b,6F217,2026-01-15 11:37:36.952,2026,1,January,CANCELLED,False,True,False,4E,c5d2ffbfa44190105efb7952e53df0bfa89db4ebe2d88838dbd6eb2a0bd96b00,Z***************n,6cf777fd8aded701b019690d8fd92371313a9dfd5bd7d0f73422a8dbfb53622e
B1830,1da5ced675158aae1330e1b276fb9f70b0e2d9ca7441caf3321cabac534484ba,6F100,2026-04-15 11:37:36.952,2026,4,April,CANCELLED,False,True,False,23C,f0c2ba88726e4eb0106ed1769552ea0178774ea9d26ee5b000f02f9f36b94c21,K*********l,718045c7572412b648efbb2091617edcc8588fd0018e4b49939d3a7b6c81747e
B1831,10760f5869cb3300ef931074f9a321622460186725400f7051c238775eac7953,6F081,2026-02-05 11:37:36.952,2026,2,February,CONFIRMED,True,False,False,21C,344f7c8a5ee6580c479b9e69db5ad6b0ce3fcfc7656b04fc5d07ca44c18c6d44,K******t,77b1d77ce0f95c48aafb0da0bfefd0d9fdc725324df12de305ca53b3833b898e
B1832,7a8dbeb399925db31777ed6db9dc78ee45725d2407faffa8b8c9caf4aaf355f7,SJ156,2025-06-17 11:37:36.952,2025,6,June,CONFIRMED,True,False,False,4D,67e813b76bf33d2cd58239f3abf0784efd7a07801aa0652df8f4ff7f35b0b3b2,Y***********a,fc7c28f42f4d161a8abb4bacadc00fbe74a77ec7a939535babf94ee3452fa802
B1833,ffd7386b5130f996a8724381641ace5b1cff4a853c1553378584a30f244d5d3d,6F060,2025-06-07 11:37:36.952,2025,6,June,PENDING,False,False,True,27D,1c6fae528078b8d04499bd24209a1a204af3c9dcf7e0dfb44a2201db281dd9c3,J*******a,b8393fe569c970d440895968978107aee3df4435655cd30dabf8a184b608c298
B1834,61864ff2276be466a69ab1a9b45c546576ecb6da65cdcc0c9639a94034459d6e,UK129,2025-08-14 11:37:36.952,2025,8,August,CANCELLED,False,True,False,33E,7c0ccb54f288e13cfa4534f3269ca13348ead6fba5f00837ce8c928fa7616a9c,M**********i,c9541e411e1e763f9620b455800b4ff3e30d18fce6dbf7e46b41ce581b09e432
B1835,080a17634682e71ccff40216f33d1db23888846acac37c1bcd92906b217651d1,UK032,2026-02-07 11:37:36.952,2026,2,February,CONFIRMED,True,False,False,2E,c8af127b0eb2192ae8f3a73131db1c8db99a468f23d9cf41852cd0562fe61007,N**********n,8d8d1df63fbf4ecce9caa454556229dea8c3919e090cac9fe8db8105b74f8d4e
B1836,344b1186310b77f634c517ebc362e73d1cb88d8e5d694dc75479b5ded6baa922,AI166,2025-09-23 11:37:36.952,2025,9,September,PENDING,False,False,True,13A,82f32974bca2d4fed02d75f755a21d9b0ad46b742ede29223d7e4a085083de89,E**********r,d9dac42b29ad0aa8908a127564022ad9354fb2ba406331e73bab7baef291d018
B1837,08cb2d3a1162156fae3f8de8547a4392bc4947f04eba00d88607c9bff433f76a,SJ056,2025-10-31 11:37:36.952,2025,10,October,PENDING,False,False,True,22F,0962aea689fc9ad53d09c7ba2738d67eda7b38187e82e123922240d0437dc85f,H****************n,14fcc019acac5017ba4d2cbc99173742e045f47e8617e468903a9f1bc3b23bd3
B1838,b24576ecd2ed6403ddcd31b778d1bbb7344f6a124efad807c9397688faa70322,SJ101,2025-06-12 11:37:36.952,2025,6,June,PENDING,False,False,True,18F,377808e9942f148dec5b307b1dbce7e5e6e27c5fc3a5f6272965dcf7383b384c,B************r,e25df4b7d1d3f9e713706018e211488e27a80ac031ad7803503d9d45dc5a98b8
B1839,88f7f4237aee189269417ac81c4f97a2e3ac25262ca5a762f39b765660e4cc46,SJ065,2025-05-09 11:37:36.952,2025,5,May,PENDING,False,False,True,9C,5c66d8c55ac02fd8ec93332a65fd949da3d29e2daa61a6b993feac65106cc95e,Z**********e,a866d7de622d28bf7bf128dcac956219fdfd2be78ce79def781158bbd49c39c0
B1840,a0c25461e64548f72466c7b41f7c1ce11519b24093f5c3c8768a5d448cc49500,SJ100,2025-04-19 11:37:36.952,2025,4,April,PENDING,False,False,True,34A,6758aefbb2a1b57b92147501d34141cb9f6f64773dddad4fd7c753c7f29fb6cf,A*******s,33f1c882ca19ee1a4972f7148552ec06258d43cc2bc712d42fa0de5dd3ef464c
B1841,2300988a2e179648451303b5288c8a4e2de25daf44d18e59b0f864cb00f24f4e,UK011,2025-10-24 11:37:36.952,2025,10,October,CANCELLED,False,True,False,1E,505d5425c20f90d91f883a3622ae450e687a71ad48de2f163e5a90f8d65d2456,C**********a,e1f8292c5d98a0577ea5f698fec4d89b1c39b9eaa05ec53493471eaed6cfbc43
B1842,a41aa336bdc7df1d3bea1213766b0634d96c32553c29944da7da1b2c140dbf6f,6F062,2026-02-17 11:37:36.952,2026,2,February,PENDING,False,False,True,3B,0b5e9c32c5343b69bccd337b1204a3b59d52f1dc621b25bb56003d37e1d816e2,G***********r,1b99b37a6131bc3dd554571838427821522b002367f3608982e13e1b81ccea26
B1843,f2263e28156d59f14eeba4506859687fe65b088df07c14a0ab56af2a77f09d65,SJ176,2025-08-15 11:37:36.952,2025,8,August,CANCELLED,False,True,False,23E,3cebec895481e8b32f60008adb5dc4d794e0d6b6ee967d0684988eb4a2dd6c5b,O*****e,f07d0d8f16b2c812e1fc312d628b23ad4cfe640b37f21c806443f261c63dc4f1
B1844,61f8803a3134263d8bfec218adc0e2c08d82dee956fdd3bd3fee819009604317,6F120,2025-11-26 11:37:36.952,2025,11,November,CONFIRMED,True,False,False,3B,a5d7e81e999cd29c3d51e0c563741d6c9d9370ef32d33762c2fa97e5e3b78c7e,O*************h,4b8e2b318c5d74c1141cfe9085e5cba57ef53045ec5a4296d07ad1dd47a9ce02
B1845,9fca29bf66969aa3fdb96b272c6b766185937f5a27ffffdc97de71a222add84d,AI121,2026-03-05 11:37:36.952,2026,3,March,PENDING,False,False,True,24A,40f7815268ab7d7fda89afa9a9ef5bb077e49dc4886580a90b708fd4b2da4f44,B*******************n,a2102e290b0729fa8bef4050eab3e5c79d5f5dfa78d1588191939c3f249c3139
B1846,202a18c1cead1aefca4dd10f410a8f34d3810987db2370d290f9b59362b79bd0,UK072,2025-08-30 11:37:36.952,2025,8,August,CONFIRMED,True,False,False,34F,27c8d3755ffe5fd70acd7ea613de660ceda3ab1e5c337a5f8f8c6bcca4cac6eb,F*******h,c7f3523dbb68332da2a7eabbe07fd065a29dec62977bb10cf4754336d214df2b
B1847,d5169308ce3fd20e529e3b94cc846e5723dbadb54b0c69af7ceb2713f60c1692,AI006,2026-04-06 11:37:36.952,2026,4,April,CANCELLED,False,True,False,11B,fca14ef5201992db163bc7e53ce027457a75f9ea59e5f456c7f86a0001305afb,A*******e,2a34605b55ad64711b6ab5a551a706c1ee5c87cf83bf3240277fb047bfb6fb29
B1848,907899adc7befe7a3cf0c0e78d12864b7810bfac2e943f81733ef0096b7819b0,SJ231,2025-05-19 11:37:36.952,2025,5,May,CANCELLED,False,True,False,30D,38b3d62ea2d2db3341bf3c055050d0ea58d521bd6e3a0e3c17a89d03cfb48e6f,O*******************n,f54ab22a79f17b78ed789c6391472afb8f8a5a3b8f6c40aa7de281dde4b21e3a
B1849,b6212904303d11c84dc00f8f5c6098f40ef16b4cfe72e0e8f527f43238cbd88b,SJ129,2025-06-24 11:37:36.952,2025,6,June,UNKNOWN,False,False,False,12E,c4f43529edcaf4d8b5c2c09c58e04c69ddd3bf0a28efd9ba4327a3609cb97391,W**********n,fe25a0ab86fc6e01d10300d091ebc30c9fc808f33cd5450e634ec2bc3510dec7
B1850,63ff9a7aafe8e1502d79cbc2a0aaf193c7229e868ce267edd25e9b512881765b,6F110,2025-04-21 11:37:36.952,2025,4,April,PENDING,False,False,True,33B,86678ea921584c027e48545b56c11aa5ecd5fea456e618cddcd30c2708bd4d9d,C*****************n,ba3ebd8878172edb5c484da65141e2853f6abf876026e551d569ff0b89854caa
B1851,b80f0792f54b48b735169ad48fab43e1494809354d2a41baabde61a641586c52,6F231,2025-11-26 11:37:36.952,2025,11,November,PENDING,False,False,True,2D,8b82eab6b4545a9a6f3ce201ef0e5dde52a08e208fd5e10f400db5f7b65a54aa,Y*******i,16728b6951137e0ebc8043215642119ff21cd9aa2c1de69608a704f6631109b6
B1852,fdff1477af852fb0e86fc129c5b2510e9c5f6a722608ded739cdc6277962b28e,6F095,2025-08-09 11:37:36.952,2025,8,August,CONFIRMED,True,False,False,33E,6ad9b8fd28ffccf49264adcda3ecb143ce25f7b48adabc0ed75c102a092edb82,C***********y,20478e04170735d754b98f73b04b431f40d4d5e2cabf3424ee5aab1605b8893a
B1853,115f110efe2c65297179f84ceb6a5154ba53e08f2d9b5659b5417adaea4e61eb,UK054,2025-05-05 11:37:36.952,2025,5,May,CONFIRMED,True,False,False,18F,ed731eeabf504aa10d6d7d327a6d5be609de648cb002985abaa9040ddcc9bff3,E***********n,26905b520ad48f1ec838cfa7d7305d80c27afe3d9c07e4c6a5f23810719d710d
B1854,34cb09016abab11b69dcee3588cddc1f6bf194d04269a66a7f3d5d152f0b98d5,SJ123,2025-08-10 11:37:36.952,2025,8,August,CONFIRMED,True,False,False,29D,7f617c35090f09028d7fd7015b67c7d4a4709ec89b1cdd84daa18c87d0deabf4,N**********f,dbafabd7dfbbad59e6595e9e69e289463f96db4171cc63a40bdb66eaf51e368b
B1855,87979b85c18377fa3ee43dd3364f334c31bb16b6c28c39aa06a0ace2b2bb137b,6F006,2026-01-04 11:37:36.952,2026,1,January,PENDING,False,False,True,3D,2b7ce9c324d52a6c5fc08bb0cfcac7f9816668ec37ddf7a7ef0883d8b7f8f6ea,O*********e,42b554e2148505b816250c56944bba838e34f7435d40441d39c9c445bda1cd7f
B1856,222944dd62e3dd9a67e7a30b4bd1e9f2df5bc2874da2fdaa2a0c9d0dc0b3c6be,UK226,2025-05-04 11:37:36.952,2025,5,May,PENDING,False,False,True,4E,73ed2bc7916b9ce95651b90bf6e6fe2b653aeeee536b7c03c50e52bf4991f4ed,U*********i,560d9235683ab093f3c71d7a68e9223557ac7599075a9c3b78a296d380d0fa4d
B1857,bb9132d26cbca0e016df03b78092d28936b000d4e484bc0e3b0a154484a240ed,AI065,2026-03-07 11:37:36.952,2026,3,March,PENDING,False,False,True,17E,1b269821155b17291f92bdd734f545935af8af2f82b4c42c875efd668db9cc8d,H***********n,951918a0268f428ff365dffb3dabd8632199ac0b69d75d4c8bd603e2aa2e9ce1
B1858,28f3c2a8d2b4e70a54c280efe2a2d76a3e7523064fd65364d23f0a86d872cee7,6F008,2025-11-25 11:37:36.952,2025,11,November,UNKNOWN,False,False,False,10B,b05d5077011bcebecc862f56e36eb5d0e0856eb5548584b618df051c19a90347,D**********r,d532a0480bf68800251d658db95361e4947633662b018d8dbfc19e0243a882f6
B1859,1912700de81700fc229f08af6a55351ca14389ea0c0b682b5d98f7e43fd18f79,AI195,2025-11-11 11:37:36.952,2025,11,November,PENDING,False,False,True,7B,73f723ba52ae0d3def30fa7a8c53b1e062c7295e54563625df4ea63cd5a39121,H************i,f3dea57a370e8546608daadd0f101621dd8053e29a983cff2442d7199c5bb58e
B1860,252b1f4fb0c859e1f5fe4dd3f39223ac31dff1968ab3d2b5930b6909e6d1777c,UK043,2025-08-01 11:37:36.952,2025,8,August,UNKNOWN,False,False,False,3A,af827a01b509e6ae6a924b8c8248cd3985d8d4d012c66a515cb38f31148661ca,K**************r,f4caddb56ef6ee647392454c36bc7786ad8ad1e3efb6e01bf86dd89b3761e47e
B1861,547d9344fb2018b3014f8911219667d36401d2e162a40cb2f7f9302c1a662630,AI125,2025-10-15 11:37:36.952,2025,10,October,CONFIRMED,True,False,False,25E,cadf4859991b0f08442c71f2f384c565ba41d42f47e6a2099121b491b131f9bd,Y************n,29cc8fc12f641dbf0682313151389c07fcb8ec40ffea4456cc4037af0e5b192c
B1862,d73e5d2c4c0077f0ccf3bc7e6444253869a547ad76e2384dbb077ab6f1f0b439,AI089,2025-10-05 11:37:36.952,2025,10,October,PENDING,False,False,True,21A,0ba639f080c17c05c618e5dff5b7ec481deb94860b1c5d9bcd4fd319fb6edaa6,E**************a,7c44b12decf8f68293ac6c6aa17aaa42356bd65b27865e73e9160b0902ff6f62
B1863,dab551ca1c235e7c6d058329449bfead01b12059fbaec69f65cd8414f170965d,UK019,2026-02-12 11:37:36.952,2026,2,February,CONFIRMED,True,False,False,22C,2c8b1e3f7745d80a59e09e896ec39f63a1452f2e803e1b07b82ea68ccd3f5f69,U********s,9cb3e5abe2fff51128c82ae10cfd94ed3640ee72e39dfe229c7acc2f414e0a50
B1864,013d99516c3b5284e05ed24e98fead9f9c3fc2ccc5886314c7ff6b72aa3a2482,UK078,2025-09-27 11:37:36.952,2025,9,September,CANCELLED,False,True,False,22C,9a98890c43ab6d738ba30badad60d43096ad8b32afeb38e1ee6902b5352d6937,A************a,4b6f0acd26d62289fed24e0af6bfc34f7000887c7631c23a0b2dfd9f7fe06144
B1865,e0ba46c9a9df42b0b95915cf67847271e0c1452452258c8ba5a3f37c7bc2a982,SJ009,2025-07-28 11:37:36.952,2025,7,July,CANCELLED,False,True,False,15E,a20234a1879c3ba2a996acbfbe358ab884213bb023dcf78a63076012dc87e306,Y**********l,a9ea51c022d9655704939e30c5b3c14f13b97e663aa7843b8b091ecf058697c9
B1866,977c3154ed97450c76e731cfa64c1b4071ddd7001d11e16f6425026abd815d64,UK178,2026-01-28 11:37:36.952,2026,1,January,CONFIRMED,True,False,False,7A,ee7a801ac64c206dabd8579ff009fe2a9e990d3c698b16569372474fe2984461,G*********i,b811d105a4f7ab67b29c2851a244dc2e150510bfa5038374191e10ad184822cc
B1867,6db11620a17d5f39a6f4f347ad59e54eab82425e10237ae79bae9fc7f0c73224,UK018,2025-11-23 11:37:36.952,2025,11,November,CONFIRMED,True,False,False,13D,e1185cbe1d9a066e6c2e0b935e9ceed0f6bd08569ce6001414a074215e8ededf,B**************n,12d4d3585b3b9a5d2fa957c417270b04330b9132015107721350fc83fe67874f
B1868,b946ce82312468e724eab57f3262a23b6c9132c8e6e30713a8848f6e7ba5688f,SJ059,2026-04-10 11:37:36.952,2026,4,April,CANCELLED,False,True,False,29E,5c8f3466e8ea9194db8744fbccacfa8711c17d627bcd9723497fc7864ae74401,O**********i,32ec3f97f1e247890aee74a5c4eb0f42379268d02435123aeab9af84996e839c
B1869,40c119ce6fc328a5c7c2fd0a572c20e08caaeb8003f3659b6a371d8a062fefb9,UK108,2026-02-04 11:37:36.952,2026,2,February,CONFIRMED,True,False,False,19C,bda456f6e93a598740fb7b630dc7636793ac21f202d3dbd2287b936b351b0852,N**************g,71f69ad8179b8128de1e9389f7706d71fe7c84bb6121e28154caa6e74d9f6ad4
B1870,79bfd5dc59b585de98a96bc123673a45df114171ea2f649f20cdb96008c54d3e,6F045,2025-04-25 11:37:36.952,2025,4,April,CANCELLED,False,True,False,5D,6e6bfc99c9c06272fd6378ecc1b4af1e8ab8b57a5524bb6248ecaf46876a77dc,D**********a,ef019c04da8b9c8912d48f5a4f9f87799053f210740b92127c31a21b57814260
B1871,4f0fcf7fa9722f71c9e589360f458c2e186b3827dc766e79c6d467e5614e4fe8,AI144,2025-10-04 11:37:36.952,2025,10,October,CANCELLED,False,True,False,23E,8f2d93a86434f0def24ea2a06c76636e0bbc41de6fe1a88c2143d7afa22f93b7,N************a,8d8bd05e72d65402e80d2aae431995fc4bb28feda50a6b73da3e2af545d34178
B1872,ad3bdf275e916fdac402d01898ca3a3c574ac15d01c763ad5c76f9a772a79c2f,AI244,2025-07-09 11:37:36.952,2025,7,July,PENDING,False,False,True,26E,ac7314a3b694827e2f648d18570799cba02ddfc3700b602fee0bb90411f10e97,Y**********l,16e9b19ad7d6b573b225213644d353e227da66e1e1096622b7952078a9285d65
B1873,844bcfc3767694bbbc1892893b5dfe528b050cc8a7fb5cc5533ae56387edd1ca,6F265,2025-04-25 11:37:36.952,2025,4,April,CONFIRMED,True,False,False,11B,78407459f2eae92cf3544db8bd6c6fc917fcebcd234c1e9099c8f17516842dce,W*********r,b6ee612d89b33f82de55802b331f7d51cff9a6d8c196d581e770800fe135f3ea
B1874,2426b0a2227ebf71df01c02358fbe2e0c013c32dd2ed3111ac01227c7df8acd6,6F108,2026-01-26 11:37:36.952,2026,1,January,CONFIRMED,True,False,False,16E,33264ded1e73cec888d060fb2951bf3209a08f1826cf0059a2f1756eaaea7233,W***********j,11c3f5dc512e6c49176a5a3aed0e5e94cf8404909af8a326e361032c7a338c7d
B1875,4106a53da67785e5d50e3c3b7495c032f8b5ea65429f48c6ac715ffb1db71025,6F069,2025-06-17 11:37:36.952,2025,6,June,PENDING,False,False,True,17D,7f34b31b8a74481bf12da0beaccb126ddb2985bb71709ab94dabb4c0851618e2,G**************y,b01a8d3e3d67b99b2e8cf3875189032af1703875db7c1ffee3b33c75a512fc7f
B1876,d75a676921b0b5ba379cbf71c9d5375969007807daae094e5449add02f6f5e55,6F072,2025-06-14 11:37:36.952,2025,6,June,CANCELLED,False,True,False,18F,d46918b121864fe1d6475b1b7b41c0a5e2870bd2bce4258cc20fc79b41377638,Y**************r,e2e3dc5edb8a737d323692de13d9f55522e397cb512cf3fc0c9e35d93f17f349
B1877,7eaf1e6c1630f0c8a2856d98642aa558e04431b37f75a59a998747e5f9e8496c,6F096,2025-11-09 11:37:36.952,2025,11,November,CONFIRMED,True,False,False,33F,bf9a2e549016485b25ef1f546187d1350218216a92cda5d73d26c5a64cf5f96c,W**********e,fc9dc155cc553fc2eb3de96885c01a474549d72ab003360bd86b2e1699144bcb
B1878,2e06fe05d97653f378e15a1f549233d5975eeffe396e222055ed3921fa4a9de9,SJ233,2025-12-31 11:37:36.952,2025,12,December,PENDING,False,False,True,31D,3a0d7f7bf9b7fd49d1254c7ffa7a8ca8285af77e35f123cb3d4eeb1090ef8d1d,I******a,9b2d6f73d0e05bc256065e2cf9a3a2042bf8a8955b5da0810d0275f747a245a2
B1879,611287edff2d9e602fc6312c5850f6c8c7f4718408f7c4e4adbda51ff8cefd15,AI203,2025-12-03 11:37:36.952,2025,12,December,PENDING,False,False,True,9E,e336afc8c867ecf662d9676b57a53700875ecb00670b7236efe2204a46de346f,C*************a,3224a313575fd38b391af4033570625c23b8b05043aff2e153ff53444d62bd03
B1880,83c85f81da982d4c9ed3c2fcc836cdf2659cfb58f416a0ba429b205847099db5,UK147,2026-03-08 11:37:36.952,2026,3,March,CONFIRMED,True,False,False,2E,f733bf22e57fdd068c0819c6abfbab3538c9b83e40e0486990711f0b25e064ac,W***********l,b6c7ba37d44477c8f8a865dd8575ba8317ff4a063da2ba0f3b984c6855437d3a
B1881,8a476547d4cf963e230232a65adb7a9aa6ed589ac5f4438a7f13da335fe22741,UK039,2025-08-26 11:37:36.952,2025,8,August,PENDING,False,False,True,8E,d531397d9fe9a36a3cb9b9d3b56ce64abd6bc0151dc94f7cbfce2d5cb559eaca,B***********v,1dab2436476cccc9f6276589087c83ef3bc46011609e818359ac59a406d8a9df
B1882,e258099877a0dfa862dd5ceb6874fed7650bfd2c8be2a10fe73abf73296ec40c,6F216,2025-10-17 11:37:36.952,2025,10,October,CANCELLED,False,True,False,18B,f0c17e6da411e7eb81e177e067248b7817ce7303bf6eb2839dbb16ac1b4408b7,A*************i,bb9523f6be3eaf0fc3989c49b10e22043202de108dfe163ad031e4146900fdb4
B1883,431bbc9bb28a7a5e0bf25020314c9e2c077bcec5d4488d3ac5565978cd0a75fe,AI214,2025-11-17 11:37:36.952,2025,11,November,PENDING,False,False,True,5B,dc092e5edf81fcf5f21a9a13af148522047904a8516e244bb95fc8fb11d688a5,R***********i,66df153ecf35c39305d5a9330c24e20d907de6dad0b9a6d16923901d1134c7f1
B1884,a5d7ccdbaa33ef6ad8ff6cdca600e6bb1ab3186089c6286d1695f87fd374721f,UK025,2025-08-31 11:37:36.952,2025,8,August,CANCELLED,False,True,False,31D,973ea6687da71a9d2244d1d762f7f5262e8ebd380c5d7b7fa9b0a1475985318c,A*********u,baa88a877f02fa4897b0f3ddc2037932ee4c7fa847a2e6fc4d30490e17e2e812
B1885,68817845c7bde67edec29d198d21c1460e32dcbede85fd085f7ba7a632b75af2,UK053,2025-08-10 11:37:36.952,2025,8,August,CANCELLED,False,True,False,11B,66ecf7c3c34fc56dd0fe5a6681798f2b7c24150761ceeb25c37cbb3e8c507703,N******u,c629e9d66a3b2ea096ed90297561e1ae2ff5c6e6b5ec4c33a04a744d50569bdd
B1886,0c2667ac3ad287d572e2898ace23dff926bf2ae1f6c450ede0c679b75f2572b9,6F130,2026-02-12 11:37:36.952,2026,2,February,UNKNOWN,False,False,False,9D,28348146ccf5c99964be8b53234eedf2a7b16fae16ccaf708bf98135a2a8fe99,C**************n,d41c82d7d85211a6c57e9d65b70054ebc3cf9e4b0905fcd3460dbe911e29a300
B1887,44f4c40b2d4180be174e74764b2fa93a31e9acf2f95cffd3d99e341557a6e008,6F247,2026-03-09 11:37:36.952,2026,3,March,PENDING,False,False,True,23F,a54ee7925788a1c30e4925ef22e3b1a9f84e4aea85f4a997369f215b8b039489,C**********r,2c1801883182ae30da4b84bd7cd7f8e972580e98b2492143567b03203cb9bcb1
B1888,29b50a0cf1005354bee43ac4169f609fce2718c926a49545f42418af74a1306a,6F159,2025-12-25 11:37:36.952,2025,12,December,CANCELLED,False,True,False,25C,e554f9bfa63b49d1f535b40af1abc4290d353ccb3315e69c4875a4f99a127f9f,J*********i,1632c497f23b568d27b78de90bbcada144f21f9917a217a05f48ee257de918d5
B1889,0b40c4ed7240e82b9daeb1d3d1dfec63f961836cb323b1a80f47700b744efddb,UK086,2026-02-24 11:37:36.952,2026,2,February,CANCELLED,False,True,False,22C,f06a372de876e39ea3164ce26084361443445fad66167e692936e7eb07f85257,E********u,d1815d4804cebc982fb5f736255aa274a66b293198c68d850f7a7acb4933fae0
B1890,6d64c5db9320443a09f781a2448e89f34f0981a8a62009bf634605c5eed2f85c,6F102,2025-08-30 11:37:36.952,2025,8,August,PENDING,False,False,True,12E,e2d2253611ec2328f01eac75c8b5d4af8584da56e137d35a89c4e74b2d3c5dd4,Y*************i,36cb7fdba290c4a014f7d7f0ab2f92b7d41eece76abae27b11028457996b9c0a
B1891,6c969592dda6775eb2d96d83f8e2d8e54a67096e4e750447f35de345c8b4d564,UK186,2026-01-26 11:37:36.952,2026,1,January,CANCELLED,False,True,False,18D,97bdea92636d5c1aeb0b23123b3f173b513dab40a934994e337246684fa47581,A******i,7d22609d636f2add4989e9632df6d23603468d9bcbd24352086590e47d695038
B1892,6a1360631684f8735cc5a63873b23ab71c24661d7c84247e8b2ea7b7a659a79c,6F032,2025-08-24 11:37:36.952,2025,8,August,PENDING,False,False,True,17F,c80b48758f08213c9f7b9be3bd957fe1d5eca34bbeb6e8bfe5bd2e584176408e,K**************e,4fcfe6dd973e5d742afe63ef5406b507da9dd1a6fe3091d7d85d2416191c79ff
B1893,5a9ab6e12ec4e942348d18b895371cf4040979263f639ba05335af4e3c09d3fd,6F186,2025-08-02 11:37:36.952,2025,8,August,CONFIRMED,True,False,False,19A,dce988fc36c97786f0fc3b069228618eb2420b0965db97906f37ac93fc1a3dba,M***********h,415da5ac161147d162bad959128b0582c86f60040de6cea6c9f1c45299cf2b45
B1894,7da056615e9de44036a97bc53ef4dae7905297542ca3ba538d600ce7e4d2ac6b,6F106,2026-02-24 11:37:36.952,2026,2,February,CANCELLED,False,True,False,4F,89f338cd7fc52c23e84a27fddf1c233389587c06e516f993a6033154c72ae091,H************u,0655b3e90dff134bb5a898569557d974382bc5fac8c97ea6af208a5db06454ef
B1895,6a8e25c32bd2561ffe6615c57c1cbc6735a28a34dcfb3a21c1e230f679cb9aaf,AI021,2025-10-05 11:37:36.952,2025,10,October,CANCELLED,False,True,False,14E,3b5d797dc6c17d09db569f2242a00fca8e5d34b25e335a1665f323fbb328caa8,M**********c,ad8c69c3e1c86f0823a5a0ea39552c12389c8395ed477247266cffc71e1dfac6
B1896,63ac4a24e48cfe89f1218e7981373d1f1de2eac52e71435d035341619ce8ab8d,AI157,2025-11-30 11:37:36.952,2025,11,November,PENDING,False,False,True,11F,57f1fcd062d63a5d12f7874f05ea90ad23813c191d2f2ab614e51557cf02a60e,Y**************i,708c9becca6afe4f39560ecebc0980599fa98530b20f1a9b5dfb6398f2777c9f
B1897,bc503e7c17113af4a5b4cf79fc6fb04e45dd046dd453e96f390000269063a205,6F054,2025-11-01 11:37:36.952,2025,11,November,PENDING,False,False,True,26F,59a836c80d8c90a4cd29c0d93202e9a7d6c187043c01b566cfba8a85edddf695,X********a,8c694dbee6650a98d8bd9ff7b0882679b1adbe7da05d5c6615f79d74ab99ca8b
B1898,8e26350544cae3f0f70ce8db62951546a2e8e09af01719b2917ac5c05e1798cc,AI187,2025-10-03 11:37:36.952,2025,10,October,PENDING,False,False,True,10D,f7d1380547c9d577e69eb8a7d1edb50d6973bcaa4535ae98f18e802b0a151d9e,C*************d,491260252ef13f3c81183a5d34431181599d140a94cbc825add08bc64d83623c
B1899,80bcebf41c4bf5f4674440fa55601c0d61d8d8d07e65ebf851a5d01d7ed599ae,SJ124,2025-09-28 11:37:36.952,2025,9,September,PENDING,False,False,True,4B,e36862a918bfca92278dcc483d3665d714088f018b189fe916893724eafd1d98,L********h,72447b9f2dada6bc9e38259a996d0ebb86bc9e6b2640bfefffdf9d2c25ba0950
B1900,89fef259b03bd24a0b841cd92ec8accc906ac07ab48804c073e5facfc880bcc5,SJ223,2025-10-06 11:37:36.952,2025,10,October,CANCELLED,False,True,False,11C,5bad9f4cf190e7d61a742438f82d2b7759f8584caed15c7103d75ab6b32b6d3b,U***************n,3620bbc5e18b80f3da776199b4cefc62c23f794ee455831ef01267c5c47e085d
B1901,4501ed1c58dd1fd2e579358f8d11c8862f6f538680eb712ec38db5827d52e883,UK103,2025-04-25 11:37:36.952,2025,4,April,CONFIRMED,True,False,False,21A,d4225f77ec76d7c60efce2e0eb6d461d37d327536a519919395faef3dd2ce074,T***********t,f3aaf14bee308270ad31195d78505a5b05b21103a623441a00c35f861235a336
B1902,a2e1a6df1b20d75758869362fdcd51f72b40da14a5f7f80910562c4e736e9993,SJ157,2026-02-08 11:37:36.952,2026,2,February,CONFIRMED,True,False,False,14F,1decbd29cfbe2544f50a6070121d96dbb55f881b2b4b7a1e9bcc8aae2f08bb11,Y********y,2b9e175f4ae993d517f4bb67ab14eac0160cc82a29096628154e00a95ac4a410
B1903,680933683d5650204f499668478e9ceed7b994ffc70329e2e7e8993996f3cbdc,6F242,2025-11-06 11:37:36.952,2025,11,November,CONFIRMED,True,False,False,9B,36d8ef2746e29dab52bf55c36173580d8bb10664e96e98729b3649b8c1401126,F*********r,9522aa2bc0013e0de566275e1e8f8fb9a4bb0a68ebeea982e05bf9c8b5abc530
B1904,c6609517bbe9e32d4ba09050c18bbfe68e64408d4c2c416d53f11e60c14374f8,UK213,2025-07-01 11:37:36.952,2025,7,July,CONFIRMED,True,False,False,8B,40b1d023f363963c390ef67140adc12ce53e5038567bd953a8ab5aa1610625cc,N****************y,6b6c4f86425e1bcc3a3a2cf2fd7bd76c3ac6779a3e1a8e0121cbd3853e085b16
B1905,72097e858425a287cb6a182758abb1f765a4f22ee53503cc2271728328ffd2b9,SJ120,2026-02-13 11:37:36.952,2026,2,February,PENDING,False,False,True,24B,207c5dfb1d81736ef00dc4bc3e321bd8cc7a54a516bf30ea11db2c1b13cc3235,C************r,62f0ee4e40d7dd41a569e0410d11845b2ccd2b97f18a25f5b204babd08668f55
B1906,2be53f37298895795632144e52510d368f55e0345c1caa035315f419bb8c795f,AI035,2025-08-11 11:37:36.952,2025,8,August,CANCELLED,False,True,False,22B,8737dfca2fe6c8d5a5d070b0a16e7e86fd385774e03ba79d603cebed3cfe3b8f,Y**************y,9d2d59c18bd6b5e341c76178e7161f480d5fae5f5f2e51674a5dfce6446362b6
B1907,06cf5fba4db048c6700c1058a21ce384bf0093a18e77441744df25a610cba230,6F147,2026-01-14 11:37:36.952,2026,1,January,CANCELLED,False,True,False,1B,4b432f17b1d3823095a26a8f2d2aa31fa1084c6f25ef951eadedcddbb286a7c5,V************y,5ba3f7c2eda7e0082fa5ad40dfe8c8af088470826aa4017396ba08a8c493e921
B1908,2dc43d859714a78e509c0d7143436d2f896de5518e1837c78151c59ccd78bcf1,SJ229,2025-08-09 11:37:36.952,2025,8,August,CANCELLED,False,True,False,23B,8dcf010d1dd8b21d6807588366a216a71d2be91bb625a3b81bae0b6011c150dd,V*************l,2f38144707e1fc3b03d6c24c7f81abef290a9c8f5c42c719ee97fb3acf410c61
B1909,2bb472f799372f4d0f11780096f1b1c58d98d65d1f611d7d7e881bd650f76a1e,AI230,2025-11-14 11:37:36.952,2025,11,November,PENDING,False,False,True,31B,4f16c5f08f75eb483866cb2bb9554d0d45b2fc50a558250cdf1217aeebb73980,J**********a,debb9df0aa24c382f89f4bcd313874ef01c78551218b38459f2ac3bddc86decf
B1910,b3b2bddc4a1da01906c583ec44330f267849113c6afe3d26e04eafb43be7bbba,UK162,2025-06-10 11:37:36.952,2025,6,June,CANCELLED,False,True,False,5C,3c1e2f0fc3d3e5c3dacc196badc9c7b3a59e66dcd2bc7af43c6dc0f11dcdb80e,I*********a,b52ca7344d7a84bd0806476ec2c9f4317179f8651a22f4e3bc54a139ec719819
B1911,31992dce7e9c9433e21177f4b93370fbe1796e7ac7ccc3e608ea5e32af4c2512,AI066,2025-05-29 11:37:36.952,2025,5,May,PENDING,False,False,True,27C,e266325a3fbbbd69e3f36ec300857d03a5aca171ff36982a0028309f98f2788c,D*********a,683efbda2180510779ad1e89a4c3aa5ec4b04f72a514ebfeb08f9821312465f8
B1912,914fd328b6838ba3379c85bfac895fc6f0440b603b55ed4f057733c56c04d6b9,6F205,2025-09-09 11:37:36.952,2025,9,September,CANCELLED,False,True,False,19D,e151b2ebbb00d413ee6ee08609ac2cff3665f869a439a2b7e9be7805b107418e,U********a,622c569b4afcff3e21a351b6622ba92922ebd289ff51eeb06b3e761e0963eaaf
B1913,a1807f6186c536cb15f0948b636e884457174bd4c2692684959ad17b212b2efd,AI124,2025-05-24 11:37:36.952,2025,5,May,CONFIRMED,True,False,False,27B,d2182e3232c2e2891fa851f071796fe3105f6c1cf1d8adbba3e2cc8ccea9b05a,V*********l,2cb31ad76b28b11dfa31833cd48efde0367c6994d5bcda42f7f97afe6573f39d
B1914,79033b56d853693270e1b765fcd2c2250f8517228f25b69ce7432d748caae205,UK114,2025-10-19 11:37:36.952,2025,10,October,PENDING,False,False,True,20A,3d35368ba6389c44a4a75c2c68c31bd8a1254c57801c25da8ff9f6ad80ebf0e1,V**********e,c1faa2cc7e1a14e0f8c5f692a9cc1f4c09259577c18f7f7c0ea41f19d8788ae1
B1915,872c2d1f8a7597ddba7c1d468c0ba7268feb945671e8b5048128902ef9717b02,AI231,2025-06-03 11:37:36.952,2025,6,June,CANCELLED,False,True,False,18B,f2f8ab60b89747c0245612f970c2f3bd61aad47358a87c15e55de1e2b1374e03,L**********n,429a2518688f3fd1a9c4226df134368ba956af6e65f8466d0ca0415c139dd983
B1916,9e61fe0e86b4cad7a455db60ce2f8d93248386a575d692ca20e92bff7c443b4a,AI113,2025-10-30 11:37:36.952,2025,10,October,CONFIRMED,True,False,False,7D,b0838bc2349b3e1a6d3e5dd073f856532d8e78d60305e3249583345d849c063f,X**********y,013e47d59cd4831fdf27c2e7537323f4c56371bea6465a32e264fee7409a2a53
B1917,431bbc9bb28a7a5e0bf25020314c9e2c077bcec5d4488d3ac5565978cd0a75fe,UK180,2025-08-03 11:37:36.952,2025,8,August,UNKNOWN,False,False,False,27A,c629fc15abbd896a201732100ec4f57944be5dad6346603193edbab631c4fd24,I***********r,3be0f7b2195475ba3287911e32eee747124e3e9576092d97f3cc897ee4f1dc91
B1918,3f99f09b8067da26accb576db3f2755d59455a28748eeec02fdadd515a928c70,UK180,2025-10-07 11:37:36.952,2025,10,October,CONFIRMED,True,False,False,2B,1356acc909e9194b24a9ae3ae464cb0fca1de55de2ad5dea0cc412668b7df4ff,A************y,10bda53cf2bd38fdb66eaf535a28b0e9285ec440fd470267bfa4bf956d1a8487
B1919,1f68d46059da9b9a4a5c3336102586d3876540469f32e6a4145a3a2905a10279,6F080,2026-03-17 11:37:36.952,2026,3,March,PENDING,False,False,True,7C,51188cf53682052244474353c096fe5b409c265b60eacc1279844f05e3348c5d,D**********a,c4700d6a7c9b1bfceaa89594348e786e746e5fdc3489966b566138d9d1b4a43e
B1920,1ca865e5a1e1372e2cc2ceb74207227ffc8b5a70f33c3f8703ca456f0945e90e,SJ095,2025-05-11 11:37:36.952,2025,5,May,PENDING,False,False,True,14A,b311ced7623ee79c2a4e036eb15cc0bf555cfb3d2f163f66953cc75dc45d0eab,M********r,d7e25c63853711536fa1315c0f2d924d5c9e6c6e52c9fafc23caa08fb8f88369
B1921,68804d131b57c8e9ee1cf92265724a27b05a6295f7b18b2f0784c35a884bb867,SJ115,2025-04-24 11:37:36.952,2025,4,April,CANCELLED,False,True,False,21F,cf13262d5ae355fb8981183d0ef1732d0825789eb6fa858ebec60952fb423a85,S*******y,0ce6b8840ace71ea1649a333e98b6762145f33c72a77a1a03a731dd5d4ac9ca4
B1922,8785d97a49642176b602076e8b51275a505e4a6609cb0c4d13cfcea549aa83b5,AI142,2025-05-14 11:37:36.952,2025,5,May,CONFIRMED,True,False,False,7D,3c6b7e635f83b45f68ba0019fb418c4ad02f7b0efdbb6b804585487ae0ce13a9,Y***********a,d8d4ec063e76609d9667fad51aa341781409ea8014361ccd0f7013edfbb811db
B1923,d875da9e30d8c13cf9ffaf98a173908efd97998420362dbb0b645c106a87a144,UK169,2025-11-28 11:37:36.952,2025,11,November,CANCELLED,False,True,False,33F,60d169d9b1d515c0f31f465ed1088df92b75a7bf6921c1521441da53ae726911,D********i,8339ed6625d35f9ad244f990fbde5bbdfab058be777ff6565ce6fafc3ed3e572
B1924,2bb472f799372f4d0f11780096f1b1c58d98d65d1f611d7d7e881bd650f76a1e,SJ041,2025-05-04 11:37:36.952,2025,5,May,CANCELLED,False,True,False,27D,3a228e031196fcb39cb52e835eddb41133243e3b6bdc65e246d1e4548a5239ae,Z**********l,ae62021e117ce22497360104c03367e22ffc8c782dcf88a4881d01d062438e00
B1925,6dbf5c97b3972bc33cc630fd9406dd1e2957e28daf5a308f8093967137802876,UK171,2025-04-20 11:37:36.952,2025,4,April,CONFIRMED,True,False,False,7D,0fe0322e7f3fd942550f8341d2ba9976a5c5ae35a0fb9a4908c9fc3c579959ef,E**********r,6e21d3e3f4607d35c18c70e621f99b9af3431e51b19a3965a1b1a11653d88ef9
B1926,e3c878433ba57c2ca8f9d7b744b733276d9abeeb89a525718046754145e586fd,AI081,2025-11-27 11:37:36.952,2025,11,November,CANCELLED,False,True,False,18F,57d4b60c1075ce04830307f52aae8dc06b431592def85c0e5c4fb5aceee1b0df,K***********y,fab957be1cbc6080397c72654931765a3a6860f328b5177b47a71b532ea6cd6a
B1927,9dbf68e071e2c1bc37c5acc4c1e6272d719672928db5a6393249fee4ee9951b0,AI162,2026-01-28 11:37:36.952,2026,1,January,PENDING,False,False,True,27D,360e4cde1c73981c5818cbc44417f8afe02bf02caa6966e923d05fc56b5e6dc2,O**********f,f42f196413bb508bcb1dbeb8b5048c4646b03829ec77ea71852445af73ac0036
B1928,dcadd8f9dc6e69dbaf18cc7bf47beee23eb6d886188c54137af3eff804a0c35f,SJ037,2026-01-23 11:37:36.952,2026,1,January,CANCELLED,False,True,False,6F,22f7d67dfc129df114e0893d8be0fcdef54bd94b26e740813a164268ebf442d2,H*********a,73a0de99938252d770b2dc3b3bec5a0ccbfc75e0f4917cf2d2c6c58e5ad2f7ea
B1929,da15c99dc20d50e06abebbb036a7275c44ea7d078611a19e8af04cf4cbd45319,SJ037,2025-11-05 11:37:36.952,2025,11,November,CONFIRMED,True,False,False,6A,82a0755f38b853c2a0397820c2e8e748a7d3f2f4882608f0301399c324e332ba,A**********e,4a8e232afde8f748ac8c66680010b618824b703d7e8ee592da89513dc5bbde75
B1930,b502debe7f09d395199c85c9dc20b9edbc7eb055b4499ff2ea811a2cf747ddfb,UK080,2025-12-16 11:37:36.952,2025,12,December,PENDING,False,False,True,3B,479132795205a60d545ffbdc684e584123876f960e7c001323b37469ba2ab302,R**********y,14625265957da0d8529b58f152e28b5f9f8f270f7ae60186945acc506602a6ec
B1931,696200fd839848b14ea262f6d11b23f059a1f0a6d4d9a7e2ff44462bd08d35b5,SJ031,2025-09-26 11:37:36.952,2025,9,September,PENDING,False,False,True,16C,fb70900ab05e0264026042946bb44015c906573fe233d642dd9263a3376e828f,A********a,fc177f8b70e05edc7e1c77b9af492c2e354318c3a2ada0ddb983565b7de462aa
B1932,39d0aaae71bcfd7effbecccce4fc4b1af0677da8668619a85134adf6118f65f9,AI199,2025-12-28 11:37:36.952,2025,12,December,CANCELLED,False,True,False,4B,20177912a4b87913a816fe5073ba60299df6e4c88101a4ddc0bb0de952ba2b34,U**********a,472eef41be4ede8543b0394d1853df57f7ca5813b68a6738bdaad16164c4397f
B1933,69b5e68dd6e023bdce827c0154123c85c52134492db4a8d2f6017b5502cb9da6,6F082,2025-05-28 11:37:36.952,2025,5,May,CANCELLED,False,True,False,7B,538d1b80eb257af055ca01e5b46a62f3065761c986fa6fa9853b620a678bab93,B**********l,55c983a724773d794ea3ec9478cc0f0da62f6fa4b1576da8625332c7be930b5e
B1934,28f3c2a8d2b4e70a54c280efe2a2d76a3e7523064fd65364d23f0a86d872cee7,UK217,2026-04-12 11:37:36.952,2026,4,April,PENDING,False,False,True,9F,fe8da665f70f1cf9e63c874cc6e4c177314b86bc53dd6b27754acd07ca7396ef,V**********g,87c2075681a5b805816e6f19eb872f9b6bf6e1826941ab0ea28a9655656f4b26
B1935,9ab181240ed03a0587f533cac6caa7fa5ae0aacac783e8ab8d4a8728a0568ac7,UK014,2026-04-13 11:37:36.952,2026,4,April,CANCELLED,False,True,False,6C,2437d254afcc829e485d3158d3c46b5865f42df49396e241c7f2657bdb007a36,V**********a,e3b2d9f6f50ab69e003e8db26c9eb45d566f865b081e79d6564b02a3e5f0f298
B1936,6e3bf1fbe8842e4fb711056e506f5e69467892c32e545a3e4929ec473b3eb207,SJ180,2026-01-11 11:37:36.952,2026,1,January,CONFIRMED,True,False,False,14D,055ef86c67a7545e5462821ea3fff7b2215b0e94ea6df58822177a8874f44981,A*********i,1bd9123df01fb5f126a13094eaa7844fc36ee4454adf11724c18f6ecde3edca6
B1937,83c85f81da982d4c9ed3c2fcc836cdf2659cfb58f416a0ba429b205847099db5,6F268,2026-02-19 11:37:36.952,2026,2,February,CANCELLED,False,True,False,16E,e86a0d4b95087ef9ff2c55adc58db9195fdba5b20d0684ad4e3f105b9b52c7a0,J*************n,718fcde9d7f1837ebcd6ba8c4a6de1965557a359d3ec136626712d82cd792098
B1938,66ff10bdebab942a3691e4b67ccf38b283d06a7e95740612404d27f022adc272,UK205,2026-04-07 11:37:36.952,2026,4,April,CANCELLED,False,True,False,19B,1b76c24e008d12dec15f623e1ae8908c59cc28d3a846a6c78f1054d0c32e0a3c,M*******i,83f4485de4b0715eeff520b7f4315cf3549439416a23c7b0561c5e5bfa135821
B1939,3690dd88fd47d82ecc15b98b3a6543e9b3b99ea9e554806446dabf33557a288d,SJ212,2025-07-22 11:37:36.952,2025,7,July,PENDING,False,False,True,22B,a1ceb7db9a8f4d37f2d0d06d9889b758b552af377527083d00ab64704af34f03,M***********n,0d3b08e33aed3c103fd7a5f487e7f1291a733b5bae3dba50ed115d3c9fb92434
B1940,7f99da50ad19a494319bdc53c673ce72e1234ad854bd1169498fae6d6e9fcacd,UK052,2025-06-25 11:37:36.952,2025,6,June,CANCELLED,False,True,False,17C,3dfe21b4717b273160e2ed0a859525fc0e946e3141f3a469c31f238336fcb019,B**********i,29f05d8cf9a928cd75e66c8f5e4f2511f0352d1ab3b94850cad18721a123570d
B1941,86d87cbac905451cd1cf943b93648d0f6b147644f646a978feb82bf0245d63b5,UK230,2025-06-13 11:37:36.952,2025,6,June,CANCELLED,False,True,False,19D,297150fdc26a5809499a6f8f3a566b54890a441ab45ce52f760a066f8705419c,F********l,d9164beac77042f378e3d010bd42d142e91002d4c9aa10f9a03f29bb32b93e84
B1942,6ec4e1e528492a65f2ea39d1af0eea8bb76ad5957e63b496e148edb2a37093cc,AI145,2025-07-18 11:37:36.952,2025,7,July,CANCELLED,False,True,False,23D,52c23117d0b6483f68891ad16809fa2425d6600c4b1402b23fedc2f0899bf746,R********a,c645bf63f1b6669bf551a35fbb0a2beacb28588d975044c12ce6cd80ccc42750
B1943,7b3d44d6828e3b78308e415c43238352b0b6f56ef167c891dc1c9bb0aa38c364,SJ035,2026-03-13 11:37:36.952,2026,3,March,CONFIRMED,True,False,False,7E,2afc19eb30e33dfbb415b9d2d13e46bd169b1d437a59d2047d8c6e563a493a0f,V**********a,585ecaa6b56c48038b69dd0a698a874b88e5d37825c872696e7bf78aa7a8c43c
B1944,a23a32c91af035e12834819b51c2781e7adb28126771f5db1c654d22f68fb8bd,SJ184,2025-07-20 11:37:36.952,2025,7,July,CANCELLED,False,True,False,10B,0503ddbdc7954fc90f237dcceeba2e2b11793f11b81532dc71c758c2614a7dea,S**************n,26b7a9f447817ffd7c07406e9027bdfaafceb53fb1d1a5c3ee37d1170b377317
B1945,ead35841a79fee2737d8873b15d094d44e54d831f202fb3ddc4fa84ae3ebb6ad,6F207,2025-11-03 11:37:36.952,2025,11,November,CONFIRMED,True,False,False,24A,102be45dae9fa99573c9335ff2c5cd17f08f9889d522936e5f3a8708bd50a244,A*********r,f92f1e58cdec1a7930e4baa1505cc5e8d5b72a43bc54491d61787d4e9f3238a7
B1946,360aedd4c530685d1e43c10ce4c08b4b058c3d72906b4d4ddc621c898663fb49,UK144,2026-03-30 11:37:36.952,2026,3,March,CONFIRMED,True,False,False,15A,9831fdc174faf57f891613747c613ee153595ff24600447cd1f4b5d255464891,L**********a,c6ddf65f875e38dd6fbae92a03453fca0cb359ce776b1182b9ae715f6712d7a1
B1947,f15c5a7ae439f4d0d814a0da0ed58a95284bc4359467ecfbb10bcd62e48d1e17,AI126,2025-10-22 11:37:36.952,2025,10,October,CONFIRMED,True,False,False,1A,8f8a317db0cdc0d183958349917aa7a953ad8073e8544e900adbc68edbbc728e,W************e,bbc67235fc23b4cf4e3b8f0f5d42c82e272cbefd716345f1a1748a3d89580ce6
B1948,b53cd664d3caa7d3461db14d746ee0bac972b79bc4dafeabb23ab761cbc4dccb,SJ145,2025-05-19 11:37:36.952,2025,5,May,CONFIRMED,True,False,False,10A,89e8c4f2714c9d00fcd15d35f409a7e3bc050a0d2fb9deda448778b8d1e26184,C************i,6086c2a3f824ed55b55260aedeedb13ee2eecf539ed92474df8c077bd76d3acb
B1949,faec6ca7abdf3539a15d61953d677a4cc40aeadae245e68d78d68225b5c5127e,6F040,2025-05-16 11:37:36.952,2025,5,May,PENDING,False,False,True,15B,78da5f3f104150a22d1bc3fe0248e0b2382e6718a94c4937455d5cbe59090c77,U*********l,320a11b7e689c2cb7d80145ef390d7fd2aa9ee4862047c6510d6671e3c88cf85
B1950,31992dce7e9c9433e21177f4b93370fbe1796e7ac7ccc3e608ea5e32af4c2512,UK049,2025-06-15 11:37:36.952,2025,6,June,CONFIRMED,True,False,False,21B,59abd1abe2875e045d6c7c4caa930e3b3779acc9c8316b6a09b529c9b932ad71,C**************y,e3f0e0f0fe9fbea94db5533e6a072c0c845e85de94cf11de44b5fdbc33bc4ddb
B1951,f0dc16ef2ccee2c0811edee2f0c602b0376a7e022cd5e8e7e422a6f3a12862ce,UK049,2026-03-18 11:37:36.952,2026,3,March,CANCELLED,False,True,False,3F,220ac90c194efac7748272fa109833ad402eb36862d397ca84dbf76c15b013c0,O*************n,eee1d0d902672f8f4d5496eb910ebf9d9b1d4a03ce3c094761789f17446c2ff9
B1952,588df506ea4da5834e6f14e61a648232d728e8fdf5576a3d7c78f590ecee346e,AI087,2025-10-18 11:37:36.952,2025,10,October,CONFIRMED,True,False,False,2C,dfcf5f4a11d157bbb3b62d5016c7150f7183911f83415b09c63851486f3e6da1,U***********y,44cbe408edb44fd2fa2694a083e8f36a52011cb5886661c3a1ba1523d0708441
B1953,cbe07980b1f4550e71361c041c8f378a123c61cebc1758c6e1b80a2e268275a5,AI152,2025-05-24 11:37:36.952,2025,5,May,CANCELLED,False,True,False,19A,542539dfa11714e5af4aa490fe1d918aa53daa48f15c7ece5f0dc6d82662071d,L*************a,5020f42754d0ae777750a1ab117dff50c7ec3742b092d1e0a70ee7143dba8b01
B1954,8a16a7c19a04da5413ff22e9804a9a32b319fdc0212f9c9998e3f7080d1a6237,SJ240,2025-11-06 11:37:36.952,2025,11,November,CONFIRMED,True,False,False,2A,d9121ffdc34b6a37be6babbd0e2f6f7e81dc926db1893f9715d0cb257289bab8,N*******y,56d38739545b9e6413d74734967d19aaf2c44a1e532c0f47f4e65ad186fb13e8
B1955,e71aecf5c85c1563c0d170ad78b68833121b0e9212d6e36fc3c6c20e63dfbb7d,AI212,2025-09-14 11:37:36.952,2025,9,September,PENDING,False,False,True,22B,ba06ccf0d09d344f244d9cc3d1104fcab10049db08b06503c5a90229db961afa,V***********d,8a6f6c15369c14b8209294cb9a1d5e635199ba7a93439f1b0ee38673926003d7
B1956,d86941865dd04287dc46753709a6c0e929d3a9239a2d9b325840e3799b238186,AI064,2025-09-21 11:37:36.952,2025,9,September,CONFIRMED,True,False,False,3B,7ef6d89813183832c02dc38467cd2b12346bb6bf2645281386a08371ab166baa,R*******i,d7c910c00488a726537deb56d8893e43eba9abba1b15fa6053431a96e2d63945
B1957,075f6dd5d6befe2ed58ab07f2ce22efa55b8c935c798f1589f004e1576553551,6F093,2025-06-07 11:37:36.952,2025,6,June,CONFIRMED,True,False,False,32E,67ccf72774c4e47ab2d137cc961ce17c7321ad79a1d7eb34f9d0bee3141bf931,E**********l,2cbf2a3492c368f748a4e1a82d1166ada106711118b75847a84c56a56da50c70
B1958,11bfb207a6af40b89d6f9fea27b5195675e39b3e90275c4269ae478ae5a32711,AI118,2025-04-28 11:37:36.952,2025,4,April,PENDING,False,False,True,29C,6d2015fd32402b94b1285f6623bc22112c9f504da35f26aa3fe78a26044b5dd6,D****************y,640e7d75eff87d550e1f1bb2d3f7a7d86adcb7c90669af21595bf6a02135933d
B1959,c6b1aec37b36e779f2f918cbe3af9762d4d771d5fdfe40728db86930c250bca8,AI172,2025-12-19 11:37:36.952,2025,12,December,CONFIRMED,True,False,False,23D,9b80358e64c8add365e8d0e3b93250692c5b687a8c0379655ed2dfd92cbfed15,V*************r,aba6ea9e6fe67f9f4ad1e9eae67a6615b1389613b5e8b7be6e62342c6f0a9357
B1960,c6a585d0daae307ac216d4febb8665d87f55a5e48b317045c1722955ad85e9fd,6F183,2026-01-30 11:37:36.952,2026,1,January,CANCELLED,False,True,False,27E,5c1d55a69680fffc5b600082e20954092f0c60dc3aae79fa3cc160f6a1b90715,B***********l,3ec801b4e5a6986b04634e29c18bff8b8b5b18283c72dba42fbd893be3d7c266
B1961,43ed3ef0874d6ee44b32b0f1e731d476502d43b7c5ee43f753207e3498887963,6F200,2025-07-15 11:37:36.952,2025,7,July,CONFIRMED,True,False,False,28A,f24fcefc260522e9ee464d689ebe30483ef692ed9836c24777900b2f90ab4161,O*********a,85fc4383c5513d7c51ba5bbf775a0bc892659b6f69c458a4d6c956aefcd4dd28
B1962,20e09fcd1bcdf6adcace35266b8c3d44d1b16ac792d199846a07ecfb1f4d5dd1,SJ077,2025-12-23 11:37:36.952,2025,12,December,CONFIRMED,True,False,False,18C,273f61215919d166819d198d03f6ff8d2b72dbb29d86fd77913845441e03ba3b,B*****************n,cfab9265ccbc8ba327994a30aadfe922892c1c5628dee96eeef5d1ee1fadc525
B1963,da15c99dc20d50e06abebbb036a7275c44ea7d078611a19e8af04cf4cbd45319,UK030,2026-02-24 11:37:36.952,2026,2,February,CONFIRMED,True,False,False,27F,e534e29c631809787204cfdab72a4740a7ecf0c3824e73da6331d104a272b6b9,W**********l,a5bd84693c4090da0ae627d6fe5a2a0f5f43bb42091f6547e09924924b94fa5c
B1964,34c9340fb7652ca435fdff9038ab148519b671b18baf1b2135edabfe3c3990ef,SJ232,2025-05-21 11:37:36.952,2025,5,May,PENDING,False,False,True,18B,4c216ec64082c9f91467f4702a713013feb8a793be3063275556efca824871ae,B**********d,bc137c2090a69e44de87fdce154524d7ff884d39ec75f22e690cd10e3c1e37b4
B1965,8249f45e7acc37f4632d0a259fbec44a4ed875f9ba9f655e0c57b224d001a1f9,6F090,2026-01-29 11:37:36.952,2026,1,January,CONFIRMED,True,False,False,20D,e88c91c4ce8e371f6a954d60d8aed9e90ca37ec0e8704bc718dff7a95ffa4015,A**********a,b69cf614fe6c7a25476a262ce2fcf3c60d27a5a2e181672b5abeb8e8341ae5b9
B1966,028cb64631392a377977c87bedcb83b08efa3795ef7252615e60dd9e8b72102e,UK002,2025-11-06 11:37:36.952,2025,11,November,CONFIRMED,True,False,False,12B,bd4984f9dc2c410aa5528163f84e75be39617c53ea3953dd61d812c13de557fa,H************k,a69e4409512503e0380b8a4c96193e85f8dca4169fc54b202afff654312c3591
B1967,b6699f1f75b07aaa96b7f6f1ef1d6d58c2b00d2f311d23df9be2942ca0335ae7,AI154,2025-07-03 11:37:36.952,2025,7,July,CANCELLED,False,True,False,22C,30e4570111fa8ea9c78a76ed0c2cfc08f70a0c771c2f837e8a7df90eec7b03b3,B*********a,c498616f802d1f494d7dacc68025781aed3c1df1c480a3f797d984ff25e9ed6d
B1968,badbc8cd2f0a1abb3798a7e4bfe25aeb01f21bc0469d012e92ad7a53f4909490,6F089,2025-10-11 11:37:36.952,2025,10,October,CONFIRMED,True,False,False,2D,cf181aa9ccdcae847f6d5cecb47a70ef7c6d298fe45471153ac4f10999114809,W***********i,9ecc4ee497e2301ae17a5bc95b629532eb6d0a06280781e91202831bdaf870ff
B1969,ec0811c1674ac79813b0b65c9f9a11f245207d0976e55485d92910094e644390,6F218,2026-04-08 11:37:36.952,2026,4,April,CONFIRMED,True,False,False,29A,93bc7d27d08ae6c357739bfc29a9d85d9147669fba02662b238d22745ce20955,Y**********u,bc383407f2a1d81257a280e4cb6bca3117c8e29b268fbc937d34f23e4ac5b48d
B1970,704f2f60253518efc14299ff656eb4988280160e8ddf10b534a049233fcfa873,6F241,2025-11-26 11:37:36.952,2025,11,November,CONFIRMED,True,False,False,12B,62b0624b65cd64bf38a52d3f015128be7b43372cb27523d3587a216a4fb50c32,A*********s,f4d2072ab4f73585f9cec6ef2c20d5071dc6b430574a76089d7f2bec8bee6a79
B1971,e0c4ae7c95c83413b3810dd2b7255fcbf8bf407eef7a1b01f21fc01e0d1b73e1,6F116,2025-08-20 11:37:36.952,2025,8,August,CONFIRMED,True,False,False,2B,eb79ca72c0e56dec5149270e6e033d6bde3036441ca3dfe82197f6514a1f15a6,I**************n,7a270bcb53515ac58e4453b6826d9f523cba54ad222aa04d16361ca80be8e365
B1972,7eaf1e6c1630f0c8a2856d98642aa558e04431b37f75a59a998747e5f9e8496c,UK199,2025-04-18 11:37:36.952,2025,4,April,CANCELLED,False,True,False,19B,173b7db0219f7e81207ad13b1e3dbc780550f6390e8ddfa9a5c0ada56bc2107a,N**************r,bd8d43094c65fe2349ea2c131559726ac9dc0ed44ea56cc720f3ab1de86b096d
B1973,907899adc7befe7a3cf0c0e78d12864b7810bfac2e943f81733ef0096b7819b0,SJ033,2025-04-28 11:37:36.952,2025,4,April,CANCELLED,False,True,False,8C,2a46c5fa309a225ff26b5a2b4e4eda47b54b24c79bd4b1484d521bfd1c9198fd,A***********l,8d95677ce5671a7e1f6e75f4029978564f6e3b57d3533d92a08af742788f3cd0
B1974,e851077501cff6e3779cda283f08b1ff8ce02b3d044258a6f250445dff32101b,AI210,2025-08-03 11:37:36.952,2025,8,August,PENDING,False,False,True,15B,8df86f378cb27b0171891d4137d22d26ef61eaf24600a76401de73ec7b39781b,A*************h,803a5c40faed9485028d7da59dbc62baa036a4f62daf13efc59bed66b4f012cd
B1975,72097e858425a287cb6a182758abb1f765a4f22ee53503cc2271728328ffd2b9,UK148,2025-08-26 11:37:36.952,2025,8,August,UNKNOWN,False,False,False,20E,5f50e40ff96a0fd0a636d2db27f2d2cc82fa84a62c3dc46b57874414eec4a583,C***********s,399187dcd93416a9e5f7ff5fe3ec7b34f1f06a5b3fc3bb5168b8ba5048e6f3b5
B1976,7f7a4a05ac7584dc445b403e3f3476be43426f7f0889117eb963af5f8bb1d4c5,AI229,2025-08-27 11:37:36.952,2025,8,August,PENDING,False,False,True,16F,2c9c3a92cbf98579435772a078d4eea34c49abac973561b5b22c2c6467a66a18,P********i,d10a43081c3dea8bc9851dc6947c8423d7e68e5a8dde569e4060229f58433d07
B1977,90b4e732ed7b857b631db1628f6d3aacca64e3954d38a803da76f97f588eaec2,UK005,2026-01-01 11:37:36.952,2026,1,January,PENDING,False,False,True,4A,c1c31fa9ed3bb84e838e0cc4bb1c6a2da220679fb5cfdcedf76bf8ec715619f3,P**********a,a467314ef73d65bc5280216f097ebdf87c7a04a2ff252d4f507172551ba256fe
B1978,d871d6c1b0f4950d7432ed3b0be98732dd480e982ae01be6db6934de4e5f7012,SJ080,2025-12-07 11:37:36.952,2025,12,December,CONFIRMED,True,False,False,12C,6990aa0ac8d60e401e153aa10b2017477140d0821b249853702bc75efbfa439b,F**********a,a677c3f0d85f1c1ef3f5d48787fbb8c4996b4fecb9b192b315461a9ea390a3a9
B1979,ddabb59a9826ea31b1ce182b4b327e1e5be2fcb5627388dbe0084a381530843a,SJ092,2025-12-02 11:37:36.952,2025,12,December,CANCELLED,False,True,False,1F,167f29c93a0c680ec95df9a925d32a0a37663f3ff225870ae27cba11511986b4,N**************n,f4507cb07f36083623087412a24460ed8e594b5db7c694d57b02e92df347992e
B1980,cd5edf67052a03de5a25e4737de41990014e3d5225e431755c3604ee897399a1,SJ055,2025-12-04 11:37:36.952,2025,12,December,CANCELLED,False,True,False,15A,642656fead84ca6ed76c1963158cb9872391b055d5578882712e69113f235f4b,Q*******y,a642001779ce9c3658e3234f12438fe69399fb4ad0465e41a31b955234909c85
B1981,0211dba0308362d09d12cce5048bc85a2ef253da3e6168f427992abe6729bcef,AI239,2025-05-17 11:37:36.952,2025,5,May,CONFIRMED,True,False,False,19D,194c1ff334ec6b7cdddbff3b3f5e8b7bf899e22f894224f4730c2d821a45ef05,V*********k,fedbff7152c5d69c97bf5e861cbafd16b2d4bfe4d10fb4fcf75f65fcf7ea8aed
B1982,906ea2a505d51fd41a2b2f02d9dfc962d3831101cd8232792ccfed55ec6303da,6F162,2025-06-17 11:37:36.952,2025,6,June,UNKNOWN,False,False,False,7A,da2d4df4666b2a20176e78cb5e867d4681bfa112ee2ee47f0dfe2a03920172f2,Y**********a,b19359e1774bfbc9e64412368c4f1423001182291efe964926d02f3576934caa
B1983,9a57d7ee1548ab67caf8771c78d3e18274a374f4171abf9c1204676920d8051c,UK101,2025-06-28 11:37:36.952,2025,6,June,UNKNOWN,False,False,False,27A,b1ec26b79390538bd526ce8ab693f396ff548005ddfb2ab244e9911159061ec2,A**************l,e122a5aed28b3034e98b2632e6ece601956df2200685b8c90637c9129fa51254
B1984,2b02232c958f1607f52bcb9a52298be186b284426ff53a827413c26508d082ca,6F198,2025-04-25 11:37:36.952,2025,4,April,CONFIRMED,True,False,False,27F,9addb84ab4e74bf110979f242e8804f7c2370f56c1d74c6697b434d4b5a74cf8,W*************n,1b8be8e41c6150ba3db2d533b2973710a7fcd263c0c6d1d78e31d368b97dc4c3
B1985,7ae0a3e744a2bd37750d3b84ed95f70b570eb5c4367f6454611d81e778484d33,6F239,2025-09-28 11:37:36.952,2025,9,September,CONFIRMED,True,False,False,31F,b7bca1f547c035740cf2f1e80020451db493ac3d749b5f198c5c32671bd00012,A***********n,a48fe80c0bbd612ad0142e260962943d9490c8817d5442671c806b143a7c75a7
B1986,479494608e848a1d5d0d63f7eca2960cb719fa53a73d3843775867fd73e68570,SJ177,2025-10-07 11:37:36.952,2025,10,October,CONFIRMED,True,False,False,13F,eccdbbde392ac5992d9c9a587ee50fd4fe6d1e44c57c014af81201cde61aae9c,C**********e,28c392ec583a7fa40915ed6ebd1595b5044175bbd9ef4667ee9e3ee537398ba6
B1987,739aa8b2a541b46e473efc1cbf3aca0a7c136e4a102c437bec6d2a1b70486e84,6F044,2026-03-12 11:37:36.952,2026,3,March,CANCELLED,False,True,False,19F,3a75e0b82eaab0a0f596cb2e77fe808887c6bfdca89fcd72da07dcd6e005c25c,A**********a,99965d8e3b204d6fb0357d4a4a60de5e93423725d93c0a2180016aa7a638c4a1
B1988,8f17adbeae4fc7c3ee6893ebd6558cfd4943303f3c27ddd33e31e307de8a659e,6F248,2026-02-17 11:37:36.952,2026,2,February,PENDING,False,False,True,13A,b2abdbadf4cb0ea2601978a4524286c2632d23120e4c492bbfde5e4323cf61c3,W*************a,bc6fd6ecdee7463310eb4e3541602e48f0e1c312d093588c5baa25340cf489af
B1989,c78855de749f50c7f98e978b2cfdd41aa62ab578f4c1a64e282225ec59b10bc2,6F002,2025-12-10 11:37:36.952,2025,12,December,UNKNOWN,False,False,False,16F,bf47153d90dacf5f3154de862799c2e9eef96c24c26cbaf4f75ce8e21eb46c3e,J**********f,b6cc974ac3b3f8391656d32087d284ce291377feeafa2dca5720dca3ee830e16
B1990,c1a316f03b3ae5a203bbe1db1b8f5b4dbac55098aca918d8902272408387712a,SJ197,2026-03-31 11:37:36.952,2026,3,March,CONFIRMED,True,False,False,14B,2fb692e2db98726674fec92f835426b7a11d4d753f34f5e6df1e2d7b2141aab6,D************a,1724b88632f36319e8f456965f0747a4031be067aec7765e5a88035e2a73a76d
B1991,f0316f28ef6214df53c678ecde337e63f431b074b6cbf48b8fc4df3a0b16bef7,UK091,2026-01-14 11:37:36.952,2026,1,January,CANCELLED,False,True,False,22E,4aa73e23192d35b7f2e0d05b7651956098eb0fcf636a3d9a8d77893fa25e22d0,N***********r,e00e65bf43d09a6e54f0746a57429addf3c8b09806d2811adea4dc921f6ad267
B1992,21b69c3f33f23bff6682534eb2985655efef5b8d811c12b3598bd7c5078c22e6,6F215,2025-04-25 11:37:36.952,2025,4,April,CONFIRMED,True,False,False,25C,3bd00e59fdc2d052fb3bb47cf3af3d3f73814b0eafde9a02e2aae99237f2ab07,D*********l,667e2cc075d62532227a5e0548b8fabddfec448983a4d43a01f6bcada9a90ce2
B1993,a04db1b85ec66df8d551e8c37b9b69bc4e1ff6bc91c7992d9d371ebf4f5d58c4,AI093,2026-03-11 11:37:36.952,2026,3,March,CANCELLED,False,True,False,5B,183ca99088a1487cfafc0cecde8b36dd324aa249957f90f65129687c37834f20,C*************i,a0df85de247cdef670ee969b28c59180b9b3e7a307ad156be1272b58d68f1bec
B1994,c46369250fdd0d074e41fd163d88486f7b572e67f60fd4acb0d243cbe7bf1e0f,UK090,2026-03-31 11:37:36.952,2026,3,March,CONFIRMED,True,False,False,21D,a173e965992f81ff13474086fab1e5d3f8e04eafbc0672557d0f76c631490280,T***********a,78e73e6b4ad210450d152f2680f14b0b28b989f9aed247cb1c6ea1073594986f
B1995,a7885c0bc0f34d98302ce80a22db1f2e36eece420268def71da508cb274e2f65,SJ005,2025-11-20 11:37:36.952,2025,11,November,CANCELLED,False,True,False,11C,5025eb66e890523a21dedac55104398ab026181500ed376c5fb84c48276cff05,K***********r,7f5a4cab688ed8aa88cdb805feeac7b0bab18b091eac9619ca1899dd18e2c817
B1996,ce67dbcfa56c14cf28b1fa6f7aa2fd32ec5afdd38c0115d7968aacde47d34093,UK106,2025-08-08 11:37:36.952,2025,8,August,CANCELLED,False,True,False,27E,65c0e8317e379a5227bd3e56f893e0f9443e6024e59ae36fcb4ead0d62cd4aee,M*********a,aa3daa0ade2e9177ec13dd70f6b737fe7771541c1b83560818a62bf6a58333ee
B1997,5c67efc01eb595f27aba409d16d77d677572da560aa9687a3dd588f0763782dd,6F223,2025-05-03 11:37:36.952,2025,5,May,PENDING,False,False,True,27B,9c2be330bc8f2b18931a79bc103805548df4750881e5afb01e428e0d94814344,K**********r,31afba534514013c2d4a3201992d1f908b3fff8b3a65b3c4dda1e5d297fc6ecd
B1998,3d2940729fbff8538a600d72d32500444e43f8339fa9e7c8d33d7a7d1f4eb42a,6F011,2025-10-23 11:37:36.952,2025,10,October,CONFIRMED,True,False,False,14C,f260e8c9632372f928de90c846fca8dd3fcb42bca9915456d4041841dea211ab,U************i,e59be1b6698d502d3c4d09c6184f5eecdc0c063f72e8b8899c4039d468dfbdb6
B1999,109ca04420be7bd482269ed2ae4255dcd71241c4ba0ccae0fec8c698ff0eb2ae,UK124,2025-08-08 11:37:36.952,2025,8,August,UNKNOWN,False,False,False,12B,ae872528e8dc647fe29a6b39d3a2d91f0bb60465c05da5a65a18bab5ad01e142,T********a,1f25d6c7916a33a5a230268580e41f61a490b276789cdc4e8ce082498d3f6d5f
